sport,model,market,sub,key,game,date,book,odds,dec,stake,result,pnl_flat,pnl_kelly,open_fair,p_close,clv_prob,clv_pct,edge,reconstructed
CFB,CFB,Spread,Favorite,cfb|401858225|spreads|Pittsburgh||betPARX,cfb|401858225,2026-09-17,betPARX,-108,1.92593,2.2065,W,0.925926,2.04306,0.49422,0.501214,0.00699435,0.0141523,0.19474,True
CFB,CFB,Team Total,Under,cfb|401858225|team_totals|Under|Syracuse|FanDuel,cfb|401858225,2026-09-17,FanDuel,-122,1.81967,1.8077,W,0.819672,1.48172,0.520462,0.526069,0.0056071,0.0107733,0.232658,True
CFB,CFB,Total,Under,cfb|401858225|totals|Under||LowVig.ag,cfb|401858225,2026-09-17,LowVig.ag,-108,1.92593,1.2629,W,0.925926,1.16935,0.5,0.517912,0.0179122,0.0358244,0.11638,True
CFB,CFB,Spread,Favorite,cfb|401856811|spreads|Texas Tech||LowVig.ag,cfb|401856811,2026-09-18,LowVig.ag,-101,1.9901,1.8298,L,-1,-1.8298,0.488053,0.512615,0.0245621,0.0503267,0.160087,True
CFB,CFB,Team Total,Under,cfb|401856811|team_totals|Under|Houston|FanDuel,cfb|401856811,2026-09-18,FanDuel,-115,1.86957,1.0277,L,-1,-1.0277,0.504543,0.511361,0.00681742,0.0135121,0.149837,True
CFB,CFB,Spread,Underdog,cfb|401858226|spreads|Wake Forest||Hard Rock Bet,cfb|401858226,2026-09-18,Hard Rock Bet,-110,1.90909,1.8442,W,0.909091,1.67655,0.5,0.536787,0.0367873,0.0735747,0.16432,True
CFB,CFB,Team Total,Under,cfb|401858226|team_totals|Under|Miami|FanDuel,cfb|401858226,2026-09-18,FanDuel,100,2,1.1675,W,1,1.1675,0.468353,0.468353,0,0,0.177587,True
CFB,CFB,Total,Under,cfb|401858226|totals|Under||Caesars,cfb|401858226,2026-09-18,Caesars,-110,1.90909,1.3402,W,0.909091,1.21836,0.5,0.488396,-0.0116045,-0.0232089,0.12592,True
CFB,CFB,Team Total,Over,cfb|401856685|team_totals|Over|Florida State|FanDuel,cfb|401856685,2026-09-19,FanDuel,-102,1.98039,0.6051,W,0.980392,0.593235,0.473931,0.495457,0.0215256,0.0454192,0.105909,True
CFB,CFB,Spread,Underdog,cfb|401856686|spreads|Arkansas||LowVig.ag,cfb|401856686,2026-09-19,LowVig.ag,-101,1.9901,2.9446,L,-1,-2.9446,0.488053,0.513282,0.0252293,0.0516938,0.248827,True
CFB,CFB,Team Total,Over,cfb|401856686|team_totals|Over|Arkansas|FanDuel,cfb|401856686,2026-09-19,FanDuel,-130,1.76923,1.8282,W,0.769231,1.40631,0.536142,0.495877,-0.0402656,-0.0751024,0.227798,True
CFB,CFB,Team Total,Under,cfb|401856686|team_totals|Under|Georgia|FanDuel,cfb|401856686,2026-09-19,FanDuel,-111,1.9009,0.5222,L,-1,-0.5222,0.495457,0.468082,-0.027375,-0.0552521,0.092483,True
CFB,CFB,Total,Over,cfb|401856686|totals|Over||betPARX,cfb|401856686,2026-09-19,betPARX,-108,1.92593,0.8662,W,0.925926,0.802037,0.49422,0.503468,0.0092483,0.0187129,0.09164,True
CFB,CFB,Team Total,Under,cfb|401856687|team_totals|Under|Florida|FanDuel,cfb|401856687,2026-09-19,FanDuel,-118,1.84746,0.9759,L,-1,-0.9759,0.511361,0.526069,0.0147082,0.0287628,0.141839,True
CFB,CFB,Total,Under,cfb|401856687|totals|Under||Pinnacle,cfb|401856687,2026-09-19,Pinnacle,100,2,1.8952,L,-1,-1.8952,0.477855,0.486792,0.00893699,0.0187023,0.173765,True
CFB,CFB,Moneyline,Underdog,cfb|401856688|h2h|Ole Miss||BetOnline.ag,cfb|401856688,2026-09-19,BetOnline.ag,135,2.35,2.1795,W,1.35,2.94233,0.407392,0.416017,0.0086255,0.0211725,0.331148,True
CFB,CFB,Team Total,Over,cfb|401856688|team_totals|Over|Ole Miss|FanDuel,cfb|401856688,2026-09-19,FanDuel,-108,1.92593,1.0803,W,0.925926,1.00028,0.488639,0.495457,0.00681742,0.0139518,0.160441,True
CFB,CFB,Team Total,Under,cfb|401856688|team_totals|Under|LSU|FanDuel,cfb|401856688,2026-09-19,FanDuel,-102,1.98039,1.8897,W,0.980392,1.85265,0.473931,0.473931,0,0,0.264889,True
CFB,CFB,Spread,Underdog,cfb|401856689|spreads|Troy||BetRivers,cfb|401856689,2026-09-19,BetRivers,-113,1.88496,1.8963,W,0.884956,1.67814,0.503443,0.516056,0.0126125,0.0250524,0.169517,True
CFB,CFB,Team Total,Under,cfb|401856689|team_totals|Under|Missouri|FanDuel,cfb|401856689,2026-09-19,FanDuel,102,2.02,1.0258,W,1.02,1.04632,0.463858,0.499696,0.0358386,0.0772621,0.160682,True
CFB,CFB,Total,Under,cfb|401856689|totals|Under||betPARX,cfb|401856689,2026-09-19,betPARX,-108,1.92593,1.075,W,0.925926,0.99537,0.49422,0.503468,0.0092483,0.0187129,0.1077,True
CFB,CFB,Spread,Underdog,cfb|401856690|spreads|New Mexico||DraftKings,cfb|401856690,2026-09-19,DraftKings,-108,1.92593,2.3536,W,0.925926,2.17926,0.495359,0.529846,0.0344871,0.0696203,0.204921,True
CFB,CFB,Team Total,Over,cfb|401856690|team_totals|Over|New Mexico|FanDuel,cfb|401856690,2026-09-19,FanDuel,-113,1.88496,0.7285,L,-1,-0.7285,0.5,0.568114,0.0681137,0.136227,0.11602,True
CFB,CFB,Team Total,Under,cfb|401856690|team_totals|Under|Oklahoma|FanDuel,cfb|401856690,2026-09-19,FanDuel,-120,1.83333,1.1342,W,0.833333,0.945167,0.515909,0.510407,-0.00550192,-0.0106645,0.158431,True
CFB,CFB,Total,Under,cfb|401856690|totals|Under||betPARX,cfb|401856690,2026-09-19,betPARX,-108,1.92593,0.9798,W,0.925926,0.907222,0.49422,0.560697,0.0664777,0.134511,0.10038,True
CFB,CFB,Team Total,Under,cfb|401856691|team_totals|Under|Mississippi State|FanDuel,cfb|401856691,2026-09-19,FanDuel,-104,1.96154,1.2834,L,-1,-1.2834,0.479538,0.474883,-0.00465522,-0.00970772,0.187542,True
CFB,CFB,Team Total,Under,cfb|401856691|team_totals|Under|South Carolina|FanDuel,cfb|401856691,2026-09-19,FanDuel,-115,1.86957,0.7237,L,-1,-0.7237,0.504543,0.556773,0.0522301,0.10352,0.114497,True
CFB,CFB,Total,Under,cfb|401856691|totals|Under||Bovada,cfb|401856691,2026-09-19,Bovada,-105,1.95238,2.282,L,-1,-2.282,0.488396,0.501604,0.0132084,0.0270444,0.201904,True
CFB,CFB,Spread,Underdog,cfb|401856692|spreads|Kennesaw State||DraftKings,cfb|401856692,2026-09-19,DraftKings,-108,1.92593,1.8537,W,0.925926,1.71639,0.495359,0.504641,0.00928132,0.0187365,0.166461,True
CFB,CFB,Team Total,Over,cfb|401856692|team_totals|Over|Kennesaw State|FanDuel,cfb|401856692,2026-09-19,FanDuel,-113,1.88496,1.034,L,-1,-1.034,0.5,0.572586,0.0725862,0.145172,0.15188,True
CFB,CFB,Team Total,Under,cfb|401856692|team_totals|Under|Tennessee|FanDuel,cfb|401856692,2026-09-19,FanDuel,-122,1.81967,0.5642,W,0.819672,0.462459,0.520462,0.520462,0,0,0.092618,True
CFB,CFB,Spread,Underdog,cfb|401856693|spreads|UTSA||Hard Rock Bet,cfb|401856693,2026-09-19,Hard Rock Bet,-105,1.95238,2.7914,W,0.952381,2.65848,0.488396,0.5,0.0116045,0.0237604,0.241664,True
CFB,CFB,Team Total,Over,cfb|401856693|team_totals|Over|UTSA|FanDuel,cfb|401856693,2026-09-19,FanDuel,-113,1.88496,0.683,L,-1,-0.683,0.5,0.540549,0.0405489,0.0810978,0.11068,True
CFB,CFB,Team Total,Under,cfb|401856693|team_totals|Under|Texas|FanDuel,cfb|401856693,2026-09-19,FanDuel,-115,1.86957,1.5194,W,0.869565,1.32122,0.504543,0.504543,0,0,0.207017,True
CFB,CFB,Total,Under,cfb|401856693|totals|Under||BetMGM,cfb|401856693,2026-09-19,BetMGM,-112,1.89286,1.1803,W,0.892857,1.05384,0.50821,0.49179,-0.0164203,-0.0323101,0.10917,True
CFB,CFB,Spread,Favorite,cfb|401856694|spreads|Texas A&M||FanDuel,cfb|401856694,2026-09-19,FanDuel,-110,1.90909,2.0658,L,-1,-2.0658,0.5,0.5,0,0,0.1812,True
CFB,CFB,Team Total,Under,cfb|401856694|team_totals|Under|Kentucky|FanDuel,cfb|401856694,2026-09-19,FanDuel,-113,1.88496,1.2528,L,-1,-1.2528,0.5,0.515909,0.0159091,0.0318181,0.17756,True
CFB,CFB,Spread,Favorite,cfb|401856695|spreads|Vanderbilt||LowVig.ag,cfb|401856695,2026-09-19,LowVig.ag,102,2.02,0.9963,W,1.02,1.01623,0.480925,0.500792,0.0198674,0.0413108,0.094615,True
CFB,CFB,Team Total,Over,cfb|401856695|team_totals|Over|Vanderbilt|FanDuel,cfb|401856695,2026-09-19,FanDuel,-118,1.84746,1.0682,W,0.847458,0.905254,0.511361,0.495185,-0.0161757,-0.0316326,0.152419,True
CFB,CFB,Total,Over,cfb|401856695|totals|Over||DraftKings,cfb|401856695,2026-09-19,DraftKings,-105,1.95238,1.9658,W,0.952381,1.87219,0.488396,0.478232,-0.010164,-0.020811,0.177224,True
CFB,CFB,Spread,Underdog,cfb|401856792|spreads|Tulane||Pinnacle,cfb|401856792,2026-09-19,Pinnacle,-108,1.92593,1.1896,W,0.925926,1.10148,0.5,0.507167,0.00716701,0.014334,0.11074,True
CFB,CFB,Team Total,Under,cfb|401856792|team_totals|Under|Kansas State|FanDuel,cfb|401856792,2026-09-19,FanDuel,-106,1.9434,0.5006,W,0.943396,0.472264,0.484091,0.479538,-0.00455262,-0.00940448,0.091229,True
CFB,CFB,Team Total,Over,cfb|401856793|team_totals|Over|Northern Illinois|FanDuel,cfb|401856793,2026-09-19,FanDuel,124,2.24,1.1273,W,1.24,1.39785,0.412884,0.545838,0.132954,0.322014,0.189556,True
CFB,CFB,Team Total,Under,cfb|401856793|team_totals|Under|Arizona|FanDuel,cfb|401856793,2026-09-19,FanDuel,-104,1.96154,1.9507,L,-1,-1.9507,0.479538,0.484091,0.00455262,0.00949376,0.269322,True
CFB,CFB,Total,Under,cfb|401856793|totals|Under||FanDuel,cfb|401856793,2026-09-19,FanDuel,-105,1.95238,1.5642,L,-1,-1.5642,0.488396,0.490717,0.00232185,0.00475405,0.145884,True
CFB,CFB,Team Total,Under,cfb|401856796|team_totals|Under|Colorado|FanDuel,cfb|401856796,2026-09-19,FanDuel,-113,1.88496,0.668,W,0.884956,0.59115,0.5,0.531918,0.0319182,0.0638365,0.10892,True
CFB,CFB,Team Total,Over,cfb|401856797|team_totals|Over|Miami (OH)|FanDuel,cfb|401856797,2026-09-19,FanDuel,-130,1.76923,0.9767,W,0.769231,0.751308,0.536142,0.540549,0.00440656,0.00821901,0.135238,True
CFB,CFB,Total,Over,cfb|401856797|totals|Over||LowVig.ag,cfb|401856797,2026-09-19,LowVig.ag,-108,1.92593,1.5206,W,0.925926,1.40796,0.5,0.500303,0.000303315,0.00060663,0.1362,True
CFB,CFB,Team Total,Over,cfb|401856801|team_totals|Over|Utah State|FanDuel,cfb|401856801,2026-09-19,FanDuel,-130,1.76923,0.5853,L,-1,-0.5853,0.536142,0.485322,-0.0508201,-0.0947885,0.092698,True
CFB,CFB,Total,Over,cfb|401856801|totals|Over||theScore Bet,cfb|401856801,2026-09-19,theScore Bet,-105,1.95238,1.4284,L,-1,-1.4284,0.488396,0.473599,-0.0147963,-0.0302957,0.135284,True
CFB,CFB,Team Total,Under,cfb|401856802|team_totals|Under|Virginia|FanDuel,cfb|401856802,2026-09-19,FanDuel,-115,1.86957,1.0758,W,0.869565,0.935478,0.504543,0.556773,0.0522301,0.10352,0.155437,True
CFB,CFB,Team Total,Under,cfb|401856802|team_totals|Under|West Virginia|FanDuel,cfb|401856802,2026-09-19,FanDuel,-122,1.81967,1.1277,L,-1,-1.1277,0.520462,0.552369,0.0319077,0.0613065,0.156078,True
CFB,CFB,Total,Under,cfb|401856802|totals|Under||betPARX,cfb|401856802,2026-09-19,betPARX,-110,1.90909,2.5929,L,-1,-2.5929,0.5,0.552686,0.0526859,0.105372,0.22136,True
CFB,CFB,Spread,Favorite,cfb|401858229|spreads|Clemson||LowVig.ag,cfb|401858229,2026-09-19,LowVig.ag,-101,1.9901,1.5765,W,0.990099,1.56089,0.488053,0.4985,0.010447,0.0214055,0.139927,True
CFB,CFB,Team Total,Under,cfb|401858229|team_totals|Under|North Carolina|FanDuel,cfb|401858229,2026-09-19,FanDuel,-118,1.84746,0.5348,W,0.847458,0.45322,0.511361,0.479538,-0.0318223,-0.0622307,0.091259,True
CFB,CFB,Team Total,Under,cfb|401858230|team_totals|Under|Louisville|FanDuel,cfb|401858230,2026-09-19,FanDuel,-111,1.9009,0.5919,L,-1,-0.5919,0.495457,0.504543,0.00908642,0.0183395,0.100743,True
CFB,CFB,Total,Under,cfb|401858230|totals|Under||Caesars,cfb|401858230,2026-09-19,Caesars,-107,1.93458,0.8884,L,-1,-0.8884,0.493039,0.54347,0.0504316,0.102287,0.092541,True
CFB,CFB,Spread,Favorite,cfb|401858231|spreads|Duke||LowVig.ag,cfb|401858231,2026-09-19,LowVig.ag,-104,1.96154,2.7506,W,0.961538,2.64481,0.495222,0.512615,0.0173924,0.0351204,0.230318,True
CFB,CFB,Team Total,Over,cfb|401858231|team_totals|Over|Duke|FanDuel,cfb|401858231,2026-09-19,FanDuel,-128,1.78125,1.3807,W,0.78125,1.07867,0.531647,0.500304,-0.0313435,-0.0589555,0.181153,True
CFB,CFB,Team Total,Under,cfb|401858231|team_totals|Under|Stanford|FanDuel,cfb|401858231,2026-09-19,FanDuel,-118,1.84746,0.5572,W,0.847458,0.472203,0.511361,0.526069,0.0147082,0.0287628,0.093819,True
CFB,CFB,Total,Over,cfb|401858231|totals|Over||BetRivers,cfb|401858231,2026-09-19,BetRivers,-114,1.87719,1.2186,L,-1,-1.2186,0.505739,0.516649,0.0109093,0.021571,0.118081,True
CFB,CFB,Moneyline,Underdog,cfb|401858232|h2h|Maryland||betPARX,cfb|401858232,2026-09-19,betPARX,128,2.28,1.4981,L,-1,-1.4981,0.413452,0.429065,0.0156128,0.037762,0.235408,True
CFB,CFB,Spread,Underdog,cfb|401858232|spreads|Maryland||theScore Bet,cfb|401858232,2026-09-19,theScore Bet,110,2.1,2.497,L,-1,-2.497,0.454597,0.5,0.0454027,0.0998746,0.230863,True
CFB,CFB,Team Total,Over,cfb|401858232|team_totals|Over|Maryland|FanDuel,cfb|401858232,2026-09-19,FanDuel,-108,1.92593,0.9436,L,-1,-0.9436,0.488639,0.504543,0.0159038,0.0325472,0.144001,True
CFB,CFB,Team Total,Under,cfb|401858232|team_totals|Under|Virginia Tech|FanDuel,cfb|401858232,2026-09-19,FanDuel,-108,1.92593,0.9998,L,-1,-0.9998,0.488639,0.520462,0.0318223,0.0651243,0.150761,True
CFB,CFB,Spread,Underdog,cfb|401858449|spreads|Western Kentucky||FanDuel,cfb|401858449,2026-09-19,FanDuel,-115,1.86957,3.1758,W,0.869565,2.76157,0.511604,0.513625,0.00202035,0.00394904,0.259616,True
CFB,CFB,Team Total,Over,cfb|401858449|team_totals|Over|Western Kentucky|FanDuel,cfb|401858449,2026-09-19,FanDuel,-148,1.67568,1.491,L,-1,-1.491,0.568911,0.540549,-0.0283619,-0.049853,0.178169,True
CFB,CFB,Team Total,Under,cfb|401858449|team_totals|Under|Indiana|FanDuel,cfb|401858449,2026-09-19,FanDuel,-122,1.81967,1.4019,W,0.819672,1.1491,0.520462,0.516021,-0.00444096,-0.00853274,0.186958,True
CFB,CFB,Spread,Underdog,cfb|401858450|spreads|UTEP||BetMGM,cfb|401858450,2026-09-19,BetMGM,-110,1.90909,1.6405,W,0.909091,1.49136,0.502337,0.535466,0.0331295,0.0659507,0.146463,True
CFB,CFB,Team Total,Over,cfb|401858450|team_totals|Over|UTEP|FanDuel,cfb|401858450,2026-09-19,FanDuel,-130,1.76923,2.0174,W,0.769231,1.55185,0.536142,0.576637,0.0404948,0.0755299,0.248358,True
CFB,CFB,Total,Over,cfb|401858450|totals|Over||theScore Bet,cfb|401858450,2026-09-19,theScore Bet,-110,1.90909,1.2365,W,0.909091,1.12409,0.5,0.537969,0.0379686,0.0759372,0.11802,True
CFB,CFB,Moneyline,Underdog,cfb|401858451|h2h|Akron||FanDuel,cfb|401858451,2026-09-19,FanDuel,1600,17,0.6885,L,-1,-0.6885,0.0274941,0.0311388,0.00364469,0.132563,0.193326,True
CFB,CFB,Team Total,Over,cfb|401858451|team_totals|Over|Akron|FanDuel,cfb|401858451,2026-09-19,FanDuel,-115,1.86957,1.4264,L,-1,-1.4264,0.504543,0.540967,0.0364235,0.0721911,0.196197,True
CFB,CFB,Team Total,Under,cfb|401858451|team_totals|Under|Minnesota|FanDuel,cfb|401858451,2026-09-19,FanDuel,-113,1.88496,1.8514,L,-1,-1.8514,0.5,0.583729,0.0837292,0.167458,0.24782,True
CFB,CFB,Spread,Underdog,cfb|401858454|spreads|Kent State||LowVig.ag,cfb|401858454,2026-09-19,LowVig.ag,-101,1.9901,3.0277,L,-1,-3.0277,0.488053,0.495222,0.00716968,0.0146904,0.255447,True
CFB,CFB,Spread,Underdog,cfb|401858456|spreads|Buffalo||FanDuel,cfb|401858456,2026-09-19,FanDuel,-102,1.98039,3.1942,L,-1,-3.1942,0.479247,0.5,0.0207527,0.0433027,0.278713,True
CFB,CFB,Team Total,Over,cfb|401858456|team_totals|Over|Buffalo|FanDuel,cfb|401858456,2026-09-19,FanDuel,-180,1.55556,2.8471,W,0.555556,1.58172,0.616501,0.602343,-0.0141583,-0.0229656,0.280559,True
CFB,CFB,Team Total,Under,cfb|401858456|team_totals|Under|Penn State|FanDuel,cfb|401858456,2026-09-19,FanDuel,-106,1.9434,0.9095,L,-1,-0.9095,0.484091,0.531918,0.0478273,0.0987982,0.140849,True
CFB,CFB,Total,Over,cfb|401858456|totals|Over||BetRivers,cfb|401858456,2026-09-19,BetRivers,-114,1.87719,0.9781,W,0.877193,0.857982,0.506912,0.532125,0.0252129,0.0497382,0.098928,True
CFB,CFB,Spread,Underdog,cfb|401858457|spreads|Rutgers||Hard Rock Bet,cfb|401858457,2026-09-19,Hard Rock Bet,-110,1.90909,2.6047,W,0.909091,2.36791,0.5,0.550333,0.0503328,0.100666,0.22226,True
CFB,CFB,Team Total,Over,cfb|401858457|team_totals|Over|Rutgers|FanDuel,cfb|401858457,2026-09-19,FanDuel,100,2,1.2725,W,1,1.2725,0.468353,0.484091,0.0157382,0.0336033,0.190707,True
CFB,CFB,Team Total,Under,cfb|401858457|team_totals|Under|USC|FanDuel,cfb|401858457,2026-09-19,FanDuel,-108,1.92593,0.653,L,-1,-0.653,0.488639,0.531918,0.0432789,0.0885702,0.109081,True
CFB,CFB,Team Total,Over,cfb|401858458|team_totals|Over|Purdue|FanDuel,cfb|401858458,2026-09-19,FanDuel,-108,1.92593,0.6306,W,0.925926,0.583889,0.488639,0.592614,0.103975,0.212784,0.106381,True
CFB,CFB,Moneyline,Underdog,cfb|401858460|h2h|Eastern Michigan||theScore Bet,cfb|401858460,2026-09-19,theScore Bet,1500,16,0.6152,L,-1,-0.6152,0.0257873,0.0257873,0,0,0.180893,True
CFB,CFB,Spread,Underdog,cfb|401858460|spreads|Eastern Michigan||FanDuel,cfb|401858460,2026-09-19,FanDuel,-110,1.90909,3.4221,L,-1,-3.4221,0.5,0.520584,0.0205836,0.0411673,0.28454,True
CFB,CFB,Team Total,Over,cfb|401858460|team_totals|Over|Eastern Michigan|FanDuel,cfb|401858460,2026-09-19,FanDuel,-140,1.71429,1.2653,W,0.714286,0.903786,0.555168,0.546825,-0.0083427,-0.0150273,0.159972,True
CFB,CFB,Team Total,Under,cfb|401858460|team_totals|Under|Wisconsin|FanDuel,cfb|401858460,2026-09-19,FanDuel,100,2,1.8376,L,-1,-1.8376,0.468353,0.516021,0.047668,0.101778,0.261347,True
CFB,CFB,Total,Under,cfb|401858460|totals|Under||DraftKings,cfb|401858460,2026-09-19,DraftKings,-108,1.92593,1.102,L,-1,-1.102,0.495359,0.534216,0.0388564,0.0784409,0.108641,True
CFB,CFB,Spread,Underdog,cfb|401860887|spreads|James Madison||Bovada,cfb|401860887,2026-09-19,Bovada,-105,1.95238,1.1278,W,0.952381,1.0741,0.488396,0.510624,0.0222286,0.0455136,0.111824,True
CFB,CFB,Moneyline,Underdog,cfb|401860889|h2h|North Texas||DraftKings,cfb|401860889,2026-09-19,DraftKings,130,2.3,1.3871,L,-1,-1.3871,0.411677,0.432563,0.0208869,0.0507363,0.219103,True
CFB,CFB,Spread,Underdog,cfb|401860889|spreads|North Texas||FanDuel,cfb|401860889,2026-09-19,FanDuel,100,2,2.1352,L,-1,-2.1352,0.474624,0.479247,0.00462326,0.0097409,0.196196,True
CFB,CFB,Team Total,Over,cfb|401860889|team_totals|Over|North Texas|FanDuel,cfb|401860889,2026-09-19,FanDuel,-122,1.81967,1.9984,W,0.819672,1.63803,0.520462,0.488639,-0.0318223,-0.0611425,0.254138,True
CFB,CFB,Total,Over,cfb|401860889|totals|Over||DraftKings,cfb|401860889,2026-09-19,DraftKings,-105,1.95238,2.5387,W,0.952381,2.41781,0.488396,0.468971,-0.019425,-0.039773,0.221944,True
CFB,CFB,Spread,Underdog,cfb|401861963|spreads|Southern Miss||Hard Rock Bet,cfb|401861963,2026-09-19,Hard Rock Bet,105,2.05,1.3522,L,-1,-1.3522,0.460281,0.498009,0.0377278,0.081967,0.138339,True
CFB,CFB,Team Total,Over,cfb|401861963|team_totals|Over|Southern Miss|FanDuel,cfb|401861963,2026-09-19,FanDuel,-113,1.88496,1.2094,L,-1,-1.2094,0.5,0.468082,-0.0319182,-0.0638365,0.17246,True
CFB,CFB,Total,Over,cfb|401861963|totals|Over||LowVig.ag,cfb|401861963,2026-09-19,LowVig.ag,-108,1.92593,1.57,W,0.925926,1.4537,0.5,0.5,0,0,0.14,True
CFB,CFB,Spread,Favorite,cfb|401862710|spreads|Old Dominion||BetRivers,cfb|401862710,2026-09-19,BetRivers,-113,1.88496,0.9913,L,-1,-0.9913,0.503443,0.49542,-0.00802393,-0.0159381,0.101537,True
CFB,CFB,Moneyline,Underdog,cfb|401862771|h2h|Florida International||Bovada,cfb|401862771,2026-09-19,Bovada,220,3.2,0.9126,L,-1,-0.9126,0.286943,0.349178,0.0622349,0.21689,0.182417,True
CFB,CFB,Spread,Underdog,cfb|401862771|spreads|Florida International||Hard Rock Bet,cfb|401862771,2026-09-19,Hard Rock Bet,100,2,1.3552,W,1,1.3552,0.476771,0.550333,0.0735618,0.154292,0.131649,True
CFB,CFB,Team Total,Under,cfb|401862771|team_totals|Under|Florida Atlantic|FanDuel,cfb|401862771,2026-09-19,FanDuel,-104,1.96154,0.9659,W,0.961538,0.92875,0.479538,0.526069,0.0465305,0.0970318,0.148642,True
CFB,CFB,Moneyline,Favorite,cfb|401862774|h2h|Toledo||theScore Bet,cfb|401862774,2026-09-19,theScore Bet,-195,1.51282,2.4674,W,0.512821,1.26533,0.644485,0.637908,-0.00657706,-0.0102051,0.225635,True
CFB,CFB,Spread,Favorite,cfb|401862774|spreads|Toledo||DraftKings,cfb|401862774,2026-09-19,DraftKings,-110,1.90909,3.4693,L,-1,-3.4693,0.5,0.486375,-0.0136248,-0.0272496,0.28814,True
CFB,CFB,Team Total,Over,cfb|401862774|team_totals|Over|Toledo|FanDuel,cfb|401862774,2026-09-19,FanDuel,100,2,1.0955,W,1,1.0955,0.468353,0.432154,-0.0361986,-0.0772891,0.168587,True
CFB,CFB,Team Total,Under,cfb|401862774|team_totals|Under|Temple|FanDuel,cfb|401862774,2026-09-19,FanDuel,-111,1.9009,2.0249,L,-1,-2.0249,0.495457,0.540967,0.0455099,0.0918545,0.270523,True
CFB,CFB,Spread,Favorite,cfb|401862776|spreads|Louisiana||Pinnacle,cfb|401862776,2026-09-19,Pinnacle,-102,1.98039,1.0036,L,-1,-1.0036,0.484747,0.473062,-0.0116853,-0.024106,0.099693,True
CFB,CFB,Moneyline,Underdog,cfb|401864443|h2h|Middle Tennessee||betPARX,cfb|401864443,2026-09-19,betPARX,163,2.63,1.9966,W,1.63,3.25446,0.353444,0.379673,0.0262299,0.0742124,0.336136,True
CFB,CFB,Spread,Underdog,cfb|401864443|spreads|Middle Tennessee||betPARX,cfb|401864443,2026-09-19,betPARX,-110,1.90909,3.3554,W,0.909091,3.05036,0.5,0.502304,0.00230376,0.00460753,0.27946,True
CFB,CFB,Team Total,Over,cfb|401864443|team_totals|Over|Middle Tennessee|FanDuel,cfb|401864443,2026-09-19,FanDuel,-120,1.83333,0.9172,W,0.833333,0.764333,0.515909,0.504543,-0.0113659,-0.0220307,0.133771,True
CFB,CFB,Team Total,Under,cfb|401864443|team_totals|Under|Nevada|FanDuel,cfb|401864443,2026-09-19,FanDuel,-113,1.88496,1.9496,W,0.884956,1.72531,0.5,0.515909,0.0159091,0.0318181,0.25934,True
CFB,CFB,Total,Under,cfb|401864443|totals|Under||BetMGM,cfb|401864443,2026-09-19,BetMGM,-112,1.89286,0.9797,W,0.892857,0.874732,0.50821,0.518203,0.00999279,0.0196627,0.09403,True
CFB,CFB,Spread,Favorite,cfb|401864508|spreads|Central Michigan||LowVig.ag,cfb|401864508,2026-09-19,LowVig.ag,-101,1.9901,0.9549,W,0.990099,0.945446,0.488053,0.407743,-0.0803098,-0.164551,0.090447,True
CFB,CFB,Team Total,Under,cfb|401864508|team_totals|Under|Wyoming|FanDuel,cfb|401864508,2026-09-19,FanDuel,-108,1.92593,0.8515,W,0.925926,0.788426,0.488639,0.468082,-0.0205576,-0.0420712,0.132941,True
CFB,CFB,Total,Under,cfb|401864508|totals|Under||Bovada,cfb|401864508,2026-09-19,Bovada,-105,1.95238,1.1588,W,0.952381,1.10362,0.488396,0.498396,0.0100005,0.0204763,0.114244,True
CFB,CFB,Spread,Favorite,cfb|401864574|spreads|App State||LowVig.ag,cfb|401864574,2026-09-19,LowVig.ag,-101,1.9901,1.5469,L,-1,-1.5469,0.488053,0.462206,-0.0258462,-0.0529578,0.137567,True
CFB,CFB,Team Total,Over,cfb|401864574|team_totals|Over|App State|FanDuel,cfb|401864574,2026-09-19,FanDuel,-108,1.92593,0.8297,L,-1,-0.8297,0.488639,0.511361,0.0227213,0.046499,0.130321,True
CFB,CFB,Total,Over,cfb|401864574|totals|Over||theScore Bet,cfb|401864574,2026-09-19,theScore Bet,100,2,0.9465,L,-1,-0.9465,0.476771,0.552686,0.075915,0.159227,0.098949,True
CFB,CFB,Team Total,Under,cfb|401866423|team_totals|Under|South Alabama|FanDuel,cfb|401866423,2026-09-19,FanDuel,-122,1.81967,0.6696,L,-1,-0.6696,0.520462,0.526069,0.0056071,0.0107733,0.104498,True
CFB,CFB,Total,Under,cfb|401866423|totals|Under||betPARX,cfb|401866423,2026-09-19,betPARX,-109,1.91743,1.5535,L,-1,-1.5535,0.496532,0.594517,0.097985,0.197339,0.143928,True
CFB,CFB,Moneyline,Underdog,cfb|401867804|h2h|Louisiana Tech||theScore Bet,cfb|401867804,2026-09-19,theScore Bet,800,9,0.6966,L,-1,-0.6966,0.0705463,0.0705463,0,0,0.195374,True
CFB,CFB,Spread,Underdog,cfb|401867804|spreads|Louisiana Tech||Hard Rock Bet,cfb|401867804,2026-09-19,Hard Rock Bet,-105,1.95238,2.3296,W,0.952381,2.21867,0.488396,0.474783,-0.0136123,-0.0278714,0.205624,True
CFB,CFB,Team Total,Over,cfb|401867804|team_totals|Over|Louisiana Tech|FanDuel,cfb|401867804,2026-09-19,FanDuel,-122,1.81967,1.0066,W,0.819672,0.825082,0.520462,0.40193,-0.118531,-0.227743,0.142438,True
CFB,CFB,Team Total,Under,cfb|401867804|team_totals|Under|Baylor|FanDuel,cfb|401867804,2026-09-19,FanDuel,-120,1.83333,0.7671,L,-1,-0.7671,0.515909,0.516021,0.000111657,0.000216428,0.116711,True
CFB,CFB,Spread,Favorite,cfb|401869940|spreads|Delaware||DraftKings,cfb|401869940,2026-09-19,DraftKings,-105,1.95238,1.6272,W,0.952381,1.54971,0.488396,0.486375,-0.00202035,-0.0041367,0.150804,True
CFB,CFB,Team Total,Under,cfb|401869940|team_totals|Under|Coastal Carolina|FanDuel,cfb|401869940,2026-09-19,FanDuel,-115,1.86957,1.0468,W,0.869565,0.910261,0.504543,0.504543,0,0,0.152057,True
CFB,CFB,Spread,Favorite,cfb|401869948|spreads|Jacksonville State||LowVig.ag,cfb|401869948,2026-09-19,LowVig.ag,-106,1.9434,1.9459,W,0.943396,1.83575,0.5,0.5,0,0,0.1657,True
CFB,CFB,Team Total,Under,cfb|401869948|team_totals|Under|Georgia Southern|FanDuel,cfb|401869948,2026-09-19,FanDuel,-122,1.81967,1.2158,L,-1,-1.2158,0.520462,0.516021,-0.00444096,-0.00853274,0.165998,True
CFB,CFB,Moneyline,Underdog,cfb|401871047|h2h|Missouri State||Hard Rock Bet,cfb|401871047,2026-09-19,Hard Rock Bet,150,2.5,1.1736,L,-1,-1.1736,0.376022,0.362092,-0.0139297,-0.037045,0.200018,True
CFB,CFB,Spread,Underdog,cfb|401871047|spreads|Missouri State||LowVig.ag,cfb|401871047,2026-09-19,LowVig.ag,-106,1.9434,1.6917,L,-1,-1.6917,0.5,0.487385,-0.0126147,-0.0252293,0.14596,True
CFB,CFB,Team Total,Over,cfb|401871047|team_totals|Over|Missouri State|FanDuel,cfb|401871047,2026-09-19,FanDuel,-130,1.76923,1.1381,W,0.769231,0.875462,0.536142,0.51817,-0.0179724,-0.0335218,0.152778,True
CFB,CFB,Spread,Underdog,cfb|401869941|spreads|Coastal Carolina||LowVig.ag,cfb|401869941,2026-09-24,LowVig.ag,-101,1.9901,1.0637,L,-1,-1.0637,0.488053,0.5,0.0119474,0.0244797,0.099107,True
CFB,CFB,Team Total,Under,cfb|401869941|team_totals|Under|Liberty|theScore Bet,cfb|401869941,2026-09-24,theScore Bet,-120,1.83333,1.045,L,-1,-1.045,0.511204,0.525273,0.0140693,0.0275218,0.152996,True
CFB,CFB,Total,Under,cfb|401869941|totals|Under||FanDuel,cfb|401869941,2026-09-24,FanDuel,-110,1.90909,1.3016,W,0.909091,1.18327,0.5,0.54347,0.0434702,0.0869404,0.12298,True
CFB,CFB,Spread,Favorite,cfb|401858461|spreads|Indiana||theScore Bet,cfb|401858461,2026-09-25,theScore Bet,-110,1.90909,1.6521,L,-1,-1.6521,0.5,0.5,0,0,0.14968,True
CFB,CFB,Team Total,Under,cfb|401858461|team_totals|Under|Northwestern|FanDuel,cfb|401858461,2026-09-25,FanDuel,102,2.02,1.0673,L,-1,-1.0673,0.463858,0.499696,0.0358386,0.0772621,0.165922,True
CFB,CFB,Spread,Underdog,cfb|401862778|spreads|UAB||theScore Bet,cfb|401862778,2026-09-25,theScore Bet,-115,1.86957,1.355,W,0.869565,1.17826,0.511604,0.513625,0.00202035,0.00394904,0.124116,True
CFB,CFB,Team Total,Over,cfb|401862778|team_totals|Over|UAB|Hard Rock Bet,cfb|401862778,2026-09-25,Hard Rock Bet,-135,1.74074,0.9527,W,0.740741,0.705704,0.526671,0.5089,-0.0177708,-0.0337417,0.149149,True
CFB,CFB,Spread,Favorite,cfb|401856696|spreads|Alabama||LowVig.ag,cfb|401856696,2026-09-26,LowVig.ag,-106,1.9434,1.9891,W,0.943396,1.87651,0.5,0.525217,0.0252167,0.0504335,0.16906,True
CFB,CFB,Team Total,Under,cfb|401856696|team_totals|Under|South Carolina|FanDuel,cfb|401856696,2026-09-26,FanDuel,-106,1.9434,1.4639,W,0.943396,1.38104,0.484091,0.504543,0.0204523,0.0422488,0.208129,True
CFB,CFB,Total,Under,cfb|401856696|totals|Under||BetOnline.ag,cfb|401856696,2026-09-26,BetOnline.ag,-115,1.86957,1.4364,L,-1,-1.4364,0.511604,0.554275,0.042671,0.0834062,0.130176,True
CFB,CFB,Spread,Underdog,cfb|401856698|spreads|Vanderbilt||Hard Rock Bet,cfb|401856698,2026-09-26,Hard Rock Bet,-105,1.95238,1.3313,W,0.952381,1.2679,0.488396,0.486375,-0.00202035,-0.0041367,0.127704,True
CFB,CFB,Team Total,Under,cfb|401856698|team_totals|Under|Auburn|FanDuel,cfb|401856698,2026-09-26,FanDuel,-104,1.96154,0.9119,W,0.961538,0.876827,0.479538,0.504543,0.0250049,0.0521437,0.142022,True
CFB,CFB,Team Total,Over,cfb|401856699|team_totals|Over|Florida|FanDuel,cfb|401856699,2026-09-26,FanDuel,-113,1.88496,0.6821,W,0.884956,0.603628,0.497744,0.495457,-0.00228744,-0.00459562,0.112836,True
CFB,CFB,Total,Over,cfb|401856699|totals|Over||BetRivers,cfb|401856699,2026-09-26,BetRivers,-113,1.88496,1.2016,W,0.884956,1.06336,0.503443,0.473599,-0.0298442,-0.0592801,0.117337,True
CFB,CFB,Moneyline,Underdog,cfb|401856702|h2h|Texas A&M||BetRivers,cfb|401856702,2026-09-26,BetRivers,300,4,0.806,L,-1,-0.806,0.21236,0.245713,0.033353,0.157059,0.18876,True
CFB,CFB,Spread,Underdog,cfb|401856702|spreads|Texas A&M||Hard Rock Bet,cfb|401856702,2026-09-26,Hard Rock Bet,-105,1.95238,1.4873,L,-1,-1.4873,0.488396,0.525217,0.0368212,0.0753921,0.139884,True
CFB,CFB,Team Total,Under,cfb|401856702|team_totals|Under|LSU|FanDuel,cfb|401856702,2026-09-26,FanDuel,-130,1.76923,1.5686,L,-1,-1.5686,0.536142,0.500304,-0.0358386,-0.0668453,0.199578,True
CFB,CFB,Total,Under,cfb|401856702|totals|Under||betPARX,cfb|401856702,2026-09-26,betPARX,-109,1.91743,2.0144,W,0.917431,1.84807,0.496532,0.50578,0.0092483,0.0186258,0.179208,True
CFB,CFB,Team Total,Under,cfb|401856703|team_totals|Under|Mississippi State|FanDuel,cfb|401856703,2026-09-26,FanDuel,-115,1.86957,0.6192,W,0.869565,0.538435,0.504543,0.603483,0.0989401,0.196098,0.102337,True
CFB,CFB,Moneyline,Underdog,cfb|401856704|h2h|Tennessee||Pinnacle,cfb|401856704,2026-09-26,Pinnacle,190,2.9,1.0098,L,-1,-1.0098,0.319163,0.341387,0.0222242,0.0696328,0.191057,True
CFB,CFB,Spread,Underdog,cfb|401856704|spreads|Tennessee||theScore Bet,cfb|401856704,2026-09-26,theScore Bet,-105,1.95238,1.5283,W,0.952381,1.45552,0.488396,0.5,0.0116045,0.0237604,0.143084,True
CFB,CFB,Team Total,Under,cfb|401856704|team_totals|Under|Texas|FanDuel,cfb|401856704,2026-09-26,FanDuel,102,2.02,0.8235,W,1.02,0.83997,0.463858,0.5,0.0361423,0.0779169,0.135142,True
CFB,CFB,Moneyline,Underdog,cfb|401856804|h2h|Washington State||FanDuel,cfb|401856804,2026-09-26,FanDuel,350,4.5,1.4768,L,-1,-1.4768,0.192276,0.192276,0,0,0.317104,True
CFB,CFB,Spread,Underdog,cfb|401856804|spreads|Washington State||theScore Bet,cfb|401856804,2026-09-26,theScore Bet,-105,1.95238,3.1786,W,0.952381,3.02724,0.488396,0.4612,-0.0271952,-0.0556827,0.271884,True
CFB,CFB,Team Total,Over,cfb|401856804|team_totals|Over|Washington State|FanDuel,cfb|401856804,2026-09-26,FanDuel,-106,1.9434,0.6818,W,0.943396,0.643208,0.484091,0.463858,-0.0202333,-0.0417965,0.113209,True
CFB,CFB,Team Total,Under,cfb|401856804|team_totals|Under|Arizona|FanDuel,cfb|401856804,2026-09-26,FanDuel,-120,1.83333,2.2729,L,-1,-2.2729,0.515909,0.515909,0,0,0.287831,True
CFB,CFB,Total,Under,cfb|401856804|totals|Under||FanDuel,cfb|401856804,2026-09-26,FanDuel,-105,1.95238,1.6641,L,-1,-1.6641,0.488396,0.490717,0.00232185,0.00475405,0.153684,True
CFB,CFB,Spread,Underdog,cfb|401856805|spreads|Sam Houston||Hard Rock Bet,cfb|401856805,2026-09-26,Hard Rock Bet,-115,1.86957,1.6262,W,0.869565,1.41409,0.511604,0.525217,0.0136123,0.026607,0.144296,True
CFB,CFB,Team Total,Over,cfb|401856805|team_totals|Over|Sam Houston|Hard Rock Bet,cfb|401856805,2026-09-26,Hard Rock Bet,-115,1.86957,0.876,W,0.869565,0.761739,0.489168,0.549504,0.0603356,0.123343,0.147572,True
CFB,CFB,Moneyline,Underdog,cfb|401856806|h2h|Georgia Southern||BetRivers,cfb|401856806,2026-09-26,BetRivers,700,8,0.7443,L,-1,-0.7443,0.0865757,0.0976049,0.0110292,0.127394,0.201244,True
CFB,CFB,Spread,Underdog,cfb|401856806|spreads|Georgia Southern||Hard Rock Bet,cfb|401856806,2026-09-26,Hard Rock Bet,-110,1.90909,2.6942,W,0.909091,2.44927,0.5,0.550333,0.0503328,0.100666,0.22908,True
CFB,CFB,Team Total,Over,cfb|401856806|team_totals|Over|Georgia Southern|FanDuel,cfb|401856806,2026-09-26,FanDuel,104,2.04,0.9464,W,1.04,0.984256,0.459451,0.588174,0.128723,0.280167,0.151369,True
CFB,CFB,Team Total,Under,cfb|401856806|team_totals|Under|Houston|FanDuel,cfb|401856806,2026-09-26,FanDuel,-113,1.88496,1.2165,L,-1,-1.2165,0.5,0.468082,-0.0319182,-0.0638365,0.1733,True
CFB,CFB,Spread,Underdog,cfb|401856814|spreads|Cincinnati||LowVig.ag,cfb|401856814,2026-09-26,LowVig.ag,-106,1.9434,1.1057,W,0.943396,1.04311,0.5,0.512615,0.0126147,0.0252293,0.10044,True
CFB,CFB,Team Total,Over,cfb|401856814|team_totals|Over|Cincinnati|FanDuel,cfb|401856814,2026-09-26,FanDuel,-104,1.96154,0.6379,W,0.961538,0.613365,0.479538,0.497228,0.0176896,0.0368889,0.108442,True
CFB,CFB,Spread,Underdog,cfb|401856815|spreads|UCF||FanDuel,cfb|401856815,2026-09-26,FanDuel,-115,1.86957,1.4267,W,0.869565,1.24061,0.511604,0.520753,0.00914825,0.0178815,0.129456,True
CFB,CFB,Team Total,Under,cfb|401856815|team_totals|Under|TCU|FanDuel,cfb|401856815,2026-09-26,FanDuel,100,2,0.803,W,1,0.803,0.468353,0.511361,0.0430079,0.091828,0.132027,True
CFB,CFB,Spread,Favorite,cfb|401856881|spreads|West Virginia||FanDuel,cfb|401856881,2026-09-26,FanDuel,-110,1.90909,1.2034,L,-1,-1.2034,0.5,0.511604,0.0116045,0.0232089,0.1155,True
CFB,CFB,Team Total,Under,cfb|401856881|team_totals|Under|Oklahoma State|FanDuel,cfb|401856881,2026-09-26,FanDuel,-108,1.92593,1.2794,L,-1,-1.2794,0.488639,0.495457,0.00681742,0.0139518,0.184361,True
CFB,CFB,Total,Under,cfb|401856881|totals|Under||FanDuel,cfb|401856881,2026-09-26,FanDuel,-105,1.95238,1.5652,L,-1,-1.5652,0.488396,0.485189,-0.00320607,-0.00656449,0.145964,True
CFB,CFB,Spread,Underdog,cfb|401858238|spreads|Central Michigan||FanDuel,cfb|401858238,2026-09-26,FanDuel,-105,1.95238,3.0184,L,-1,-3.0184,0.488396,0.511604,0.0232089,0.0475207,0.259384,True
CFB,CFB,Team Total,Over,cfb|401858238|team_totals|Over|Central Michigan|FanDuel,cfb|401858238,2026-09-26,FanDuel,102,2.02,0.8651,L,-1,-0.8651,0.463858,0.468353,0.00449508,0.00969064,0.140402,True
CFB,CFB,Team Total,Under,cfb|401858238|team_totals|Under|Miami|FanDuel,cfb|401858238,2026-09-26,FanDuel,-122,1.81967,1.7219,L,-1,-1.7219,0.520462,0.536445,0.0159832,0.0307096,0.222998,True
CFB,CFB,Total,Under,cfb|401858238|totals|Under||theScore Bet,cfb|401858238,2026-09-26,theScore Bet,-110,1.90909,1.7182,L,-1,-1.7182,0.5,0.564167,0.0641669,0.128334,0.15472,True
CFB,CFB,Team Total,Under,cfb|401858239|team_totals|Under|Virginia|FanDuel,cfb|401858239,2026-09-26,FanDuel,-113,1.88496,0.6269,L,-1,-0.6269,0.5,0.463555,-0.0364448,-0.0728897,0.1041,True
CFB,CFB,Total,Under,cfb|401858239|totals|Under||betPARX,cfb|401858239,2026-09-26,betPARX,-110,1.90909,1.1005,W,0.909091,1.00045,0.5,0.503468,0.00346801,0.00693603,0.10766,True
CFB,CFB,Spread,Underdog,cfb|401858241|spreads|Missouri State||Fanatics,cfb|401858241,2026-09-26,Fanatics,-105,1.95238,1.5511,W,0.952381,1.47724,0.488396,0.588587,0.100192,0.205145,0.144864,True
CFB,CFB,Team Total,Over,cfb|401858241|team_totals|Over|Missouri State|FanDuel,cfb|401858241,2026-09-26,FanDuel,-111,1.9009,1.1525,W,0.900901,1.03829,0.495457,0.608421,0.112964,0.227999,0.167163,True
CFB,CFB,Spread,Underdog,cfb|401858242|spreads|Boston College||betPARX,cfb|401858242,2026-09-26,betPARX,-109,1.91743,1.2625,W,0.917431,1.15826,0.496532,0.513828,0.0172961,0.0348338,0.121648,True
CFB,CFB,Team Total,Over,cfb|401858242|team_totals|Over|Boston College|theScore Bet,cfb|401858242,2026-09-26,theScore Bet,-105,1.95238,1.263,L,-1,-1.263,0.477574,0.381124,-0.0964507,-0.20196,0.188646,True
CFB,CFB,Total,Over,cfb|401858242|totals|Over||theScore Bet,cfb|401858242,2026-09-26,theScore Bet,100,2,1.8333,L,-1,-1.8333,0.476771,0.381313,-0.0954578,-0.200217,0.169889,True
CFB,CFB,Team Total,Under,cfb|401858243|team_totals|Under|Louisville|theScore Bet,cfb|401858243,2026-09-26,theScore Bet,-110,1.90909,0.8149,W,0.909091,0.740818,0.488796,0.56154,0.0727438,0.148822,0.132024,True
CFB,CFB,Total,Under,cfb|401858243|totals|Under||FanDuel,cfb|401858243,2026-09-26,FanDuel,-105,1.95238,0.9928,W,0.952381,0.945524,0.488396,0.526401,0.0380052,0.0778164,0.101284,True
CFB,CFB,Spread,Underdog,cfb|401858462|spreads|Maryland||DraftKings,cfb|401858462,2026-09-26,DraftKings,-105,1.95238,1.3764,L,-1,-1.3764,0.488396,0.456272,-0.0321234,-0.0657733,0.131224,True
CFB,CFB,Team Total,Under,cfb|401858462|team_totals|Under|UCLA|FanDuel,cfb|401858462,2026-09-26,FanDuel,-106,1.9434,0.5341,L,-1,-0.5341,0.484091,0.504543,0.0204523,0.0422488,0.095289,True
CFB,CFB,Spread,Underdog,cfb|401858463|spreads|Iowa||theScore Bet,cfb|401858463,2026-09-26,theScore Bet,100,2,1.0337,W,1,1.0337,0.476771,0.5,0.023229,0.0487216,0.105929,True
CFB,CFB,Team Total,Over,cfb|401858463|team_totals|Over|Iowa|FanDuel,cfb|401858463,2026-09-26,FanDuel,-120,1.83333,1.0003,W,0.833333,0.833583,0.51354,0.540549,0.0270092,0.0525942,0.14558,True
CFB,CFB,Total,Over,cfb|401858463|totals|Over||Hard Rock Bet,cfb|401858463,2026-09-26,Hard Rock Bet,-110,1.90909,1.6452,W,0.909091,1.49564,0.5,0.564167,0.0641669,0.128334,0.14916,True
CFB,CFB,Spread,Underdog,cfb|401858465|spreads|Illinois||betPARX,cfb|401858465,2026-09-26,betPARX,-108,1.92593,1.2811,W,0.925926,1.1862,0.49422,0.521755,0.027535,0.055714,0.12356,True
CFB,CFB,Team Total,Under,cfb|401858465|team_totals|Under|Ohio State|FanDuel,cfb|401858465,2026-09-26,FanDuel,-113,1.88496,0.5336,L,-1,-0.5336,0.5,0.531918,0.0319182,0.0638365,0.09314,True
CFB,CFB,Spread,Favorite,cfb|401858466|spreads|Penn State||BetRivers,cfb|401858466,2026-09-26,BetRivers,-114,1.87719,1.4829,L,-1,-1.4829,0.505739,0.516056,0.0103166,0.020399,0.137841,True
CFB,CFB,Team Total,Under,cfb|401858466|team_totals|Under|Wisconsin|FanDuel,cfb|401858466,2026-09-26,FanDuel,-104,1.96154,0.6338,L,-1,-0.6338,0.479538,0.488639,0.00910105,0.0189788,0.107942,True
CFB,CFB,Spread,Underdog,cfb|401858469|spreads|USC||theScore Bet,cfb|401858469,2026-09-26,theScore Bet,105,2.05,0.8751,L,-1,-0.8751,0.465414,0.474783,0.0093695,0.0201316,0.094106,True
CFB,CFB,Team Total,Under,cfb|401858469|team_totals|Under|Oregon|theScore Bet,cfb|401858469,2026-09-26,theScore Bet,-110,1.90909,0.579,L,-1,-0.579,0.488796,0.525273,0.0364773,0.0746268,0.103944,True
CFB,CFB,Spread,Favorite,cfb|401858470|spreads|Washington||BetRivers,cfb|401858470,2026-09-26,BetRivers,-113,1.88496,1.1162,L,-1,-1.1162,0.503443,0.546915,0.0434714,0.0863482,0.110917,True
CFB,CFB,Spread,Favorite,cfb|401860891|spreads|Fresno State||FanDuel,cfb|401860891,2026-09-26,FanDuel,-105,1.95238,0.9087,W,0.952381,0.865429,0.488396,0.474783,-0.0136123,-0.0278714,0.094724,True
CFB,CFB,Team Total,Under,cfb|401860891|team_totals|Under|Rice|FanDuel,cfb|401860891,2026-09-26,FanDuel,-111,1.9009,0.7914,L,-1,-0.7914,0.495457,0.511361,0.0159038,0.0320993,0.124383,True
CFB,CFB,Spread,Favorite,cfb|401860893|spreads|Toledo||theScore Bet,cfb|401860893,2026-09-26,theScore Bet,100,2,1.886,W,1,1.886,0.476771,0.486375,0.00960425,0.0201444,0.174109,True
CFB,CFB,Team Total,Over,cfb|401860893|team_totals|Over|Toledo|Hard Rock Bet,cfb|401860893,2026-09-26,Hard Rock Bet,-120,1.83333,0.5515,W,0.833333,0.459583,0.5,0.5,0,0,0.10812,True
CFB,CFB,Team Total,Under,cfb|401860893|team_totals|Under|San Diego State|theScore Bet,cfb|401860893,2026-09-26,theScore Bet,100,2,1.1102,W,1,1.1102,0.466316,0.485945,0.0196284,0.0420924,0.172464,True
CFB,CFB,Team Total,Under,cfb|401860894|team_totals|Under|Troy|FanDuel,cfb|401860894,2026-09-26,FanDuel,-115,1.86957,0.6918,W,0.869565,0.601565,0.504543,0.536445,0.0319016,0.0632287,0.110777,True
CFB,CFB,Spread,Favorite,cfb|401860896|spreads|UTSA||Bovada,cfb|401860896,2026-09-26,Bovada,-110,1.90909,2.1322,W,0.909091,1.93836,0.5,0.560855,0.0608546,0.121709,0.18626,True
CFB,CFB,Team Total,Over,cfb|401860896|team_totals|Over|UTSA|FanDuel,cfb|401860896,2026-09-26,FanDuel,-106,1.9434,1.013,W,0.943396,0.95566,0.484091,0.495457,0.0113659,0.0234788,0.153409,True
CFB,CFB,Team Total,Under,cfb|401860896|team_totals|Under|Colorado State|theScore Bet,cfb|401860896,2026-09-26,theScore Bet,-115,1.86957,0.4778,L,-1,-0.4778,0.5,0.56154,0.0615398,0.12308,0.09044,True
CFB,CFB,Moneyline,Underdog,cfb|401860897|h2h|Western Michigan||Hard Rock Bet,cfb|401860897,2026-09-26,Hard Rock Bet,250,3.5,1.2964,L,-1,-1.2964,0.254197,0.242608,-0.0115886,-0.0455892,0.263023,True
CFB,CFB,Spread,Underdog,cfb|401860897|spreads|Western Michigan||BetRivers,cfb|401860897,2026-09-26,BetRivers,-113,1.88496,2.3108,L,-1,-2.3108,0.504608,0.491992,-0.0126161,-0.0250019,0.199492,True
CFB,CFB,Team Total,Over,cfb|401860897|team_totals|Over|Western Michigan|FanDuel,cfb|401860897,2026-09-26,FanDuel,-111,1.9009,0.6172,L,-1,-0.6172,0.495457,0.511361,0.0159038,0.0320993,0.103743,True
CFB,CFB,Team Total,Under,cfb|401860897|team_totals|Under|Boise State|theScore Bet,cfb|401860897,2026-09-26,theScore Bet,-125,1.8,1.3742,L,-1,-1.3742,0.522426,0.416424,-0.106002,-0.202903,0.185814,True
CFB,CFB,Team Total,Over,cfb|401861970|team_totals|Over|UConn|FanDuel,cfb|401861970,2026-09-26,FanDuel,-128,1.78125,0.715,L,-1,-0.715,0.531647,0.577049,0.0454021,0.0853988,0.108153,True
CFB,CFB,Total,Over,cfb|401861970|totals|Over||DraftKings,cfb|401861970,2026-09-26,DraftKings,-108,1.92593,1.3633,L,-1,-1.3633,0.495359,0.514811,0.0194512,0.0392668,0.128741,True
CFB,CFB,Moneyline,Underdog,cfb|401862782|h2h|UL Monroe||theScore Bet,cfb|401862782,2026-09-26,theScore Bet,425,5.25,0.7579,L,-1,-0.7579,0.150684,0.197327,0.0466425,0.309539,0.193176,True
CFB,CFB,Spread,Underdog,cfb|401862782|spreads|UL Monroe||Bovada,cfb|401862782,2026-09-26,Bovada,-105,1.95238,1.6229,L,-1,-1.6229,0.488396,0.550333,0.0619373,0.126818,0.150464,True
CFB,CFB,Team Total,Under,cfb|401862782|team_totals|Under|Florida Atlantic|FanDuel,cfb|401862782,2026-09-26,FanDuel,-122,1.81967,0.9519,L,-1,-0.9519,0.520462,0.504543,-0.0159185,-0.0305853,0.136278,True
CFB,CFB,Moneyline,Underdog,cfb|401862784|h2h|Southern Miss||FanDuel,cfb|401862784,2026-09-26,FanDuel,860,9.6,0.9234,L,-1,-0.9234,0.0691155,0.0882221,0.0191067,0.276445,0.241865,True
CFB,CFB,Spread,Underdog,cfb|401862784|spreads|Southern Miss||FanDuel,cfb|401862784,2026-09-26,FanDuel,-108,1.92593,2.733,W,0.925926,2.53056,0.495359,0.504641,0.00928132,0.0187365,0.234101,True
CFB,CFB,Team Total,Over,cfb|401862784|team_totals|Over|Southern Miss|FanDuel,cfb|401862784,2026-09-26,FanDuel,-113,1.88496,1.0407,W,0.884956,0.920973,0.5,0.540967,0.0409667,0.0819335,0.15266,True
CFB,CFB,Team Total,Under,cfb|401862784|team_totals|Under|Tulane|FanDuel,cfb|401862784,2026-09-26,FanDuel,-104,1.96154,1.5895,W,0.961538,1.52837,0.479538,0.479427,-0.000111599,-0.000232721,0.225062,True
CFB,CFB,Total,Under,cfb|401862784|totals|Under||Fanatics,cfb|401862784,2026-09-26,Fanatics,-105,1.95238,1.032,W,0.952381,0.982857,0.488396,,,,0.104344,True
CFB,CFB,Team Total,Under,cfb|401864510|team_totals|Under|Hawai'i|FanDuel,cfb|401864510,2026-09-26,FanDuel,-130,1.76923,1.4435,W,0.769231,1.11038,0.536142,0.552259,0.0161163,0.0300597,0.185978,True
CFB,CFB,Team Total,Under,cfb|401864510|team_totals|Under|Wyoming|FanDuel,cfb|401864510,2026-09-26,FanDuel,-104,1.96154,0.5049,L,-1,-0.5049,0.479538,0.489593,0.0100545,0.0209671,0.092142,True
CFB,CFB,Total,Under,cfb|401864510|totals|Under||LowVig.ag,cfb|401864510,2026-09-26,LowVig.ag,-108,1.92593,2.4589,W,0.925926,2.27676,0.5,0.539263,0.0392631,0.0785262,0.20838,True
CFB,CFB,Spread,Favorite,cfb|401864511|spreads|Georgia State||Hard Rock Bet,cfb|401864511,2026-09-26,Hard Rock Bet,-105,1.95238,1.6093,W,0.952381,1.53267,0.488396,0.474783,-0.0136123,-0.0278714,0.149404,True
CFB,CFB,Team Total,Under,cfb|401864511|team_totals|Under|Northern Illinois|theScore Bet,cfb|401864511,2026-09-26,theScore Bet,-115,1.86957,1.1408,W,0.869565,0.992,0.5,0.452412,-0.0475878,-0.0951755,0.16754,True
CFB,CFB,Moneyline,Underdog,cfb|401864512|h2h|Akron||BetRivers,cfb|401864512,2026-09-26,BetRivers,450,5.5,1.0197,L,-1,-1.0197,0.134053,0.15467,0.0206164,0.153793,0.256347,True
CFB,CFB,Spread,Underdog,cfb|401864512|spreads|Akron||Hard Rock Bet,cfb|401864512,2026-09-26,Hard Rock Bet,100,2,2.3525,L,-1,-2.3525,0.476771,0.488396,0.0116246,0.0243819,0.211429,True
CFB,CFB,Team Total,Over,cfb|401864512|team_totals|Over|Akron|Hard Rock Bet,cfb|401864512,2026-09-26,Hard Rock Bet,-105,1.95238,1.313,L,-1,-1.313,0.467441,0.572586,0.105145,0.224937,0.204879,True
CFB,CFB,Team Total,Under,cfb|401864512|team_totals|Under|UNLV|FanDuel,cfb|401864512,2026-09-26,FanDuel,-113,1.88496,0.8812,L,-1,-0.8812,0.5,0.468082,-0.0319182,-0.0638365,0.13394,True
CFB,CFB,Moneyline,Underdog,cfb|401864576|h2h|South Alabama||theScore Bet,cfb|401864576,2026-09-26,theScore Bet,1000,11,0.9468,L,-1,-0.9468,0.0567175,0.0628919,0.00617442,0.108863,0.249363,True
CFB,CFB,Spread,Underdog,cfb|401864576|spreads|South Alabama||betPARX,cfb|401864576,2026-09-26,betPARX,-109,1.91743,3.2169,L,-1,-3.2169,0.496532,0.49422,-0.00231227,-0.00465685,0.271268,True
CFB,CFB,Team Total,Over,cfb|401864576|team_totals|Over|South Alabama|FanDuel,cfb|401864576,2026-09-26,FanDuel,-120,1.83333,1.7102,W,0.833333,1.42517,0.515909,0.540967,0.0250577,0.0485699,0.223891,True
CFB,CFB,Team Total,Under,cfb|401864576|team_totals|Under|Kentucky|FanDuel,cfb|401864576,2026-09-26,FanDuel,-111,1.9009,1.3443,L,-1,-1.3443,0.495457,0.459033,-0.0364235,-0.073515,0.189883,True
CFB,CFB,Moneyline,Underdog,cfb|401864579|h2h|New Mexico State||Hard Rock Bet,cfb|401864579,2026-09-26,Hard Rock Bet,400,5,0.8016,L,-1,-0.8016,0.168675,0.181178,0.0125027,0.0741226,0.191645,True
CFB,CFB,Spread,Underdog,cfb|401864579|spreads|New Mexico State||Hard Rock Bet,cfb|401864579,2026-09-26,Hard Rock Bet,-105,1.95238,1.7979,L,-1,-1.7979,0.488396,0.525217,0.0368212,0.0753921,0.164124,True
CFB,CFB,Team Total,Over,cfb|401864579|team_totals|Over|New Mexico State|Hard Rock Bet,cfb|401864579,2026-09-26,Hard Rock Bet,100,2,0.6522,W,1,0.6522,0.456514,0.508286,0.0517726,0.113409,0.125006,True
CFB,CFB,Team Total,Under,cfb|401864579|team_totals|Under|New Mexico|Hard Rock Bet,cfb|401864579,2026-09-26,Hard Rock Bet,-110,1.90909,0.8206,L,-1,-0.8206,0.478321,0.511204,0.0328832,0.0687473,0.143179,True
CFB,CFB,Spread,Favorite,cfb|401866425|spreads|Kent State||FanDuel,cfb|401866425,2026-09-26,FanDuel,100,2,0.9328,W,1,0.9328,0.474624,0.490907,0.0162827,0.0343066,0.099996,True
CFB,CFB,Team Total,Over,cfb|401866425|team_totals|Over|Kent State|Hard Rock Bet,cfb|401866425,2026-09-26,Hard Rock Bet,-125,1.8,0.5325,L,-1,-0.5325,0.510832,0.527573,0.0167414,0.0327728,0.103888,True
CFB,CFB,Spread,Favorite,cfb|401869931|spreads|Arkansas State||FanDuel,cfb|401869931,2026-09-26,FanDuel,-110,1.90909,0.8895,L,-1,-0.8895,0.5,0.525217,0.0252167,0.0504335,0.09158,True
CFB,CFB,Team Total,Under,cfb|401869931|team_totals|Under|Kennesaw State|FanDuel,cfb|401869931,2026-09-26,FanDuel,-102,1.98039,0.719,W,0.980392,0.704902,0.473931,0.504543,0.030612,0.0645916,0.120009,True
CFB,CFB,Spread,Favorite,cfb|401871048|spreads|Jacksonville State||theScore Bet,cfb|401871048,2026-09-26,theScore Bet,105,2.05,1.4672,W,1.05,1.54056,0.465414,0.488396,0.0229818,0.0493792,0.142626,True
CFB,CFB,Team Total,Under,cfb|401871048|team_totals|Under|Middle Tennessee|FanDuel,cfb|401871048,2026-09-26,FanDuel,-125,1.8,0.701,W,0.8,0.5608,0.526069,0.515909,-0.0101597,-0.0193125,0.107371,True
CFB,CFB,Spread,Underdog,cfb|401862786|spreads|North Texas||FanDuel,cfb|401862786,2026-10-01,FanDuel,-110,1.90909,1.3008,W,0.909091,1.18255,0.5,0.608831,0.108831,0.217663,0.12292,False
CFB,CFB,Team Total,Under,cfb|401862786|team_totals|Under|Tulsa|theScore Bet,cfb|401862786,2026-10-01,theScore Bet,-110,1.90909,0.7443,L,-1,-0.7443,0.488796,0.550419,0.0616228,0.126071,0.123624,False
CFB,CFB,Team Total,Under,cfb|401871049|team_totals|Under|New Mexico State|theScore Bet,cfb|401871049,2026-10-01,theScore Bet,-110,1.90909,0.8112,L,-1,-0.8112,0.488796,0.5,0.011204,0.0229217,0.131584,False
CFB,CFB,Total,Under,cfb|401871049|totals|Under||theScore Bet,cfb|401871049,2026-10-01,theScore Bet,-105,1.95238,1.2772,W,0.952381,1.21638,0.488396,0.5,0.0116045,0.0237604,0.123484,False
CFB,CFB,Spread,Underdog,cfb|401858476|spreads|Northwestern||Caesars,cfb|401858476,2026-10-02,Caesars,-103,1.97087,1.3732,W,0.970874,1.3332,0.482649,0.479247,-0.00340193,-0.00704845,0.132971,False
CFB,CFB,Team Total,Over,cfb|401858476|team_totals|Over|Northwestern|Hard Rock Bet,cfb|401858476,2026-10-02,Hard Rock Bet,-115,1.86957,0.76,W,0.869565,0.66087,0.5,,,,0.12326,False
CFB,CFB,Spread,Underdog,cfb|401871050|spreads|Delaware||Hard Rock Bet,cfb|401871050,2026-10-02,Hard Rock Bet,-120,1.83333,1.0682,L,-1,-1.0682,0.523229,0.523229,0,0,0.099911,False
CFB,CFB,Team Total,Over,cfb|401871050|team_totals|Over|Delaware|FanDuel,cfb|401871050,2026-10-02,FanDuel,-122,1.81967,0.7556,L,-1,-0.7556,0.520462,0.525117,0.00465522,0.00894441,0.114178,False
CFB,CFB,Spread,Underdog,cfb|401856705|spreads|Vanderbilt||FanDuel,cfb|401856705,2026-10-03,FanDuel,-110,1.90909,1.2895,W,0.909091,1.17227,0.5,0.449667,-0.0503328,-0.100666,0.12206,False
CFB,CFB,Team Total,Over,cfb|401856705|team_totals|Over|Vanderbilt|FanDuel,cfb|401856705,2026-10-03,FanDuel,-111,1.9009,0.648,W,0.900901,0.583784,0.495457,0.391872,-0.103585,-0.209069,0.107383,False
CFB,CFB,Team Total,Under,cfb|401856705|team_totals|Under|Georgia|Hard Rock Bet,cfb|401856705,2026-10-03,Hard Rock Bet,-120,1.83333,0.5476,W,0.833333,0.456333,0.511204,,,,0.096476,False
CFB,CFB,Spread,Favorite,cfb|401856709|spreads|South Carolina||betPARX,cfb|401856709,2026-10-03,betPARX,-115,1.86957,1.8925,L,-1,-1.8925,0.510406,0.51263,0.00222385,0.00435703,0.165314,False
CFB,CFB,Team Total,Under,cfb|401856709|team_totals|Under|Kentucky|Hard Rock Bet,cfb|401856709,2026-10-03,Hard Rock Bet,-110,1.90909,1.3275,L,-1,-1.3275,0.488796,,,,0.193044,False
CFB,CFB,Spread,Favorite,cfb|401856710|spreads|Tennessee||Hard Rock Bet,cfb|401856710,2026-10-03,Hard Rock Bet,100,2,1.0385,W,1,1.0385,0.476771,0.474783,-0.00198768,-0.00416904,0.106309,False
CFB,CFB,Team Total,Under,cfb|401856710|team_totals|Under|Auburn|FanDuel,cfb|401856710,2026-10-03,FanDuel,-113,1.88496,1.0495,W,0.884956,0.928761,0.5,0.479538,-0.0204617,-0.0409234,0.1537,False
CFB,CFB,Total,Under,cfb|401856710|totals|Under||theScore Bet,cfb|401856710,2026-10-03,theScore Bet,-105,1.95238,1.2606,W,0.952381,1.20057,0.488396,0.514811,0.026415,0.0540852,0.122184,False
CFB,CFB,Spread,Favorite,cfb|401856711|spreads|Texas A&M||theScore Bet,cfb|401856711,2026-10-03,theScore Bet,100,2,0.885,W,1,0.885,0.476771,0.474783,-0.00198768,-0.00416904,0.094029,False
CFB,CFB,Team Total,Under,cfb|401856711|team_totals|Under|Arkansas|Hard Rock Bet,cfb|401856711,2026-10-03,Hard Rock Bet,-120,1.83333,0.556,W,0.833333,0.463333,0.511204,,,,0.097436,False
CFB,CFB,Moneyline,Underdog,cfb|401856807|h2h|Middle Tennessee||theScore Bet,cfb|401856807,2026-10-03,theScore Bet,1000,11,0.7872,L,-1,-0.7872,0.0567175,0.0628919,0.00617442,0.108863,0.213103,False
CFB,CFB,Spread,Underdog,cfb|401856807|spreads|Middle Tennessee||FanDuel,cfb|401856807,2026-10-03,FanDuel,-110,1.90909,2.3813,L,-1,-2.3813,0.5,0.474943,-0.0250575,-0.050115,0.20524,False
CFB,CFB,Team Total,Over,cfb|401856807|team_totals|Over|Middle Tennessee|FanDuel,cfb|401856807,2026-10-03,FanDuel,-111,1.9009,1.34,L,-1,-1.34,0.495457,0.453175,-0.042282,-0.0853395,0.189383,False
CFB,CFB,Team Total,Under,cfb|401856807|team_totals|Under|Kansas|FanDuel,cfb|401856807,2026-10-03,FanDuel,-106,1.9434,0.9039,L,-1,-0.9039,0.484091,0.483979,-0.000111657,-0.000230653,0.140169,False
CFB,CFB,Spread,Underdog,cfb|401856818|spreads|TCU||theScore Bet,cfb|401856818,2026-10-03,theScore Bet,105,2.05,1.2531,L,-1,-1.2531,0.465414,0.513625,0.048211,0.103587,0.125086,False
CFB,CFB,Team Total,Under,cfb|401856818|team_totals|Under|BYU|FanDuel,cfb|401856818,2026-10-03,FanDuel,-106,1.9434,1.0069,W,0.943396,0.949906,0.484091,0.515909,0.0318181,0.0657276,0.152669,False
CFB,CFB,Total,Under,cfb|401856818|totals|Under||Bovada,cfb|401856818,2026-10-03,Bovada,-105,1.95238,1.1176,W,0.952381,1.06438,0.488396,0.476771,-0.0116246,-0.0238016,0.111024,False
CFB,CFB,Spread,Favorite,cfb|401856822|spreads|Iowa State||FanDuel,cfb|401856822,2026-10-03,FanDuel,100,2,2.061,L,-1,-2.061,0.474624,0.504751,0.0301271,0.0634757,0.190256,False
CFB,CFB,Team Total,Over,cfb|401856822|team_totals|Over|Iowa State|FanDuel,cfb|401856822,2026-10-03,FanDuel,-102,1.98039,0.8793,W,0.980392,0.862059,0.473931,0.495185,0.0212537,0.0448456,0.139849,False
CFB,CFB,Team Total,Under,cfb|401856822|team_totals|Under|West Virginia|FanDuel,cfb|401856822,2026-10-03,FanDuel,-111,1.9009,0.7933,L,-1,-0.7933,0.495457,0.463555,-0.0319016,-0.0643883,0.124603,False
CFB,CFB,Total,Under,cfb|401858246|totals|Under||LowVig.ag,cfb|401858246,2026-10-03,LowVig.ag,-103,1.97087,1.0913,W,0.970874,1.05951,0.487096,0.539565,0.0524694,0.107719,0.106304,False
CFB,CFB,Moneyline,Favorite,cfb|401858247|h2h|UNLV||BetRivers,cfb|401858247,2026-10-03,BetRivers,-129,1.77519,1.5567,W,0.775194,1.20674,0.538706,0.528543,-0.0101633,-0.0188661,0.194554,False
CFB,CFB,Spread,Favorite,cfb|401858247|spreads|UNLV||Caesars,cfb|401858247,2026-10-03,Caesars,-109,1.91743,2.3132,W,0.917431,2.1222,0.498836,0.465526,-0.0333097,-0.0667748,0.199784,False
CFB,CFB,Team Total,Under,cfb|401858247|team_totals|Under|California|FanDuel,cfb|401858247,2026-10-03,FanDuel,-113,1.88496,2.0252,L,-1,-2.0252,0.5,0.5,0,0,0.26822,False
CFB,CFB,Total,Under,cfb|401858247|totals|Under||Bovada,cfb|401858247,2026-10-03,Bovada,-105,1.95238,2.1,L,-1,-2.1,0.488396,0.526401,0.0380052,0.0778164,0.187704,False
CFB,CFB,Moneyline,Underdog,cfb|401858248|h2h|NC State||DraftKings,cfb|401858248,2026-10-03,DraftKings,185,2.85,1.6388,W,1.85,3.03178,0.325617,0.325617,0,0,0.291203,False
CFB,CFB,Spread,Underdog,cfb|401858248|spreads|NC State||Pinnacle,cfb|401858248,2026-10-03,Pinnacle,-103,1.97087,2.7254,W,0.970874,2.64602,0.488227,0.497135,0.00890854,0.0182467,0.233973,False
CFB,CFB,Team Total,Over,cfb|401858248|team_totals|Over|NC State|FanDuel,cfb|401858248,2026-10-03,FanDuel,-102,1.98039,0.9041,W,0.980392,0.886373,0.473931,0.427414,-0.0465174,-0.0981522,0.142909,False
CFB,CFB,Team Total,Under,cfb|401858248|team_totals|Under|Louisville|FanDuel,cfb|401858248,2026-10-03,FanDuel,-111,1.9009,1.4754,W,0.900901,1.32919,0.495457,0.562327,0.0668705,0.134967,0.205423,False
CFB,CFB,Team Total,Under,cfb|401858249|team_totals|Under|Miami|FanDuel,cfb|401858249,2026-10-03,FanDuel,-111,1.9009,0.742,L,-1,-0.742,0.495457,0.556773,0.0613166,0.123758,0.118523,False
CFB,CFB,Total,Under,cfb|401858249|totals|Under||Bovada,cfb|401858249,2026-10-03,Bovada,-105,1.95238,1.5119,L,-1,-1.5119,0.488396,0.488396,0,0,0.141804,False
CFB,CFB,Team Total,Under,cfb|401858250|team_totals|Under|Notre Dame|Hard Rock Bet,cfb|401858250,2026-10-03,Hard Rock Bet,-115,1.86957,0.4972,L,-1,-0.4972,0.5,,,,0.0927,False
CFB,CFB,Spread,Favorite,cfb|401858251|spreads|Wake Forest||theScore Bet,cfb|401858251,2026-10-03,theScore Bet,-105,1.95238,1.9178,W,0.952381,1.82648,0.488396,0.5388,0.0504041,0.103203,0.173484,False
CFB,CFB,Team Total,Under,cfb|401858251|team_totals|Under|Stanford|Hard Rock Bet,cfb|401858251,2026-10-03,Hard Rock Bet,-115,1.86957,1.414,W,0.869565,1.22957,0.5,,,,0.1993,False
CFB,CFB,Moneyline,Underdog,cfb|401858252|h2h|UConn||BetOnline.ag,cfb|401858252,2026-10-03,BetOnline.ag,207,3.07,2.1753,L,-1,-2.1753,0.301847,0.293604,-0.00824336,-0.0273097,0.390573,False
CFB,CFB,Team Total,Over,cfb|401858252|team_totals|Over|UConn|FanDuel,cfb|401858252,2026-10-03,FanDuel,-120,1.83333,1.7986,W,0.833333,1.49883,0.518313,0.459033,-0.0592798,-0.114371,0.231527,False
CFB,CFB,Team Total,Under,cfb|401858252|team_totals|Under|Syracuse|FanDuel,cfb|401858252,2026-10-03,FanDuel,-106,1.9434,1.8762,L,-1,-1.8762,0.484091,0.495457,0.0113659,0.0234788,0.258169,False
CFB,CFB,Spread,Underdog,cfb|401858253|spreads|Florida State||Pinnacle,cfb|401858253,2026-10-03,Pinnacle,101,2.01,1.4991,W,1.01,1.51409,0.477707,0.585269,0.107562,0.225163,0.140333,False
CFB,CFB,Team Total,Under,cfb|401858253|team_totals|Under|Virginia|Hard Rock Bet,cfb|401858253,2026-10-03,Hard Rock Bet,-105,1.95238,0.4873,W,0.952381,0.464095,0.472427,,,,0.099193,False
CFB,CFB,Spread,Favorite,cfb|401858472|spreads|Illinois||Hard Rock Bet,cfb|401858472,2026-10-03,Hard Rock Bet,-110,1.90909,1.5618,L,-1,-1.5618,0.5,0.474783,-0.0252167,-0.0504335,0.1428,False
CFB,CFB,Team Total,Under,cfb|401858472|team_totals|Under|Purdue|FanDuel,cfb|401858472,2026-10-03,FanDuel,-115,1.86957,0.9236,W,0.869565,0.80313,0.504543,0.463555,-0.0409881,-0.0812379,0.137737,False
CFB,CFB,Spread,Underdog,cfb|401858473|spreads|Iowa||Hard Rock Bet,cfb|401858473,2026-10-03,Hard Rock Bet,100,2,1.432,L,-1,-1.432,0.476771,0.474783,-0.00198768,-0.00416904,0.137789,False
CFB,CFB,Team Total,Over,cfb|401858473|team_totals|Over|Iowa|Hard Rock Bet,cfb|401858473,2026-10-03,Hard Rock Bet,-110,1.90909,0.8082,L,-1,-0.8082,0.488796,,,,0.131224,False
CFB,CFB,Spread,Favorite,cfb|401858475|spreads|Nebraska||Bovada,cfb|401858475,2026-10-03,Bovada,-110,1.90909,1.2097,W,0.909091,1.09973,0.5,0.525217,0.0252167,0.0504335,0.11598,False
CFB,CFB,Team Total,Under,cfb|401858475|team_totals|Under|Maryland|Hard Rock Bet,cfb|401858475,2026-10-03,Hard Rock Bet,-115,1.86957,0.4809,L,-1,-0.4809,0.5,,,,0.0908,False
CFB,CFB,Spread,Favorite,cfb|401858478|spreads|USC||Hard Rock Bet,cfb|401858478,2026-10-03,Hard Rock Bet,-110,1.90909,1.4358,L,-1,-1.4358,0.5,0.463213,-0.0367873,-0.0735747,0.1332,False
CFB,CFB,Team Total,Under,cfb|401858478|team_totals|Under|Washington|Hard Rock Bet,cfb|401858478,2026-10-03,Hard Rock Bet,-125,1.8,1.0878,W,0.8,0.87024,0.522426,,,,0.153994,False
CFB,CFB,Team Total,Under,cfb|401858479|team_totals|Under|Wisconsin|FanDuel,cfb|401858479,2026-10-03,FanDuel,-115,1.86957,0.6183,L,-1,-0.6183,0.504543,0.516021,0.0114775,0.0227483,0.102237,False
CFB,CFB,Moneyline,Underdog,cfb|401860899|h2h|Colorado State||Bovada,cfb|401860899,2026-10-03,Bovada,185,2.85,0.9605,L,-1,-0.9605,0.325617,0.286943,-0.0386746,-0.118773,0.181123,False
CFB,CFB,Spread,Underdog,cfb|401860899|spreads|Colorado State||LowVig.ag,cfb|401860899,2026-10-03,LowVig.ag,-101,1.9901,1.5034,L,-1,-1.5034,0.488053,0.462206,-0.0258462,-0.0529578,0.134107,False
CFB,CFB,Team Total,Over,cfb|401860899|team_totals|Over|Colorado State|FanDuel,cfb|401860899,2026-10-03,FanDuel,-125,1.8,0.8271,L,-1,-0.8271,0.526069,0.479538,-0.0465305,-0.0884494,0.121391,False
CFB,CFB,Total,Over,cfb|401860899|totals|Over||BetRivers,cfb|401860899,2026-10-03,BetRivers,-110,1.90909,0.9089,W,0.909091,0.826273,0.492076,0.526401,0.0343244,0.0697541,0.100984,False
CFB,CFB,Moneyline,Underdog,cfb|401860900|h2h|San Diego State||theScore Bet,cfb|401860900,2026-10-03,theScore Bet,165,2.65,1.3891,W,1.65,2.29201,0.355515,0.234053,-0.121462,-0.341651,0.238065,False
CFB,CFB,Spread,Underdog,cfb|401860900|spreads|San Diego State||theScore Bet,cfb|401860900,2026-10-03,theScore Bet,-105,1.95238,2.2789,W,0.952381,2.17038,0.488396,0.374012,-0.114384,-0.234204,0.201664,False
CFB,CFB,Team Total,Under,cfb|401860900|team_totals|Under|Texas State|FanDuel,cfb|401860900,2026-10-03,FanDuel,-120,1.83333,1.4207,W,0.833333,1.18392,0.515909,0.402856,-0.113053,-0.219135,0.190991,False
CFB,CFB,Team Total,Under,cfb|401860921|team_totals|Under|Fresno State|FanDuel,cfb|401860921,2026-10-03,FanDuel,-120,1.83333,0.696,L,-1,-0.696,0.515909,0.577049,0.0611403,0.11851,0.108631,False
CFB,CFB,Total,Under,cfb|401860921|totals|Under||DraftKings,cfb|401860921,2026-10-03,DraftKings,-108,1.92593,1.1966,W,0.925926,1.10796,0.495359,0.537969,0.0426093,0.0860169,0.115921,False
CFB,CFB,Spread,Underdog,cfb|401862787|spreads|Charlotte||FanDuel,cfb|401862787,2026-10-03,FanDuel,-105,1.95238,1.5919,L,-1,-1.5919,0.488396,,,,0.148044,False
CFB,CFB,Team Total,Under,cfb|401862787|team_totals|Under|Memphis|FanDuel,cfb|401862787,2026-10-03,FanDuel,-106,1.9434,1.3255,L,-1,-1.3255,0.484091,,,,0.191329,False
CFB,CFB,Total,Under,cfb|401862787|totals|Under||theScore Bet,cfb|401862787,2026-10-03,theScore Bet,100,2,1.3678,L,-1,-1.3678,0.476771,,,,0.132649,False
CFB,CFB,Total,Under,cfb|401862788|totals|Under||FanDuel,cfb|401862788,2026-10-03,FanDuel,-112,1.89286,0.9108,W,0.892857,0.813214,0.504641,0.473599,-0.0310414,-0.0615118,0.092399,False
CFB,CFB,Team Total,Over,cfb|401862791|team_totals|Over|Air Force|FanDuel,cfb|401862791,2026-10-03,FanDuel,-104,1.96154,1.5234,L,-1,-1.5234,0.479538,0.463858,-0.0156807,-0.0326995,0.216962,False
CFB,CFB,Team Total,Over,cfb|401862791|team_totals|Over|Navy|FanDuel,cfb|401862791,2026-10-03,FanDuel,-102,1.98039,1.1287,L,-1,-1.1287,0.473931,0.479538,0.0056071,0.011831,0.170709,False
CFB,CFB,Total,Over,cfb|401862791|totals|Over||theScore Bet,cfb|401862791,2026-10-03,theScore Bet,-105,1.95238,3.2339,L,-1,-3.2339,0.488396,0.473599,-0.0147963,-0.0302957,0.276204,False
CFB,CFB,Spread,Favorite,cfb|401862792|spreads|South Florida||Bovada,cfb|401862792,2026-10-03,Bovada,-105,1.95238,2.2305,L,-1,-2.2305,0.488396,0.474783,-0.0136123,-0.0278714,0.197884,False
CFB,CFB,Team Total,Over,cfb|401862792|team_totals|Over|South Florida|FanDuel,cfb|401862792,2026-10-03,FanDuel,-104,1.96154,1.0604,L,-1,-1.0604,0.479538,0.468082,-0.0114566,-0.0238908,0.160222,False
CFB,CFB,Team Total,Under,cfb|401862792|team_totals|Under|Temple|FanDuel,cfb|401862792,2026-10-03,FanDuel,-111,1.9009,0.6979,W,0.900901,0.628739,0.495457,0.495457,0,0,0.113303,False
CFB,CFB,Spread,Favorite,cfb|401864513|spreads|Hawai'i||FanDuel,cfb|401864513,2026-10-03,FanDuel,-114,1.87719,1.5709,L,-1,-1.5709,0.509283,0.511604,0.00232185,0.00455907,0.140877,False
CFB,CFB,Team Total,Under,cfb|401864513|team_totals|Under|San José State|FanDuel,cfb|401864513,2026-10-03,FanDuel,-115,1.86957,1.4922,W,0.869565,1.29757,0.504543,0.511361,0.00681742,0.0135121,0.203857,False
CFB,CFB,Total,Under,cfb|401864513|totals|Under||LowVig.ag,cfb|401864513,2026-10-03,LowVig.ag,-108,1.92593,1.3495,W,0.925926,1.24954,0.5,0.5,0,0,0.12304,False
CFB,CFB,Spread,Favorite,cfb|401864514|spreads|New Mexico||LowVig.ag,cfb|401864514,2026-10-03,LowVig.ag,-106,1.9434,1.1706,W,0.943396,1.10434,0.5,0.537129,0.037129,0.0742579,0.10548,False
CFB,CFB,Team Total,Over,cfb|401864514|team_totals|Over|New Mexico|FanDuel,cfb|401864514,2026-10-03,FanDuel,-102,1.98039,0.8157,W,0.980392,0.799706,0.473931,0.468353,-0.00557849,-0.0117707,0.131969,False
CFB,CFB,Total,Over,cfb|401864514|totals|Over||Pinnacle,cfb|401864514,2026-10-03,Pinnacle,-104,1.96154,1.1123,W,0.961538,1.06952,0.487188,0.487096,-9.28665e-05,-0.000190617,0.109852,False
CFB,CFB,Team Total,Under,cfb|401866430|team_totals|Under|Akron|FanDuel,cfb|401866430,2026-10-03,FanDuel,-111,1.9009,0.6203,W,0.900901,0.558829,0.495457,0.526069,0.030612,0.0617854,0.104103,False
CFB,CFB,Total,Under,cfb|401866430|totals|Under||theScore Bet,cfb|401866430,2026-10-03,theScore Bet,-115,1.86957,1.1204,L,-1,-1.1204,0.511604,0.537969,0.0263642,0.0515323,0.106656,False
CFB,CFB,Team Total,Over,cfb|401866431|team_totals|Over|Ball State|FanDuel,cfb|401866431,2026-10-03,FanDuel,-111,1.9009,0.7722,W,0.900901,0.695676,0.495457,0.468082,-0.027375,-0.0552521,0.122103,False
CFB,CFB,Total,Over,cfb|401866431|totals|Over||Pinnacle,cfb|401866431,2026-10-03,Pinnacle,-107,1.93458,1.5827,W,0.934579,1.47916,0.495326,0.534877,0.0395514,0.0798492,0.143914,False
CFB,CFB,Moneyline,Underdog,cfb|401866432|h2h|Buffalo||BetRivers,cfb|401866432,2026-10-03,BetRivers,510,6.1,0.8462,L,-1,-0.8462,0.122901,0.146519,0.023618,0.192171,0.217899,False
CFB,CFB,Spread,Underdog,cfb|401866432|spreads|Buffalo||theScore Bet,cfb|401866432,2026-10-03,theScore Bet,100,2,1.87,W,1,1.87,0.476771,0.513625,0.0368538,0.0772988,0.172829,False
CFB,CFB,Team Total,Over,cfb|401866432|team_totals|Over|Buffalo|FanDuel,cfb|401866432,2026-10-03,FanDuel,-120,1.83333,0.8624,W,0.833333,0.718667,0.515909,0.547743,0.0318343,0.0617052,0.127551,False
CFB,CFB,Team Total,Under,cfb|401866432|team_totals|Under|Western Michigan|FanDuel,cfb|401866432,2026-10-03,FanDuel,-111,1.9009,0.8512,W,0.900901,0.766847,0.495457,0.568114,0.0726569,0.146646,0.131463,False
CFB,CFB,Spread,Favorite,cfb|401866433|spreads|Massachusetts||Pinnacle,cfb|401866433,2026-10-03,Pinnacle,-108,1.92593,1.0903,L,-1,-1.0903,0.5,0.521117,0.0211167,0.0422333,0.1031,False
CFB,CFB,Team Total,Under,cfb|401866433|team_totals|Under|Eastern Michigan|FanDuel,cfb|401866433,2026-10-03,FanDuel,-118,1.84746,0.5729,L,-1,-0.5729,0.511361,0.531647,0.0202866,0.0396719,0.095619,False
CFB,CFB,Spread,Favorite,cfb|401866434|spreads|Ohio||theScore Bet,cfb|401866434,2026-10-03,theScore Bet,105,2.05,1.6509,L,-1,-1.6509,0.465414,0.488396,0.0229818,0.0493792,0.157686,False
CFB,CFB,Team Total,Under,cfb|401866434|team_totals|Under|Kent State|FanDuel,cfb|401866434,2026-10-03,FanDuel,-104,1.96154,0.6751,W,0.961538,0.649135,0.479538,0.495457,0.0159185,0.0331954,0.113002,False
CFB,CFB,Spread,Underdog,cfb|401869842|spreads|Louisiana Tech||BetRivers,cfb|401869842,2026-10-03,BetRivers,-109,1.91743,1.135,W,0.917431,1.04128,0.495392,0.546915,0.0515226,0.104004,0.113028,False
CFB,CFB,Team Total,Over,cfb|401869842|team_totals|Over|Louisiana Tech|FanDuel,cfb|401869842,2026-10-03,FanDuel,-111,1.9009,0.5448,W,0.900901,0.490811,0.495457,0.556773,0.0613166,0.123758,0.095163,False
CFB,CFB,Spread,Underdog,cfb|401869942|spreads|Coastal Carolina||Pinnacle,cfb|401869942,2026-10-03,Pinnacle,-106,1.9434,1.0312,L,-1,-1.0312,0.495292,0.479802,-0.0154896,-0.0312738,0.099368,False
CFB,CFB,Team Total,Under,cfb|401869942|team_totals|Under|Georgia Southern|FanDuel,cfb|401869942,2026-10-03,FanDuel,-106,1.9434,0.5885,L,-1,-0.5885,0.484091,0.504543,0.0204523,0.0422488,0.101889,False
CFB,CFB,Spread,Favorite,cfb|401869956|spreads|Georgia State||Hard Rock Bet,cfb|401869956,2026-10-03,Hard Rock Bet,-105,1.95238,1.0381,W,0.952381,0.988667,0.482893,0.5,0.0171067,0.0354254,0.110327,False
CFB,CFB,Spread,Favorite,cfb|401869962|spreads|James Madison||DraftKings,cfb|401869962,2026-10-03,DraftKings,-105,1.95238,1.2408,W,0.952381,1.18171,0.488396,0.424751,-0.0636443,-0.130313,0.120644,False
CFB,CFB,Team Total,Under,cfb|401869962|team_totals|Under|Marshall|FanDuel,cfb|401869962,2026-10-03,FanDuel,-125,1.8,1.0124,W,0.8,0.80992,0.526069,0.40193,-0.124138,-0.235974,0.141971,False
CFB,CFB,Spread,Favorite,cfb|401871089|spreads|South Alabama||FanDuel,cfb|401871089,2026-10-03,FanDuel,-115,1.86957,1.2862,W,0.869565,1.11843,0.511604,0.5,-0.0116045,-0.0226825,0.118996,False
CFB,CFB,Team Total,Under,cfb|401871089|team_totals|Under|UL Monroe|FanDuel,cfb|401871089,2026-10-03,FanDuel,102,2.02,0.7607,L,-1,-0.7607,0.463858,0.495185,0.0313273,0.0675365,0.127222,False
MLB,F5,Run Line,Underdog,f5|823933|Run Line,mlb|823933,2026-07-03,betonlineag,140,2.4,0.98,W,1.4,1.372,0.4037,,,,0.0703,True
MLB,F5,Run Line,Favorite,f5|824659|Run Line,mlb|824659,2026-07-03,betonlineag,115,2.15,1.67,L,-1,-1.67,0.4514,,,,0.1029,True
MLB,F5,Run Line,Underdog,f5|822716|Run Line,mlb|822716,2026-07-04,mybookieag,109,2.09,0.81,L,-1,-0.81,0.4673,,,,0.0533,True
MLB,F5,Run Line,Underdog,f5|823118|Run Line,mlb|823118,2026-07-04,mybookieag,-108,1.92593,1.37,L,-1,-1.37,0.4978,,,,0.0874,True
MLB,F5,Run Line,Underdog,f5|823526|Run Line,mlb|823526,2026-07-04,mybookieag,102,2.02,1.87,W,1.02,1.9074,0.4859,,,,0.1037,True
MLB,F5,Run Line,Favorite,f5|824334|Run Line,mlb|824334,2026-07-04,betonlineag,110,2.1,1.26,W,1.1,1.386,0.468,,,,0.0739,True
MLB,F5,Run Line,Favorite,f5|824499|Run Line,mlb|824499,2026-07-04,betonlineag,115,2.15,1.92,L,-1,-1.92,0.4612,,,,0.1065,True
MLB,F5,Run Line,Favorite,f5|824658|Run Line,mlb|824658,2026-07-04,betonlineag,-110,1.90909,0.74,L,-1,-0.74,0.5033,,,,0.0558,True
MLB,F5,Run Line,Underdog,f5|823525|Run Line,mlb|823525,2026-07-05,mybookieag,-124,1.80645,0.91,W,0.806452,0.733871,0.5376,,,,0.0568,True
MLB,F5,Run Line,Underdog,f5|824010|Run Line,mlb|824010,2026-07-05,betonlineag,-110,1.90909,0.72,L,-1,-0.72,0.5022,,,,0.0559,True
MLB,F5,Run Line,Underdog,f5|824902|Run Line,mlb|824902,2026-07-05,mybookieag,-142,1.70423,1.55,W,0.704225,1.09155,0.569,,,,0.082,True
MLB,F5,Run Line,Underdog,f5|823930|Run Line,mlb|823930,2026-07-06,betonlineag,125,2.25,1.34,L,-1,-1.34,0.4324,,,,0.0866,True
MLB,F5,Run Line,Underdog,f5|824900|Run Line,mlb|824900,2026-07-06,betonlineag,-135,1.74074,1.48,L,-1,-1.48,0.5526,,,,0.0849,True
MLB,F5,Run Line,Underdog,f5|823929|Run Line,mlb|823929,2026-07-07,betmgm,-110,1.90909,1.31,L,-1,-1.31,0.519,0.5214,0.0024,0.00462428,0.0671,True
MLB,F5,Run Line,Underdog,f5|824579|Run Line,mlb|824579,2026-07-07,betonlineag,-125,1.8,1.52,L,-1,-1.52,0.5325,0.5361,0.0036,0.00676056,0.0907,True
MLB,F5,Run Line,Underdog,f5|823928|Run Line,mlb|823928,2026-07-08,mybookieag,-129,1.77519,0.81,W,0.775194,0.627907,0.5443,,,,0.0542,True
MLB,F5,Run Line,Underdog,f5|823359|Run Line,mlb|823359,2026-07-09,mybookieag,-130,1.76923,1.42,L,-1,-1.42,0.5543,,,,0.0726,True
MLB,F5,Run Line,Underdog,f5|823683|Run Line,mlb|823683,2026-07-09,mybookieag,-129,1.77519,1.28,W,0.775194,0.992248,0.5477,,,,0.0713,True
MLB,F5,Run Line,Underdog,f5|823846|Run Line,mlb|823846,2026-07-09,williamhill_us,-105,1.95238,1.73,W,0.952381,1.64762,0.4944,,,,0.1023,True
MLB,F5,Run Line,Underdog,f5|822709|Run Line,mlb|822709,2026-07-10,mybookieag,-109,1.91743,0.67,L,-1,-0.67,0.4989,,,,0.0545,True
MLB,F5,Run Line,Underdog,f5|823278|Run Line,mlb|823278,2026-07-10,mybookieag,-145,1.68966,0.87,W,0.689655,0.6,0.5711,,,,0.0561,True
MLB,F5,Run Line,Underdog,f5|822711|Run Line,mlb|822711,2026-07-11,betonlineag,122,2.22,1.31,W,1.22,1.5982,0.4365,,,,0.0862,True
MLB,F5,Run Line,Favorite,f5|824492|Run Line,mlb|824492,2026-07-11,betonlineag,130,2.3,1.3,W,1.3,1.69,0.4202,,,,0.0882,True
MLB,F5,Run Line,Favorite,f5|822951|Run Line,mlb|822951,2026-07-12,fanduel,108,2.08,0.84,L,-1,-0.84,0.4657,,,,0.0588,True
MLB,F5,Run Line,Underdog,f5|823274|Run Line,mlb|823274,2026-07-12,betonlineag,-115,1.86957,1.3,W,0.869565,1.13043,0.523,,,,0.0725,True
MLB,F5,Run Line,Favorite,f5|823440|Run Line,mlb|823440,2026-07-16,betus,115,2.15,1.03,L,-1,-1.03,0.4474,,,,0.0728,True
MLB,F5,Run Line,Favorite,f5|823524|Run Line,mlb|823524,2026-07-17,betus,125,2.25,1.97,W,1.25,2.4625,0.4296,,,,0.1241,True
MLB,F5,Run Line,Underdog,f5|822790|Run Line,mlb|822790,2026-07-18,betmgm,-140,1.71429,1.68,W,0.714286,1.2,0.5598,,,,0.0934,True
MLB,F5,Run Line,Underdog,f5|824008|Run Line,mlb|824008,2026-07-18,fanduel,112,2.12,1.44,L,-1,-1.44,0.4428,,,,0.105,True
MLB,F5,Run Line,Underdog,f5|824086|Run Line,mlb|824086,2026-07-19,fanduel,-108,1.92593,0.86,W,0.925926,0.796296,0.5034,,,,0.057,True
MLB,F5,Run Line,Favorite,f5|824168|Run Line,mlb|824168,2026-07-19,betonlineag,125,2.25,1.03,L,-1,-1.03,0.4339,,,,0.0676,True
MLB,F5,Run Line,Underdog,f5|823522|Run Line,mlb|823522,2026-07-20,mybookieag,-146,1.68493,0.95,L,-1,-0.95,0.5772,0.5838,0.0066,0.0114345,0.0548,True
MLB,F5,Run Line,Underdog,f5|823762|Run Line,mlb|823762,2026-07-20,betonlineag,125,2.25,0.92,L,-1,-0.92,0.4362,0.4208,-0.0154,-0.0353049,0.0594,True
MLB,F5,Run Line,Favorite,f5|824087|Run Line,mlb|824087,2026-07-20,betonlineag,122,2.22,0.79,W,1.22,0.9638,0.4435,0.449,0.0055,0.0124014,0.0506,True
MLB,F5,Run Line,Underdog,f5|822871|Run Line,mlb|822871,2026-07-21,fanduel,-130,1.76923,0.67,L,-1,-0.67,0.5427,,,,0.0514,True
MLB,F5,Run Line,Underdog,f5|823760|Run Line,mlb|823760,2026-07-21,mybookieag,-113,1.88496,0.94,W,0.884956,0.831858,0.5173,,,,0.0574,True
MLB,F5,Run Line,Favorite,f5|824165|Run Line,mlb|824165,2026-07-21,betonlineag,110,2.1,0.94,W,1.1,1.034,0.4589,,,,0.0667,True
MLB,F5,Run Line,Underdog,f5|823110|Run Line,mlb|823110,2026-07-22,betonlineag,-110,1.90909,0.89,L,-1,-0.89,0.5022,,,,0.0639,True
MLB,F5,Run Line,Underdog,f5|823438|Run Line,mlb|823438,2026-07-22,betonlineag,-130,1.76923,1.13,W,0.769231,0.869231,0.5497,,,,0.0648,True
MLB,F5,Run Line,Underdog,f5|824083|Run Line,mlb|824083,2026-07-22,betonlineag,-135,1.74074,1.15,W,0.740741,0.851852,0.5526,,,,0.0707,True
MLB,F5,Run Line,Underdog,f5|824896|Run Line,mlb|824896,2026-07-22,mybookieag,-144,1.69444,0.93,L,-1,-0.93,0.5704,,,,0.0578,True
MLB,F5,Run Line,Favorite,f5|822952|Run Line,mlb|822952,2026-07-24,betonlineag,105,2.05,0.62,W,1.05,0.651,0.4693,,,,0.0505,True
MLB,F5,Run Line,Underdog,f5|823601|Run Line,mlb|823601,2026-07-24,mybookieag,-114,1.87719,2.03,W,0.877193,1.7807,0.511,,,,0.1166,True
MLB,F5,Run Line,Underdog,f5|823027|Run Line,mlb|823027,2026-07-25,mybookieag,-139,1.71942,1.93,L,-1,-1.93,0.5722,,,,0.0902,True
MLB,F5,Run Line,Underdog,f5|823600|Run Line,mlb|823600,2026-07-25,mybookieag,-106,1.9434,1.4,L,-1,-1.4,0.5023,,,,0.0802,True
MLB,F5,Run Line,Underdog,f5|822706|Run Line,mlb|822706,2026-07-26,bovada,-135,1.74074,1.9,W,0.740741,1.40741,0.5638,,,,0.0916,True
MLB,F5,Run Line,Underdog,f5|823599|Run Line,mlb|823599,2026-07-26,mybookieag,-107,1.93458,1.28,L,-1,-1.28,0.4989,,,,0.0801,True
MLB,F5,Run Line,Favorite,f5|824810|Run Line,mlb|824810,2026-07-26,betonlineag,120,2.2,1.06,L,-1,-1.06,0.438,,,,0.0745,True
MLB,F5,Run Line,Underdog,f5|822705|Run Line,mlb|822705,2026-07-27,mybookieag,-114,1.87719,1.42,W,0.877193,1.24561,0.5158,0.5077,-0.0081,-0.0157038,0.0832,True
MLB,F5,Run Line,Favorite,f5|823597|Run Line,mlb|823597,2026-07-27,betonlineag,120,2.2,0.79,L,-1,-0.79,0.438,0.4387,0.0007,0.00159817,0.0594,True
MLB,F5,Run Line,Underdog,f5|822703|Run Line,mlb|822703,2026-07-28,fanduel,-110,1.90909,1.15,L,-1,-1.15,0.5022,,,,0.0763,True
MLB,F5,Run Line,Favorite,f5|824003|Run Line,mlb|824003,2026-07-28,betonlineag,125,2.25,0.73,L,-1,-0.73,0.4289,,,,0.0562,True
MLB,F5,Run Line,Underdog,f5|824490|Run Line,mlb|824490,2026-07-28,betus,-125,1.8,1.75,W,0.8,1.4,0.5325,,,,0.1008,True
MLB,F5,Run Line,Underdog,f5|823596|Run Line,mlb|823596,2026-07-29,betus,-110,1.90909,2.36,W,0.909091,2.14545,0.5011,,,,0.135,True
MLB,F5,Run Line,Underdog,f5|823837|Run Line,mlb|823837,2026-07-29,mybookieag,-105,1.95238,0.58,L,-1,-0.58,0.4892,,,,0.0514,True
MLB,F5,Run Line,Underdog,f5|824002|Run Line,mlb|824002,2026-07-29,mybookieag,-120,1.83333,1.25,W,0.833333,1.04167,0.5279,,,,0.0745,True
MLB,F5,Run Line,Favorite,f5|822946|Run Line,mlb|822946,2026-07-30,fanduel,-110,1.90909,1,L,-1,-1,0.5056,,,,0.066,True
MLB,F5,Run Line,Underdog,f5|823921|Run Line,mlb|823921,2026-07-30,betonlineag,-115,1.86957,0.82,L,-1,-0.82,0.5108,,,,0.062,True
MLB,F5,Run Line,Favorite,f5|824164|Run Line,mlb|824164,2026-07-31,betonlineag,135,2.35,0.82,W,1.35,1.107,0.4149,,,,0.0579,True
MLB,F5,Run Line,Underdog,f5|824486|Run Line,mlb|824486,2026-07-31,betonlineag,-133,1.75188,0.74,W,0.75188,0.556391,0.551,,,,0.0515,True
MLB,F5,Run Line,Favorite,f5|823594|Run Line,mlb|823594,2026-08-01,betonlineag,104,2.04,0.83,L,-1,-0.83,0.4696,,,,0.063,True
MLB,F5,Run Line,Underdog,f5|824890|Run Line,mlb|824890,2026-08-01,betonlineag,105,2.05,1.44,L,-1,-1.44,0.4675,,,,0.0942,True
MLB,F5,Run Line,Favorite,f5|822783|Run Line,mlb|822783,2026-08-02,betonlineag,120,2.2,1.15,L,-1,-1.15,0.4433,,,,0.0742,True
MLB,F5,Run Line,Underdog,f5|824160|Run Line,mlb|824160,2026-08-03,mybookieag,-121,1.82645,1.16,W,0.826446,0.958678,0.5288,,,,0.071,True
MLB,F5,Run Line,Underdog,f5|823432|Run Line,mlb|823432,2026-08-04,betonlineag,145,2.45,0.87,L,-1,-0.87,0.396,,,,0.0634,True
MLB,F5,Run Line,Underdog,f5|823517|Run Line,mlb|823517,2026-08-04,betus,105,2.05,0.76,L,-1,-0.76,0.474,,,,0.0529,True
MLB,F5,Run Line,Underdog,f5|824161|Run Line,mlb|824161,2026-08-04,betus,-130,1.76923,0.7,L,-1,-0.7,0.5451,,,,0.0504,True
MLB,F5,Run Line,Underdog,f5|824403|Run Line,mlb|824403,2026-08-04,betus,-110,1.90909,0.84,W,0.909091,0.763636,0.5116,,,,0.0521,True
MLB,F5,Run Line,Underdog,f5|822866|Run Line,mlb|822866,2026-08-05,fanduel,106,2.06,0.81,L,-1,-0.81,0.4663,,,,0.0608,True
MLB,F5,Run Line,Underdog,f5|823429|Run Line,mlb|823429,2026-08-05,mybookieag,105,2.05,0.81,L,-1,-0.81,0.477,,,,0.0525,True
MLB,F5,Run Line,Underdog,f5|824158|Run Line,mlb|824158,2026-08-05,betonlineag,112,2.12,0.71,L,-1,-0.71,0.4566,,,,0.0528,True
MLB,F5,Run Line,Underdog,f5|824322|Run Line,mlb|824322,2026-08-05,betonlineag,-103,1.97087,0.82,L,-1,-0.82,0.4868,,,,0.0608,True
MLB,F5,Run Line,Underdog,f5|823430|Run Line,mlb|823430,2026-08-06,mybookieag,-106,1.9434,1.39,L,-1,-1.39,0.4903,,,,0.092,True
MLB,F5,Run Line,Underdog,f5|824729|Run Line,mlb|824729,2026-08-06,mybookieag,110,2.1,1.3,W,1.1,1.43,0.4615,,,,0.0826,True
MLB,F5,Run Line,Underdog,f5|824566|Run Line,mlb|824566,2026-08-07,mybookieag,-123,1.81301,0.65,L,-1,-0.65,0.5307,,,,0.0501,True
MLB,F5,Run Line,Underdog,f5|823267|Run Line,mlb|823267,2026-08-08,betonlineag,-143,1.6993,2.27,W,0.699301,1.58741,0.5697,,,,0.1121,True
MLB,F5,Run Line,Underdog,f5|823426|Run Line,mlb|823426,2026-08-08,mybookieag,-104,1.96154,1.1,W,0.961538,1.05769,0.49,,,,0.0736,True
MLB,F5,Run Line,Underdog,f5|824079|Run Line,mlb|824079,2026-08-08,mybookieag,-107,1.93458,1.23,W,0.934579,1.14953,0.4967,,,,0.0796,True
MLB,F5,Run Line,Underdog,f5|824565|Run Line,mlb|824565,2026-08-08,betonlineag,-110,1.90909,1.13,W,0.909091,1.02727,0.5068,,,,0.0707,True
MLB,F5,Run Line,Underdog,f5|823020|Run Line,mlb|823020,2026-08-09,mybookieag,104,2.04,0.74,L,-1,-0.74,0.4733,,,,0.0546,True
MLB,F5,Run Line,Underdog,f5|823190|Run Line,mlb|823190,2026-08-09,betonlineag,-135,1.74074,1.76,W,0.740741,1.3037,0.5549,,,,0.0944,True
MLB,F5,Run Line,Underdog,f5|823425|Run Line,mlb|823425,2026-08-09,fanduel,118,2.18,0.96,L,-1,-0.96,0.448,,,,0.0626,True
MLB,F5,Run Line,Underdog,f5|822780|Run Line,mlb|822780,2026-08-10,betonlineag,-110,1.90909,0.6,W,0.909091,0.545455,0.5022,,,,0.0501,True
MLB,F5,Run Line,Favorite,f5|823673|Run Line,mlb|823673,2026-08-11,betonlineag,125,2.25,1.42,L,-1,-1.42,0.4386,,,,0.0845,True
MLB,F5,Run Line,Underdog,f5|824563|Run Line,mlb|824563,2026-08-11,mybookieag,-107,1.93458,0.88,L,-1,-0.88,0.4967,,,,0.0628,True
MLB,F5,Run Line,Underdog,f5|824886|Run Line,mlb|824886,2026-08-11,mybookieag,-134,1.74627,1.35,L,-1,-1.35,0.5575,,,,0.0728,True
MLB,F5,Run Line,Underdog,f5|823263|Run Line,mlb|823263,2026-08-12,betonlineag,-135,1.74074,1.47,L,-1,-1.47,0.5526,,,,0.0845,True
MLB,F5,Run Line,Underdog,f5|822776|Run Line,mlb|822776,2026-08-13,betonlineag,-105,1.95238,1.95,L,-1,-1.95,0.4966,,,,0.1109,True
MLB,F5,Run Line,Underdog,f5|823508|Run Line,mlb|823508,2026-08-13,betus,-110,1.90909,0.9,W,0.909091,0.818182,0.5166,,,,0.0502,True
MLB,F5,Run Line,Underdog,f5|824159|Run Line,mlb|824159,2026-08-14,mybookieag,-129,1.77519,1.59,L,-1,-1.59,0.5477,,,,0.0849,True
MLB,F5,Run Line,Underdog,f5|824237|Run Line,mlb|824237,2026-08-14,mybookieag,-107,1.93458,1.15,W,0.934579,1.07477,0.4967,,,,0.0759,True
MLB,F5,Run Line,Favorite,f5|824479|Run Line,mlb|824479,2026-08-14,betonlineag,117,2.17,0.67,L,-1,-0.67,0.4451,,,,0.0518,True
MLB,F5,Run Line,Underdog,f5|823344|Run Line,mlb|823344,2026-08-16,mybookieag,-141,1.70922,0.91,W,0.70922,0.64539,0.5683,,,,0.0545,True
MLB,F5,Run Line,Underdog,f5|824477|Run Line,mlb|824477,2026-08-16,betonlineag,-135,1.74074,1.62,W,0.740741,1.2,0.5526,,,,0.0906,True
MLB,F5,Run Line,Underdog,f5|823668|Run Line,mlb|823668,2026-08-17,mybookieag,-122,1.81967,1.47,W,0.819672,1.20492,0.5381,,,,0.0776,True
MLB,F5,Run Line,Favorite,f5|823341|Run Line,mlb|823341,2026-08-18,mybookieag,-103,1.97087,0.64,W,0.970874,0.621359,0.4868,,,,0.0522,True
MLB,F5,Run Line,Underdog,f5|822937|Run Line,mlb|822937,2026-08-19,fanduel,118,2.18,1.16,L,-1,-1.16,0.444,,,,0.0777,True
MLB,F5,Run Line,Favorite,f5|823424|Run Line,mlb|823424,2026-08-19,betonlineag,125,2.25,1.15,W,1.25,1.4375,0.4289,,,,0.0795,True
MLB,F5,Run Line,Underdog,f5|824640|Run Line,mlb|824640,2026-08-19,betonlineag,-108,1.92593,1.05,W,0.925926,0.972222,0.5,,,,0.0696,True
MLB,F5,Run Line,Underdog,f5|824153|Run Line,mlb|824153,2026-08-20,fanduel,100,2,1.26,W,1,1.26,0.4862,,,,0.077,True
MLB,F5,Run Line,Underdog,f5|824474|Run Line,mlb|824474,2026-08-20,betonlineag,-145,1.68966,0.98,L,-1,-0.98,0.5711,,,,0.0606,True
MLB,F5,Run Line,Underdog,f5|823510|Run Line,mlb|823510,2026-08-21,betus,140,2.4,0.87,L,-1,-0.87,0.4049,,,,0.0628,True
MLB,F5,Run Line,Underdog,f5|823746|Run Line,mlb|823746,2026-08-21,betonlineag,-120,1.83333,1.24,L,-1,-1.24,0.5339,,,,0.0678,True
MLB,F5,Run Line,Underdog,f5|824721|Run Line,mlb|824721,2026-08-21,betus,100,2,1.17,L,-1,-1.17,0.4906,,,,0.0678,True
MLB,F5,Run Line,Underdog,f5|823100|Run Line,mlb|823100,2026-08-22,betus,-120,1.83333,1.52,L,-1,-1.52,0.5315,,,,0.0832,True
MLB,F5,Run Line,Favorite,f5|824560|Run Line,mlb|824560,2026-08-22,betonlineag,125,2.25,0.86,L,-1,-0.86,0.4324,,,,0.0595,True
MLB,F5,Run Line,Favorite,f5|824798|Run Line,mlb|824798,2026-08-22,betonlineag,120,2.2,0.68,W,1.2,0.816,0.441,,,,0.0505,True
MLB,F5,Run Line,Underdog,f5|823992|Run Line,mlb|823992,2026-08-24,betonlineag,-105,1.95238,0.75,L,-1,-0.75,0.4944,,,,0.0546,True
MLB,F5,Run Line,Underdog,f5|824235|Run Line,mlb|824235,2026-08-24,betus,-110,1.90909,1.55,L,-1,-1.55,0.5141,,,,0.0836,True
MLB,F5,Run Line,Underdog,f5|823585|Run Line,mlb|823585,2026-08-25,betonlineag,-105,1.95238,0.71,W,0.952381,0.67619,0.4955,,,,0.0515,True
MLB,F5,Run Line,Underdog,f5|823096|Run Line,mlb|823096,2026-08-26,betonlineag,-130,1.76923,0.85,L,-1,-0.85,0.5427,,,,0.0596,True
MLB,F5,Run Line,Underdog,f5|823584|Run Line,mlb|823584,2026-08-26,betmgm,-110,1.90909,1.44,L,-1,-1.44,0.5022,,,,0.0902,True
MLB,F5,Run Line,Underdog,f5|824234|Run Line,mlb|824234,2026-08-26,betonlineag,-130,1.76923,0.84,W,0.769231,0.646154,0.5509,,,,0.0509,True
MLB,F5,Run Line,Underdog,f5|823581|Run Line,mlb|823581,2026-08-27,betonlineag,115,2.15,1.14,L,-1,-1.14,0.4474,,,,0.0785,True
MLB,F5,Run Line,Favorite,f5|824879|Run Line,mlb|824879,2026-08-27,betonlineag,125,2.25,0.75,W,1.25,0.9375,0.4289,,,,0.0572,True
MLB,F5,Run Line,Favorite,f5|822690|Run Line,mlb|822690,2026-08-29,betonlineag,125,2.25,1.24,W,1.25,1.55,0.4324,,,,0.0812,True
MLB,F5,Run Line,Underdog,f5|824874|Run Line,mlb|824874,2026-08-29,betonlineag,120,2.2,0.83,W,1.2,0.996,0.438,,,,0.0619,True
MLB,F5,Run Line,Underdog,f5|823982|Run Line,mlb|823982,2026-08-31,mybookieag,-141,1.70922,0.94,W,0.70922,0.666667,0.5737,,,,0.0505,True
MLB,F5,Run Line,Underdog,f5|824472|Run Line,mlb|824472,2026-09-01,mybookieag,-129,1.77519,2.55,W,0.775194,1.97674,0.5443,,,,0.1304,True
MLB,F5,Run Line,Underdog,f5|824716|Run Line,mlb|824716,2026-09-01,betonlineag,-153,1.65359,1.54,W,0.653595,1.00654,0.587,,,,0.0787,True
MLB,F5,Run Line,Underdog,f5|824144|Run Line,mlb|824144,2026-09-03,betonlineag,100,2,1.12,L,-1,-1.12,0.4831,,,,0.073,True
MLB,F5,Run Line,Underdog,f5|824311|Run Line,mlb|824311,2026-09-04,mybookieag,-121,1.82645,1.74,L,-1,-1.74,0.5348,,,,0.0915,True
MLB,F5,Run Line,Favorite,f5|823419|Run Line,mlb|823419,2026-09-05,mybookieag,-112,1.89286,0.71,W,0.892857,0.633929,0.5113,,,,0.0505,True
MLB,F5,Run Line,Underdog,f5|824468|Run Line,mlb|824468,2026-09-05,mybookieag,-103,1.97087,1.14,W,0.970874,1.1068,0.492,,,,0.0713,True
MLB,F5,Run Line,Favorite,f5|823174|Run Line,mlb|823174,2026-09-08,betonlineag,125,2.25,0.73,W,1.25,0.9125,0.4289,,,,0.056,True
MLB,F5,Run Line,Underdog,f5|823500|Run Line,mlb|823500,2026-09-08,mybookieag,-103,1.97087,1.34,W,0.970874,1.30097,0.492,,,,0.0815,True
MLB,F5,Run Line,Underdog,f5|823901|Run Line,mlb|823901,2026-09-08,fanduel,-120,1.83333,0.76,W,0.833333,0.633333,0.5157,,,,0.0641,True
MLB,F5,Run Line,Underdog,f5|823499|Run Line,mlb|823499,2026-09-10,mybookieag,101,2.01,1.8,L,-1,-1.8,0.4871,,,,0.101,True
MLB,F5,Run Line,Underdog,f5|823498|Run Line,mlb|823498,2026-09-11,mybookieag,-125,1.8,0.68,L,-1,-0.68,0.5337,,,,0.0521,True
MLB,F5,Run Line,Underdog,f5|824711|Run Line,mlb|824711,2026-09-11,betonlineag,120,2.2,0.86,W,1.2,1.032,0.438,,,,0.0633,True
MLB,F5,Run Line,Favorite,f5|822927|Run Line,mlb|822927,2026-09-12,fanduel,100,2,0.69,W,1,0.69,0.4783,,,,0.0563,True
MLB,F5,Run Line,Underdog,f5|824224|Run Line,mlb|824224,2026-09-12,mybookieag,105,2.05,1.15,W,1.05,1.2075,0.4649,,,,0.0817,True
MLB,F5,Run Line,Underdog,f5|823734|Run Line,mlb|823734,2026-09-13,betus,-105,1.95238,1.6,L,-1,-1.6,0.4944,,,,0.096,True
MLB,F5,Run Line,Favorite,f5|823575|Run Line,mlb|823575,2026-09-14,betonlineag,115,2.15,0.88,L,-1,-0.88,0.4474,,,,0.0647,True
MLB,F5,Run Line,Underdog,f5|824465|Run Line,mlb|824465,2026-09-14,betonlineag,115,2.15,1.13,L,-1,-1.13,0.4474,,,,0.0779,True
MLB,F5,Run Line,Underdog,f5|822683|Run Line,mlb|822683,2026-09-15,fanduel,108,2.08,0.93,W,1.08,1.0044,0.4639,,,,0.0651,True
MLB,F5,Run Line,Underdog,f5|823333|Run Line,mlb|823333,2026-09-15,betonlineag,135,2.35,1.72,L,-1,-1.72,0.4118,,,,0.1123,True
MLB,F5,Run Line,Underdog,f5|823654|Run Line,mlb|823654,2026-09-15,fanduel,-102,1.98039,1.17,L,-1,-1.17,0.4856,,,,0.077,True
MLB,F5,Run Line,Underdog,f5|824307|Run Line,mlb|824307,2026-09-15,betus,100,2,1.38,L,-1,-1.38,0.4802,,,,0.0888,True
MLB,F5,Run Line,Underdog,f5|824466|Run Line,mlb|824466,2026-09-15,betonlineag,122,2.22,0.96,L,-1,-0.96,0.4357,,,,0.0675,True
MLB,F5,Run Line,Favorite,f5|824627|Run Line,mlb|824627,2026-09-15,betonlineag,102,2.02,1.42,W,1.02,1.4484,0.4758,,,,0.0908,True
MLB,F5,Run Line,Favorite,f5|822763|Run Line,mlb|822763,2026-09-16,betonlineag,117,2.17,1.45,W,1.17,1.6965,0.4451,,,,0.094,True
MLB,F5,Run Line,Underdog,f5|824467|Run Line,mlb|824467,2026-09-16,betonlineag,130,2.3,0.71,W,1.3,0.923,0.4202,,,,0.0547,True
MLB,F5,Run Line,Underdog,f5|823978|Run Line,mlb|823978,2026-09-17,fanduel,-130,1.76923,0.71,W,0.769231,0.546154,0.5306,,,,0.0653,True
MLB,F5,Run Line,Underdog,f5|824464|Run Line,mlb|824464,2026-09-17,fanduel,-104,1.96154,1.51,L,-1,-1.51,0.4785,,,,0.1052,True
MLB,F5,Run Line,Underdog,f5|824303|Run Line,mlb|824303,2026-09-18,betus,125,2.25,0.83,L,-1,-0.83,0.4296,,,,0.0611,True
MLB,F5,Run Line,Underdog,f5|823001|Run Line,mlb|823001,2026-09-20,betonlineag,-110,1.90909,0.65,L,-1,-0.65,0.5,,,,0.0549,True
MLB,F5,Run Line,Underdog,f5|823329|Run Line,mlb|823329,2026-09-20,bovada,-135,1.74074,1.57,W,0.740741,1.16296,0.5526,,,,0.0887,True
MLB,F5,Run Line,Underdog,f5|823570|Run Line,mlb|823570,2026-09-20,betonlineag,100,2,0.64,L,-1,-0.64,0.4802,,,,0.0519,True
MLB,F5,Run Line,Favorite,f5|824139|Run Line,mlb|824139,2026-09-20,williamhill_us,-107,1.93458,0.73,W,0.934579,0.682243,0.4967,,,,0.0553,True
MLB,F5,Run Line,Favorite,f5|824707|Run Line,mlb|824707,2026-09-24,fanduel,106,2.06,1.14,L,-1,-1.14,0.4709,,,,0.0733,True
MLB,F5,Run Line,Underdog,f5|824866|Run Line,mlb|824866,2026-09-24,mybookieag,120,2.2,1.16,L,-1,-1.16,0.4457,,,,0.0723,True
MLB,F5,Run Line,Underdog,f5|823489|Run Line,mlb|823489,2026-09-25,betmgm,-130,1.76923,1.57,L,-1,-1.57,0.5451,,,,0.0885,True
MLB,F5,Run Line,Underdog,f5|824544|Run Line,mlb|824544,2026-09-25,betonlineag,127,2.27,0.75,L,-1,-0.75,0.4267,,,,0.0558,True
MLB,F5,Run Line,Underdog,f5|823165|Run Line,mlb|823165,2026-09-26,mybookieag,-128,1.78125,1.39,L,-1,-1.39,0.5375,,,,0.085,True
MLB,F5,Run Line,Favorite,f5|823813|Run Line,mlb|823813,2026-09-26,betonlineag,125,2.25,0.76,W,1.25,0.95,0.4324,,,,0.0541,True
MLB,F5,Run Line,Underdog,f5|824543|Run Line,mlb|824543,2026-09-26,betonlineag,120,2.2,0.74,W,1.2,0.888,0.438,,,,0.0567,True
MLB,F5,Run Line,Favorite,f5|822761|Run Line,mlb|822761,2026-09-27,mybookieag,-119,1.84034,0.97,W,0.840336,0.815126,0.5208,,,,0.0669,False
MLB,F5,Run Line,Underdog,f5|823814|Run Line,mlb|823814,2026-09-27,betonlineag,-130,1.76923,1.64,W,0.769231,1.26154,0.5427,,,,0.0938,False
MLB,F5,Run Line,Underdog,f5|849845|Run Line,mlb|849845,2026-09-29,betus,115,2.15,1.01,W,1.15,1.1615,0.4514,,,,0.0675,False
MLB,F5,Run Line,Underdog,f5|849848|Run Line,mlb|849848,2026-09-30,bovada,-120,1.83333,1.16,L,-1,-1.16,0.5279,,,,0.0702,False
MLB,F5,Run Line,Underdog,f5|849844|Run Line,mlb|849844,2026-10-01,betonlineag,-130,1.76923,1.66,W,0.769231,1.27692,0.5427,,,,0.0946,False
MLB,F5,Run Line,Underdog,f5|849830|Run Line,mlb|849830,2026-10-03,mybookieag,-145,1.68966,0.75,W,0.689655,0.517241,0.5689,,,,0.0537,False
MLB,F5,Run Line,Underdog,f5|849835|Run Line,mlb|849835,2026-10-03,mybookieag,-120,1.83333,1.13,L,-1,-1.13,0.5217,,,,0.0749,False
MLB,K Props,Strikeouts,Over,k|2026-04-16|621111,mlb|2026-04-16|SD-SEA,2026-04-16,betonlineag,103,2.03,1.58,W,1.03,1.6274,0.502077,0.485429,-0.0166486,-0.0331595,0.1046,True
MLB,K Props,Strikeouts,Over,k|2026-04-16|687075,mlb|2026-04-16|MIL-TOR,2026-04-16,draftkings,114,2.14,1.9,W,1.14,2.166,0.441203,,,,0.127,True
MLB,K Props,Strikeouts,Over,k|2026-04-17|608372,mlb|2026-04-17|COL-LAD,2026-04-17,draftkings,119,2.19,2.26,L,-1,-2.26,0.430858,0.439364,0.00850656,0.0197433,0.1487,True
MLB,K Props,Strikeouts,Over,k|2026-04-17|608379,mlb|2026-04-17|KC-NYY,2026-04-17,betonlineag,-110,1.90909,1.47,W,0.909091,1.33636,0.519675,0.487517,-0.0321581,-0.0618811,0.0978,True
MLB,K Props,Strikeouts,Under,k|2026-04-17|624133,mlb|2026-04-17|BOS-DET,2026-04-17,draftkings,120,2.2,1.06,W,1.2,1.272,0.429104,0.491685,0.0625806,0.14584,0.0835,True
MLB,K Props,Strikeouts,Over,k|2026-04-17|641793,mlb|2026-04-17|SF-WSH,2026-04-17,draftkings,140,2.4,1.65,W,1.4,2.31,0.393258,0.373134,-0.0201241,-0.0511727,0.1195,True
MLB,K Props,Strikeouts,Under,k|2026-04-17|657746,mlb|2026-04-17|CIN-MIN,2026-04-17,betmgm,-135,1.74074,1.85,W,0.740741,1.37037,0.569142,,,,0.1074,True
MLB,K Props,Strikeouts,Under,k|2026-04-17|663567,mlb|2026-04-17|HOU-STL,2026-04-17,draftkings,132,2.32,2.09,L,-1,-2.09,0.40691,0.444925,0.0380147,0.0934228,0.1432,True
MLB,K Props,Strikeouts,Under,k|2026-04-17|665795,mlb|2026-04-17|CHC-NYM,2026-04-17,draftkings,116,2.16,1.92,W,1.16,2.2272,0.436199,0.485429,0.0492295,0.11286,0.1297,True
MLB,K Props,Strikeouts,Under,k|2026-04-17|676440,mlb|2026-04-17|BAL-CLE,2026-04-17,draftkings,108,2.08,1.38,W,1.08,1.4904,0.453299,0.453299,0,0,0.0993,True
MLB,K Props,Strikeouts,Under,k|2026-04-17|693645,mlb|2026-04-17|KC-NYY,2026-04-17,draftkings,121,2.21,1.61,L,-1,-1.61,0.427365,,,,0.1132,True
MLB,K Props,Strikeouts,Under,k|2026-04-18|519242,mlb|2026-04-18|ATL-PHI,2026-04-18,betonlineag,104,2.04,1.34,W,1.04,1.3936,0.493766,0.497923,0.00415697,0.00841891,0.0938,True
MLB,K Props,Strikeouts,Over,k|2026-04-18|608566,mlb|2026-04-18|LAA-SD,2026-04-18,betonlineag,107,2.07,2.04,W,1.07,2.1828,0.471074,0.491685,0.0206106,0.0437524,0.131,True
MLB,K Props,Strikeouts,Under,k|2026-04-18|621121,mlb|2026-04-18|HOU-STL,2026-04-18,draftkings,122,2.22,1.27,W,1.22,1.5494,0.425023,0.436866,0.0118426,0.0278634,0.0951,True
MLB,K Props,Strikeouts,Over,k|2026-04-18|669467,mlb|2026-04-18|HOU-STL,2026-04-18,betonlineag,141,2.41,1.79,W,1.41,2.5239,0.389957,0.423317,0.0333601,0.0855482,0.1295,True
MLB,K Props,Strikeouts,Under,k|2026-04-18|694973,mlb|2026-04-18|PIT-TB,2026-04-18,draftkings,-130,1.76923,2.35,W,0.769231,1.80769,0.53309,0.555075,0.0219857,0.041242,0.1344,True
MLB,K Props,Strikeouts,Under,k|2026-04-18|701542,mlb|2026-04-18|KC-NYY,2026-04-18,betonlineag,128,2.28,1.26,L,-1,-1.26,0.436866,0.425638,-0.0112274,-0.0256998,0.0939,True
MLB,K Props,Strikeouts,Over,k|2026-04-19|592332,mlb|2026-04-19|AZ-TOR,2026-04-19,betmgm,115,2.15,1.19,L,-1,-1.19,0.447531,0.464037,0.016506,0.0368823,0.0888,True
MLB,K Props,Strikeouts,Over,k|2026-04-19|650633,mlb|2026-04-19|LAA-SD,2026-04-19,draftkings,106,2.06,1.07,W,1.06,1.1342,0.458,0.459996,0.00199568,0.00435737,0.0825,True
MLB,K Props,Strikeouts,Under,k|2026-04-19|663903,mlb|2026-04-19|CIN-MIN,2026-04-19,draftkings,109,2.09,2.39,W,1.09,2.6051,0.451361,0.460793,0.00943235,0.0208976,0.1519,True
MLB,K Props,Strikeouts,Over,k|2026-04-19|669194,mlb|2026-04-19|AZ-TOR,2026-04-19,draftkings,126,2.26,1.9,L,-1,-1.9,0.417694,0.428475,0.0107815,0.0258119,0.1306,True
MLB,K Props,Strikeouts,Under,k|2026-04-19|676979,mlb|2026-04-19|BOS-DET,2026-04-19,draftkings,-138,1.72464,1.89,L,-1,-1.89,0.546701,0.550562,0.00386059,0.00706162,0.1127,True
MLB,K Props,Strikeouts,Under,k|2026-04-19|691725,mlb|2026-04-19|ATL-PHI,2026-04-19,draftkings,-108,1.92593,1.44,W,0.925926,1.33333,0.489602,0.49477,0.00516748,0.0105544,0.0991,True
MLB,K Props,Strikeouts,Over,k|2026-04-20|656302,mlb|2026-04-20|LAA-TOR,2026-04-20,draftkings,-101,1.9901,1.56,W,0.990099,1.54455,0.47317,0.504155,0.030985,0.0654838,0.107,True
MLB,K Props,Strikeouts,Over,k|2026-04-20|676106,mlb|2026-04-20|ATH-SEA,2026-04-20,draftkings,125,2.25,1.54,L,-1,-1.54,0.419355,0.436866,0.017511,0.041757,0.1108,True
MLB,K Props,Strikeouts,Under,k|2026-04-20|680736,mlb|2026-04-20|COL-LAD,2026-04-20,draftkings,-120,1.83333,2.38,W,0.833333,1.98333,0.514571,0.537992,0.0234206,0.0455147,0.1389,True
MLB,K Props,Strikeouts,Over,k|2026-04-20|693821,mlb|2026-04-20|ATL-WSH,2026-04-20,fanduel,130,2.3,1.31,W,1.3,1.703,0.412227,0.41219,-3.71026e-05,-9.00054e-05,0.0985,True
MLB,K Props,Strikeouts,Over,k|2026-04-21|571578,mlb|2026-04-21|LAA-TOR,2026-04-21,fanduel,104,2.04,2.09,L,-1,-2.09,0.47317,0.496862,0.023692,0.0500708,0.1333,True
MLB,K Props,Strikeouts,Over,k|2026-04-21|571927,mlb|2026-04-21|CIN-TB,2026-04-21,fanduel,130,2.3,1.26,L,-1,-1.26,0.419943,0.430713,0.0107696,0.0256454,0.0943,True
MLB,K Props,Strikeouts,Over,k|2026-04-21|663978,mlb|2026-04-21|MIA-STL,2026-04-21,draftkings,117,2.17,1.27,W,1.17,1.4859,0.435064,0.444925,0.00986088,0.0226654,0.094,True
MLB,K Props,Strikeouts,Under,k|2026-04-21|669387,mlb|2026-04-21|PIT-TEX,2026-04-21,bovada,-135,1.74074,1.17,L,-1,-1.17,0.550562,,,,0.0816,True
MLB,K Props,Strikeouts,Over,k|2026-04-21|677958,mlb|2026-04-21|PIT-TEX,2026-04-21,draftkings,100,2,1.66,W,1,1.66,0.471933,,,,0.111,True
MLB,K Props,Strikeouts,Over,k|2026-04-21|686799,mlb|2026-04-21|LAA-TOR,2026-04-21,betonlineag,128,2.28,2.6,L,-1,-2.6,0.416045,0.468984,0.0529389,0.127243,0.1702,True
MLB,K Props,Strikeouts,Over,k|2026-04-21|695505,mlb|2026-04-21|CIN-TB,2026-04-21,betonlineag,100,2,1.08,W,1,1.08,0.47526,0.5,0.0247402,0.0520562,0.0832,True
MLB,K Props,Strikeouts,Under,k|2026-04-22|571510,mlb|2026-04-22|CHC-PHI,2026-04-22,betmgm,-110,1.90909,1.25,W,0.909091,1.13636,0.537185,,,,0.0856,True
MLB,K Props,Strikeouts,Over,k|2026-04-22|608372,mlb|2026-04-22|COL-SD,2026-04-22,betmgm,-165,1.60606,2.4,W,0.606061,1.45455,0.590999,,,,0.1265,True
MLB,K Props,Strikeouts,Over,k|2026-04-22|641743,mlb|2026-04-22|AZ-CWS,2026-04-22,betrivers,123,2.23,1.65,L,-1,-1.65,0.446808,0.441203,-0.00560477,-0.012544,0.1141,True
MLB,K Props,Strikeouts,Over,k|2026-04-22|641793,mlb|2026-04-22|ATL-WSH,2026-04-22,betmgm,115,2.15,1.38,L,-1,-1.38,0.45062,0.425638,-0.0249811,-0.0554373,0.0999,True
MLB,K Props,Strikeouts,Over,k|2026-04-22|663567,mlb|2026-04-22|CLE-HOU,2026-04-22,betonlineag,-130,1.76923,1.86,W,0.769231,1.43077,0.548639,0.540004,-0.00863538,-0.0157396,0.1108,True
MLB,K Props,Strikeouts,Over,k|2026-04-22|683004,mlb|2026-04-22|PIT-TEX,2026-04-22,betrivers,100,2,1.18,L,-1,-1.18,0.502077,0.513435,0.0113579,0.0226217,0.0859,True
MLB,K Props,Strikeouts,Under,k|2026-04-22|800311,mlb|2026-04-22|ATL-WSH,2026-04-22,bovada,-120,1.83333,3.11,L,-1,-3.11,0.53309,0.577285,0.0441951,0.0829036,0.1673,True
MLB,K Props,Strikeouts,Over,k|2026-04-23|650911,mlb|2026-04-23|CHC-PHI,2026-04-23,betonlineag,-101,1.9901,1.74,L,-1,-1.74,0.483337,0.489602,0.00626559,0.0129632,0.1138,True
MLB,K Props,Strikeouts,Under,k|2026-04-23|669373,mlb|2026-04-23|DET-MIL,2026-04-23,draftkings,-139,1.71942,1.16,W,0.719424,0.834532,0.548639,0.548639,0,0,0.0817,True
MLB,K Props,Strikeouts,Under,k|2026-04-23|681035,mlb|2026-04-23|MIN-NYM,2026-04-23,fanduel,-118,1.84746,2.36,W,0.847458,2,0.514571,0.530168,0.015597,0.0303106,0.1382,True
MLB,K Props,Strikeouts,Under,k|2026-04-23|702275,mlb|2026-04-23|ATL-WSH,2026-04-23,bovada,-180,1.55556,2.17,L,-1,-2.17,0.601707,,,,0.1188,True
MLB,K Props,Strikeouts,Under,k|2026-04-24|453286,mlb|2026-04-24|CLE-TOR,2026-04-24,betrivers,112,2.12,1.16,W,1.12,1.2992,0.451074,,,,0.0898,True
MLB,K Props,Strikeouts,Over,k|2026-04-24|592791,mlb|2026-04-24|CHC-LAD,2026-04-24,draftkings,111,2.11,1.77,L,-1,-1.77,0.447531,,,,0.1194,True
MLB,K Props,Strikeouts,Over,k|2026-04-24|605540,mlb|2026-04-24|MIL-PIT,2026-04-24,fanatics,120,2.2,1.29,L,-1,-1.29,0.434405,,,,0.0961,True
MLB,K Props,Strikeouts,Over,k|2026-04-24|645261,mlb|2026-04-24|MIA-SF,2026-04-24,bovada,140,2.4,1.67,L,-1,-1.67,0.408487,,,,0.119,True
MLB,K Props,Strikeouts,Under,k|2026-04-24|656876,mlb|2026-04-24|MIN-TB,2026-04-24,draftkings,120,2.2,1.94,L,-1,-1.94,0.428475,,,,0.132,True
MLB,K Props,Strikeouts,Over,k|2026-04-24|669467,mlb|2026-04-24|SEA-STL,2026-04-24,betmgm,-110,1.90909,1.09,W,0.909091,0.990909,0.523859,,,,0.08,True
MLB,K Props,Strikeouts,Over,k|2026-04-24|669923,mlb|2026-04-24|SEA-STL,2026-04-24,betrivers,102,2.02,1.14,L,-1,-1.14,0.47317,,,,0.0862,True
MLB,K Props,Strikeouts,Over,k|2026-04-25|608566,mlb|2026-04-25|AZ-SD,2026-04-25,draftkings,-121,1.82645,2.16,L,-1,-2.16,0.516663,,,,0.1284,True
MLB,K Props,Strikeouts,Under,k|2026-04-25|656427,mlb|2026-04-25|CIN-DET,2026-04-25,draftkings,113,2.13,1.14,W,1.13,1.2882,0.443056,0.456021,0.0129647,0.0292619,0.0866,True
MLB,K Props,Strikeouts,Over,k|2026-04-25|668678,mlb|2026-04-25|AZ-SD,2026-04-25,draftkings,138,2.38,2.55,L,-1,-2.55,0.3967,,,,0.1713,True
MLB,K Props,Strikeouts,Under,k|2026-04-25|669022,mlb|2026-04-25|ATH-TEX,2026-04-25,betrivers,114,2.14,1.23,L,-1,-1.23,0.478236,0.449438,-0.0287974,-0.060216,0.0898,True
MLB,K Props,Strikeouts,Under,k|2026-04-25|676979,mlb|2026-04-25|BAL-BOS,2026-04-25,draftkings,-103,1.97087,1.94,W,0.970874,1.8835,0.478236,,,,0.1246,True
MLB,K Props,Strikeouts,Over,k|2026-04-25|693433,mlb|2026-04-25|SEA-STL,2026-04-25,draftkings,114,2.14,1.32,L,-1,-1.32,0.440513,,,,0.0971,True
MLB,K Props,Strikeouts,Over,k|2026-04-25|694819,mlb|2026-04-25|MIL-PIT,2026-04-25,fanduel,106,2.06,1.67,W,1.06,1.7702,0.474041,0.464854,-0.00918633,-0.0193788,0.1118,True
MLB,K Props,Strikeouts,Over,k|2026-04-25|700712,mlb|2026-04-25|KC-LAA,2026-04-25,betrivers,108,2.08,2.94,L,-1,-2.94,0.471074,0.485429,0.0143544,0.0304717,0.1757,True
MLB,K Props,Strikeouts,Over,k|2026-04-26|650633,mlb|2026-04-26|AZ-SD,2026-04-26,betonlineag,-103,1.97087,2.18,W,0.970874,2.1165,0.482409,0.476141,-0.00626786,-0.0129928,0.136,True
MLB,K Props,Strikeouts,Under,k|2026-04-26|669387,mlb|2026-04-26|MIL-PIT,2026-04-26,betmgm,105,2.05,1.67,W,1.05,1.7535,0.486565,0.476141,-0.0104236,-0.0214229,0.111,True
MLB,K Props,Strikeouts,Over,k|2026-04-26|672456,mlb|2026-04-26|CIN-DET,2026-04-26,draftkings,132,2.32,1.74,W,1.32,2.2968,0.40691,0.40691,0,0,0.1229,True
MLB,K Props,Strikeouts,Under,k|2026-04-26|673540,mlb|2026-04-26|COL-NYM,2026-04-26,bovada,110,2.1,1.3,W,1.1,1.43,0.44586,0.44586,0,0,0.0983,True
MLB,K Props,Strikeouts,Over,k|2026-04-26|676106,mlb|2026-04-26|SEA-STL,2026-04-26,betrivers,135,2.35,2.07,L,-1,-2.07,0.405341,0.423317,0.0179761,0.044348,0.1437,True
MLB,K Props,Strikeouts,Over,k|2026-04-26|677958,mlb|2026-04-26|ATH-TEX,2026-04-26,draftkings,124,2.24,1.57,L,-1,-1.57,0.421029,0.430221,0.00919222,0.0218328,0.1124,True
MLB,K Props,Strikeouts,Over,k|2026-04-26|681293,mlb|2026-04-26|HOU-NYY,2026-04-26,betrivers,-104,1.96154,1.73,W,0.961538,1.66346,0.489602,0.495845,0.00624219,0.0127495,0.1127,True
MLB,K Props,Strikeouts,Over,k|2026-04-26|700241,mlb|2026-04-26|SEA-STL,2026-04-26,fanatics,-105,1.95238,1.03,W,0.952381,0.980952,0.484489,0.491685,0.00719628,0.0148533,0.08,True
MLB,K Props,Strikeouts,Under,k|2026-04-27|622491,mlb|2026-04-27|MIN-SEA,2026-04-27,draftkings,123,2.23,1.07,W,1.23,1.3161,0.423317,0.476141,0.0528241,0.124786,0.0843,True
MLB,K Props,Strikeouts,Over,k|2026-04-27|641743,mlb|2026-04-27|CWS-LAA,2026-04-27,betrivers,-132,1.75758,2.52,L,-1,-2.52,0.556944,0.561318,0.00437419,0.00785391,0.1364,True
MLB,K Props,Strikeouts,Over,k|2026-04-27|663978,mlb|2026-04-27|LAD-MIA,2026-04-27,fanduel,130,2.3,1.4,L,-1,-1.4,0.424415,0.413845,-0.0105696,-0.0249039,0.1031,True
MLB,K Props,Strikeouts,Over,k|2026-04-27|686799,mlb|2026-04-27|CWS-LAA,2026-04-27,betmgm,-115,1.86957,1.96,W,0.869565,1.70435,0.512483,0.525959,0.0134766,0.0262967,0.1202,True
MLB,K Props,Strikeouts,Over,k|2026-04-28|641793,mlb|2026-04-28|NYM-WSH,2026-04-28,draftkings,-112,1.89286,2.06,L,-1,-2.06,0.497923,0.518759,0.0208368,0.0418475,0.1275,True
MLB,K Props,Strikeouts,Under,k|2026-04-28|660271,mlb|2026-04-28|LAD-MIA,2026-04-28,draftkings,-104,1.96154,1.53,L,-1,-1.53,0.480325,0.471933,-0.00839127,-0.01747,0.1046,True
MLB,K Props,Strikeouts,Over,k|2026-04-28|663436,mlb|2026-04-28|CWS-LAA,2026-04-28,betrivers,163,2.63,1.08,W,1.63,1.7604,0.409001,,,,0.0871,True
MLB,K Props,Strikeouts,Over,k|2026-04-28|669302,mlb|2026-04-28|MIN-SEA,2026-04-28,bovada,-135,1.74074,1.16,L,-1,-1.16,0.553192,0.519675,-0.033517,-0.0605884,0.0814,True
MLB,K Props,Strikeouts,Under,k|2026-04-28|676440,mlb|2026-04-28|CLE-TB,2026-04-28,betonlineag,-108,1.92593,1.39,L,-1,-1.39,0.493766,0.487517,-0.00624842,-0.0126546,0.0961,True
MLB,K Props,Strikeouts,Under,k|2026-04-28|694477,mlb|2026-04-28|AZ-MIL,2026-04-28,fanduel,-158,1.63291,1.94,L,-1,-1.94,0.591513,0.582882,-0.00863098,-0.0145914,0.1077,True
MLB,K Props,Strikeouts,Under,k|2026-04-28|702056,mlb|2026-04-28|BOS-TOR,2026-04-28,betmgm,-105,1.95238,2.96,W,0.952381,2.81905,0.507324,0.528067,0.0207425,0.0408861,0.167,True
MLB,K Props,Strikeouts,Under,k|2026-04-29|607192,mlb|2026-04-29|LAD-MIA,2026-04-29,betrivers,130,2.3,2.43,L,-1,-2.43,0.447267,0.430713,-0.0165538,-0.0370111,0.1561,True
MLB,K Props,Strikeouts,Over,k|2026-04-29|645261,mlb|2026-04-29|LAD-MIA,2026-04-29,draftkings,-117,1.8547,1.11,L,-1,-1.11,0.508315,0.516663,0.00834822,0.0164233,0.0819,True
MLB,K Props,Strikeouts,Over,k|2026-04-29|663567,mlb|2026-04-29|BAL-HOU,2026-04-29,bovada,110,2.1,1.47,,0,0,0.480325,0.480325,0,0,0.1015,True
MLB,K Props,Strikeouts,Over,k|2026-04-29|669467,mlb|2026-04-29|PIT-STL,2026-04-29,draftkings,-148,1.67568,2.05,W,0.675676,1.38514,0.563134,0.572635,0.00950103,0.0168717,0.1162,True
MLB,K Props,Strikeouts,Under,k|2026-04-29|695684,mlb|2026-04-29|NYY-TEX,2026-04-29,bovada,-135,1.74074,1.95,W,0.740741,1.44444,0.553192,0.553192,0,0,0.1143,True
MLB,K Props,Strikeouts,Over,k|2026-04-30|605488,mlb|2026-04-30|ATH-KC,2026-04-30,draftkings,118,2.18,1.41,L,-1,-1.41,0.432624,0.444925,0.0123002,0.0284316,0.1022,True
MLB,K Props,Strikeouts,Over,k|2026-04-30|663567,mlb|2026-04-30|BAL-HOU,2026-04-30,fanduel,-118,1.84746,1.32,L,-1,-1.32,0.514571,0.531016,0.0164452,0.0319591,0.0908,True
MLB,K Props,Strikeouts,Over,k|2026-05-01|666142,mlb|2026-05-01|KC-SEA,2026-05-01,betmgm,-118,1.84746,1.4,W,0.847458,1.18644,0.532252,0.537185,0.00493267,0.00926755,0.092,True
MLB,K Props,Strikeouts,Under,k|2026-05-01|681035,mlb|2026-05-01|LAA-NYM,2026-05-01,betmgm,-110,1.90909,2.89,L,-1,-2.89,0.498954,0.515511,0.016557,0.0331834,0.1657,True
MLB,K Props,Strikeouts,Over,k|2026-05-01|681347,mlb|2026-05-01|BOS-HOU,2026-05-01,betrivers,140,2.4,1.53,L,-1,-1.53,0.417694,,,,0.1101,True
MLB,K Props,Strikeouts,Under,k|2026-05-02|672282,mlb|2026-05-02|LAA-NYM,2026-05-02,betmgm,-125,1.8,1.98,L,-1,-1.98,0.528067,,,,0.1185,True
MLB,K Props,Strikeouts,Over,k|2026-05-02|677958,mlb|2026-05-02|DET-TEX,2026-05-02,draftkings,132,2.32,1,L,-1,-1,0.40691,,,,0.0811,True
MLB,K Props,Strikeouts,Over,k|2026-05-02|681293,mlb|2026-05-02|BOS-HOU,2026-05-02,fanatics,110,2.1,1.39,L,-1,-1.39,0.481241,,,,0.0969,True
MLB,K Props,Strikeouts,Over,k|2026-05-02|808963,mlb|2026-05-02|LAD-STL,2026-05-02,betmgm,110,2.1,1.12,L,-1,-1.12,0.46691,,,,0.0846,True
MLB,K Props,Strikeouts,Over,k|2026-05-03|641743,mlb|2026-05-03|CWS-SD,2026-05-03,fanduel,122,2.22,1.2,W,1.22,1.464,0.453299,0.453299,0,0,0.0899,True
MLB,K Props,Strikeouts,Over,k|2026-05-03|663460,mlb|2026-05-03|KC-SEA,2026-05-03,draftkings,101,2.01,2.19,W,1.01,2.2119,0.468984,0.468984,0,0,0.1388,True
MLB,K Props,Strikeouts,Over,k|2026-05-03|683004,mlb|2026-05-03|DET-TEX,2026-05-03,draftkings,123,2.23,1.1,W,1.23,1.353,0.423317,0.421029,-0.00228835,-0.00540576,0.0856,True
MLB,K Props,Strikeouts,Under,k|2026-05-03|694346,mlb|2026-05-03|BAL-NYY,2026-05-03,bovada,-145,1.68966,1.3,W,0.689655,0.896552,0.586155,0.586155,0,0,0.0841,True
MLB,K Props,Strikeouts,Over,k|2026-05-04|695534,mlb|2026-05-04|CHC-CIN,2026-05-04,betmgm,-160,1.625,1.6,L,-1,-1.6,0.580143,,,,0.0979,True
MLB,K Props,Strikeouts,Under,k|2026-05-05|593958,mlb|2026-05-05|AZ-PIT,2026-05-05,draftkings,127,2.27,1,L,-1,-1,0.415475,,,,0.081,True
MLB,K Props,Strikeouts,Over,k|2026-05-05|664285,mlb|2026-05-05|BOS-DET,2026-05-05,betmgm,105,2.05,1.4,L,-1,-1.4,0.471074,0.481241,0.0101662,0.021581,0.0988,True
MLB,K Props,Strikeouts,Over,k|2026-05-05|669923,mlb|2026-05-05|ATL-SEA,2026-05-05,draftkings,118,2.18,1.33,L,-1,-1.33,0.432624,0.46691,0.0342859,0.079251,0.0979,True
MLB,K Props,Strikeouts,Over,k|2026-05-06|527048,mlb|2026-05-06|ATL-SEA,2026-05-06,draftkings,-115,1.86957,1.28,W,0.869565,1.11304,0.504155,0.532252,0.0280967,0.0557303,0.09,True
MLB,K Props,Strikeouts,Over,k|2026-05-06|543135,mlb|2026-05-06|NYY-TEX,2026-05-06,betmgm,110,2.1,1.77,W,1.1,1.947,0.458,0.422715,-0.0352852,-0.0770418,0.1186,True
MLB,K Props,Strikeouts,Over,k|2026-05-06|605288,mlb|2026-05-06|SD-SF,2026-05-06,fanduel,120,2.2,1.3,L,-1,-1.3,0.435064,0.426743,-0.00832116,-0.0191263,0.0956,True
MLB,K Props,Strikeouts,Under,k|2026-05-06|607067,mlb|2026-05-06|CHC-CIN,2026-05-06,draftkings,122,2.22,1.03,L,-1,-1.03,0.425023,0.440513,0.0154896,0.0364442,0.0818,True
MLB,K Props,Strikeouts,Over,k|2026-05-06|691587,mlb|2026-05-06|BAL-MIA,2026-05-06,draftkings,-159,1.62893,1.91,W,0.628931,1.20126,0.578971,0.579053,8.1302e-05,0.000140425,0.1086,True
MLB,K Props,Strikeouts,Over,k|2026-05-06|700712,mlb|2026-05-06|CWS-LAA,2026-05-06,draftkings,122,2.22,1.7,W,1.22,2.074,0.425023,0.432624,0.00760111,0.017884,0.1188,True
MLB,K Props,Strikeouts,Over,k|2026-05-07|687562,mlb|2026-05-07|BOS-TB,2026-05-07,betmgm,130,2.3,1.24,L,-1,-1.24,0.442358,0.419355,-0.0230032,-0.0520013,0.0931,True
MLB,K Props,Strikeouts,Under,k|2026-05-08|666157,mlb|2026-05-08|CIN-HOU,2026-05-08,draftkings,-117,1.8547,1.86,W,0.854701,1.58974,0.508315,0.516663,0.00834822,0.0164233,0.1166,True
MLB,K Props,Strikeouts,Over,k|2026-05-08|669194,mlb|2026-05-08|AZ-NYM,2026-05-08,betrivers,117,2.17,1.33,W,1.17,1.5561,0.443056,0.443056,0,0,0.0969,True
MLB,K Props,Strikeouts,Over,k|2026-05-08|676106,mlb|2026-05-08|CWS-SEA,2026-05-08,draftkings,127,2.27,1.33,L,-1,-1.33,0.416045,0.423317,0.00727231,0.0174796,0.0992,True
MLB,K Props,Strikeouts,Over,k|2026-05-08|676962,mlb|2026-05-08|CHC-TEX,2026-05-08,betrivers,114,2.14,1.87,L,-1,-1.87,0.469388,,,,0.1241,True
MLB,K Props,Strikeouts,Under,k|2026-05-08|800048,mlb|2026-05-08|CLE-MIN,2026-05-08,draftkings,103,2.03,1.2,L,-1,-1.2,0.464854,0.480325,0.0154705,0.0332804,0.0886,True
MLB,K Props,Strikeouts,Under,k|2026-05-09|518876,mlb|2026-05-09|AZ-NYM,2026-05-09,betmgm,-105,1.95238,1.14,L,-1,-1.14,0.516663,0.514571,-0.002092,-0.00404907,0.0824,True
MLB,K Props,Strikeouts,Over,k|2026-05-09|641793,mlb|2026-05-09|MIA-WSH,2026-05-09,betmgm,130,2.3,1.37,V,0,0,0.417118,,,,0.102,True
MLB,K Props,Strikeouts,Over,k|2026-05-09|650644,mlb|2026-05-09|ATH-BAL,2026-05-09,draftkings,127,2.27,2.25,W,1.27,2.8575,0.416045,0.416045,0,0,0.1506,True
MLB,K Props,Strikeouts,Under,k|2026-05-09|676440,mlb|2026-05-09|CLE-MIN,2026-05-09,draftkings,-148,1.67568,2.07,L,-1,-2.07,0.563134,0.553192,-0.00994189,-0.0176546,0.1171,True
MLB,K Props,Strikeouts,Over,k|2026-05-09|686799,mlb|2026-05-09|LAA-TOR,2026-05-09,bovada,125,2.25,1.37,L,-1,-1.37,0.440513,,,,0.0999,True
MLB,K Props,Strikeouts,Over,k|2026-05-09|693645,mlb|2026-05-09|MIL-NYY,2026-05-09,draftkings,101,2.01,1.05,W,1.01,1.0605,0.469832,0.528926,0.0590938,0.125776,0.0803,True
MLB,K Props,Strikeouts,Over,k|2026-05-09|702056,mlb|2026-05-09|LAA-TOR,2026-05-09,fanduel,106,2.06,1.65,W,1.06,1.749,0.493766,,,,0.1087,True
MLB,K Props,Strikeouts,Under,k|2026-05-10|668909,mlb|2026-05-10|CLE-MIN,2026-05-10,betrivers,125,2.25,1.23,W,1.25,1.5375,0.459209,0.443056,-0.0161522,-0.0351741,0.0917,True
MLB,K Props,Strikeouts,Over,k|2026-05-10|669302,mlb|2026-05-10|CWS-SEA,2026-05-10,betmgm,-145,1.68966,1.69,W,0.689655,1.16552,0.56017,0.556481,-0.00368871,-0.00658499,0.1035,True
MLB,K Props,Strikeouts,Under,k|2026-05-10|701656,mlb|2026-05-10|MIL-NYY,2026-05-10,draftkings,122,2.22,2.22,W,1.22,2.7084,0.425023,0.425023,0,0,0.1476,True
MLB,K Props,Strikeouts,Under,k|2026-05-10|702070,mlb|2026-05-10|DET-KC,2026-05-10,draftkings,123,2.23,2.03,W,1.23,2.4969,0.423317,0.423317,0,0,0.1369,True
MLB,K Props,Strikeouts,Under,k|2026-05-11|656876,mlb|2026-05-11|TB-TOR,2026-05-11,draftkings,-105,1.95238,1.44,L,-1,-1.44,0.483337,0.513435,0.0300985,0.0622723,0.0991,True
MLB,K Props,Strikeouts,Over,k|2026-05-11|687064,mlb|2026-05-11|BAL-NYY,2026-05-11,betrivers,130,2.3,1.52,W,1.3,1.976,0.416045,0.412784,-0.00326093,-0.00783793,0.1097,True
MLB,K Props,Strikeouts,Over,k|2026-05-12|547179,mlb|2026-05-12|COL-PIT,2026-05-12,fanatics,-130,1.76923,1.66,W,0.769231,1.27692,0.557642,0.535963,-0.0216791,-0.0388763,0.1019,True
MLB,K Props,Strikeouts,Over,k|2026-05-12|605288,mlb|2026-05-12|LAD-SF,2026-05-12,betmgm,125,2.25,1.85,W,1.25,2.3125,0.421029,0.441203,0.0201743,0.0479166,0.1278,True
MLB,K Props,Strikeouts,Under,k|2026-05-12|656427,mlb|2026-05-12|DET-NYM,2026-05-12,betmgm,105,2.05,1.19,W,1.05,1.2495,0.516663,0.474041,-0.0426227,-0.082496,0.0848,True
MLB,K Props,Strikeouts,Over,k|2026-05-12|656550,mlb|2026-05-12|ATL-CHC,2026-05-12,draftkings,118,2.18,1.25,W,1.18,1.475,0.433276,0.458,0.0247248,0.0570649,0.0933,True
MLB,K Props,Strikeouts,Over,k|2026-05-12|669467,mlb|2026-05-12|ATH-STL,2026-05-12,draftkings,-116,1.86207,1.72,W,0.862069,1.48276,0.506234,0.498954,-0.00728018,-0.014381,0.1104,True
MLB,K Props,Strikeouts,Over,k|2026-05-12|700712,mlb|2026-05-12|CLE-LAA,2026-05-12,betmgm,-105,1.95238,1.13,W,0.952381,1.07619,0.516663,0.5,-0.0166632,-0.0322516,0.082,True
MLB,K Props,Strikeouts,Under,k|2026-05-12|701542,mlb|2026-05-12|BAL-NYY,2026-05-12,draftkings,119,2.19,1.49,L,-1,-1.49,0.430858,,,,0.1065,True
MLB,K Props,Strikeouts,Under,k|2026-05-13|660271,mlb|2026-05-13|LAD-SF,2026-05-13,draftkings,114,2.14,1.3,L,-1,-1.3,0.440513,0.458,0.0174875,0.0396981,0.0962,True
MLB,K Props,Strikeouts,Under,k|2026-05-13|669461,mlb|2026-05-13|ATH-STL,2026-05-13,betrivers,-105,1.95238,1.48,L,-1,-1.48,0.485429,0.542,0.0565708,0.116538,0.1009,True
MLB,K Props,Strikeouts,Over,k|2026-05-13|680573,mlb|2026-05-13|MIA-MIN,2026-05-13,betrivers,-103,1.97087,1.53,L,-1,-1.53,0.491685,0.484489,-0.00719628,-0.014636,0.1031,True
MLB,K Props,Strikeouts,Under,k|2026-05-13|694819,mlb|2026-05-13|MIL-SD,2026-05-13,draftkings,119,2.19,1.09,L,-1,-1.09,0.430221,0.441203,0.0109821,0.0255266,0.0855,True
MLB,K Props,Strikeouts,Under,k|2026-05-14|624133,mlb|2026-05-14|BOS-PHI,2026-05-14,fanduel,-158,1.63291,2.17,L,-1,-2.17,0.582686,0.592442,0.00975531,0.016742,0.1137,True
MLB,K Props,Strikeouts,Under,k|2026-05-14|682052,mlb|2026-05-14|ATH-STL,2026-05-14,draftkings,-101,1.9901,1.93,W,0.990099,1.91089,0.474041,0.45062,-0.0234209,-0.049407,0.1245,True
MLB,K Props,Strikeouts,Under,k|2026-05-14|686218,mlb|2026-05-14|LAD-SF,2026-05-14,draftkings,108,2.08,1.19,L,-1,-1.19,0.453299,0.453299,0,0,0.0891,True
MLB,K Props,Strikeouts,Under,k|2026-05-14|690986,mlb|2026-05-14|MIL-SD,2026-05-14,fanduel,114,2.14,1.32,L,-1,-1.32,0.458,0.430858,-0.0271428,-0.0592637,0.0952,True
MLB,K Props,Strikeouts,Over,k|2026-05-15|605483,mlb|2026-05-15|LAA-LAD,2026-05-15,bovada,-145,1.68966,1.92,,0,0,0.561318,0.567376,0.00605782,0.0107921,0.1115,True
MLB,K Props,Strikeouts,Under,k|2026-05-15|676440,mlb|2026-05-15|CIN-CLE,2026-05-15,draftkings,-146,1.68493,2.32,W,0.684932,1.58904,0.559487,0.578971,0.0194842,0.0348251,0.1282,True
MLB,K Props,Strikeouts,Under,k|2026-05-16|592791,mlb|2026-05-16|CHC-CWS,2026-05-16,draftkings,121,2.21,0.99,W,1.21,1.1979,0.426743,,,,0.0802,True
MLB,K Props,Strikeouts,Over,k|2026-05-16|686790,mlb|2026-05-16|ATH-SF,2026-05-16,betmgm,-115,1.86957,1.99,W,0.869565,1.73043,0.52086,,,,0.1201,True
MLB,K Props,Strikeouts,Under,k|2026-05-17|543135,mlb|2026-05-17|HOU-TEX,2026-05-17,draftkings,110,2.1,1.21,L,-1,-1.21,0.448706,,,,0.091,True
MLB,K Props,Strikeouts,Under,k|2026-05-17|656427,mlb|2026-05-17|DET-TOR,2026-05-17,draftkings,123,2.23,1.54,W,1.23,1.8942,0.423317,,,,0.1102,True
MLB,K Props,Strikeouts,Under,k|2026-05-17|656876,mlb|2026-05-17|MIA-TB,2026-05-17,draftkings,-132,1.75758,3.01,W,0.757576,2.2803,0.537185,,,,0.1615,True
MLB,K Props,Strikeouts,Under,k|2026-05-17|663903,mlb|2026-05-17|CIN-CLE,2026-05-17,betmgm,115,2.15,1.24,L,-1,-1.24,0.449438,,,,0.0918,True
MLB,K Props,Strikeouts,Under,k|2026-05-17|678394,mlb|2026-05-17|ATL-BOS,2026-05-17,betrivers,114,2.14,1.93,W,1.14,2.2002,0.444925,,,,0.1288,True
MLB,K Props,Strikeouts,Over,k|2026-05-17|691587,mlb|2026-05-17|MIA-TB,2026-05-17,bovada,115,2.15,1.64,L,-1,-1.64,0.464854,,,,0.1107,True
MLB,K Props,Strikeouts,Over,k|2026-05-18|669372,mlb|2026-05-18|ATH-LAA,2026-05-18,draftkings,118,2.18,1.43,W,1.18,1.6874,0.432624,0.432624,0,0,0.1036,True
MLB,K Props,Strikeouts,Over,k|2026-05-18|687075,mlb|2026-05-18|CHC-MIL,2026-05-18,betmgm,-150,1.66667,1.51,W,0.666667,1.00667,0.583955,,,,0.0918,True
MLB,K Props,Strikeouts,Under,k|2026-05-18|691725,mlb|2026-05-18|CIN-PHI,2026-05-18,betmgm,120,2.2,1.9,W,1.2,2.28,0.441203,0.482409,0.041206,0.0933946,0.1274,True
MLB,K Props,Strikeouts,Over,k|2026-05-18|702273,mlb|2026-05-18|CWS-SEA,2026-05-18,betmgm,-115,1.86957,1.18,W,0.869565,1.02609,0.514571,0.552469,0.0378977,0.073649,0.0843,True
MLB,K Props,Strikeouts,Under,k|2026-05-19|621121,mlb|2026-05-19|HOU-MIN,2026-05-19,betmgm,-155,1.64516,1.83,,0,0,0.576784,,,,0.1076,True
MLB,K Props,Strikeouts,Over,k|2026-05-19|641743,mlb|2026-05-19|CWS-SEA,2026-05-19,fanatics,110,2.1,1.41,W,1.1,1.551,0.46691,,,,0.0991,True
MLB,K Props,Strikeouts,Over,k|2026-05-19|656302,mlb|2026-05-19|NYY-TOR,2026-05-19,draftkings,111,2.11,2.58,W,1.11,2.8638,0.446808,,,,0.1629,True
MLB,K Props,Strikeouts,Under,k|2026-05-19|666129,mlb|2026-05-19|ATL-MIA,2026-05-19,fanduel,-144,1.69444,1.43,W,0.694444,0.993056,0.564936,,,,0.0908,True
MLB,K Props,Strikeouts,Under,k|2026-05-19|672282,mlb|2026-05-19|ATH-LAA,2026-05-19,fanduel,-110,1.90909,2.3,L,-1,-2.3,0.495845,,,,0.1393,True
MLB,K Props,Strikeouts,Under,k|2026-05-19|672456,mlb|2026-05-19|CLE-DET,2026-05-19,fanduel,-110,1.90909,2.03,W,0.909091,1.84545,0.497923,,,,0.126,True
MLB,K Props,Strikeouts,Over,k|2026-05-19|682243,mlb|2026-05-19|CWS-SEA,2026-05-19,draftkings,119,2.19,2.49,W,1.19,2.9631,0.430858,,,,0.1612,True
MLB,K Props,Strikeouts,Under,k|2026-05-19|694738,mlb|2026-05-19|AZ-SF,2026-05-19,betmgm,110,2.1,1.45,W,1.1,1.595,0.471074,,,,0.1016,True
MLB,K Props,Strikeouts,Under,k|2026-05-20|608379,mlb|2026-05-20|BOS-KC,2026-05-20,betonlineag,110,2.1,1.49,L,-1,-1.49,0.485429,0.485429,0,0,0.1017,True
MLB,K Props,Strikeouts,Over,k|2026-05-20|641793,mlb|2026-05-20|NYM-WSH,2026-05-20,fanduel,-130,1.76923,2.17,W,0.769231,1.66923,0.552469,0.552469,0,0,0.1225,True
MLB,K Props,Strikeouts,Under,k|2026-05-20|657746,mlb|2026-05-20|HOU-MIN,2026-05-20,betmgm,-135,1.74074,1.3,L,-1,-1.3,0.543979,0.535146,-0.00883318,-0.0162381,0.0875,True
MLB,K Props,Strikeouts,Over,k|2026-05-20|702056,mlb|2026-05-20|NYY-TOR,2026-05-20,draftkings,-130,1.76923,1.31,W,0.769231,1.00769,0.53309,0.567376,0.0342859,0.0643155,0.0891,True
MLB,K Props,Strikeouts,Under,k|2026-05-21|675911,mlb|2026-05-21|ATL-MIA,2026-05-21,draftkings,112,2.12,1.83,L,-1,-1.83,0.444925,0.46691,0.0219857,0.0494145,0.1235,True
MLB,K Props,Strikeouts,Over,k|2026-05-21|677952,mlb|2026-05-21|PIT-STL,2026-05-21,bovada,120,2.2,1.49,W,1.2,1.788,0.448706,0.459996,0.0112901,0.0251614,0.1056,True
MLB,K Props,Strikeouts,Over,k|2026-05-21|688642,mlb|2026-05-21|AZ-COL,2026-05-21,betonlineag,115,2.15,1.7,W,1.15,1.955,0.437341,0.433109,-0.00423207,-0.00967682,0.1187,True
MLB,K Props,Strikeouts,Under,k|2026-05-22|605135,mlb|2026-05-22|BAL-DET,2026-05-22,draftkings,117,2.17,1.21,V,0,0,0.435064,0.435064,0,0,0.0909,True
MLB,K Props,Strikeouts,Over,k|2026-05-22|608372,mlb|2026-05-22|AZ-COL,2026-05-22,fanatics,115,2.15,1.77,W,1.15,2.0355,0.453299,0.453299,0,0,0.1193,True
MLB,K Props,Strikeouts,Under,k|2026-05-22|647336,mlb|2026-05-22|AZ-COL,2026-05-22,draftkings,113,2.13,1.65,W,1.13,1.8645,0.443056,0.443056,0,0,0.1138,True
MLB,K Props,Strikeouts,Under,k|2026-05-22|650911,mlb|2026-05-22|CLE-PHI,2026-05-22,fanduel,108,2.08,1.84,W,1.08,1.9872,0.459996,0.459996,0,0,0.122,True
MLB,K Props,Strikeouts,Over,k|2026-05-22|680570,mlb|2026-05-22|LAA-TEX,2026-05-22,draftkings,113,2.13,1.04,L,-1,-1.04,0.443056,0.443056,0,0,0.0818,True
MLB,K Props,Strikeouts,Over,k|2026-05-22|681293,mlb|2026-05-22|CHC-HOU,2026-05-22,betrivers,135,2.35,0.99,L,-1,-0.99,0.421029,0.430858,0.00982894,0.0233451,0.0802,True
MLB,K Props,Strikeouts,Over,k|2026-05-22|702070,mlb|2026-05-22|KC-SEA,2026-05-22,betmgm,-110,1.90909,1.08,W,0.909091,0.981818,0.5,0.516663,0.0166632,0.0333264,0.081,True
MLB,K Props,Strikeouts,Under,k|2026-05-22|801139,mlb|2026-05-22|BOS-MIN,2026-05-22,betmgm,100,2,1.6,L,-1,-1.6,0.483337,0.483337,0,0,0.1071,True
MLB,K Props,Strikeouts,Over,k|2026-05-23|656550,mlb|2026-05-23|ATL-WSH,2026-05-23,draftkings,108,2.08,1.33,W,1.08,1.4364,0.453299,,,,0.0967,True
MLB,K Props,Strikeouts,Over,k|2026-05-23|669467,mlb|2026-05-23|CIN-STL,2026-05-23,fanduel,112,2.12,1.6,L,-1,-1.6,0.448706,,,,0.1114,True
MLB,K Props,Strikeouts,Under,k|2026-05-23|676974,mlb|2026-05-23|MIA-NYM,2026-05-23,fanduel,108,2.08,1.94,L,-1,-1.94,0.458,,,,0.1272,True
MLB,K Props,Strikeouts,Under,k|2026-05-23|694973,mlb|2026-05-23|PIT-TOR,2026-05-23,draftkings,103,2.03,1.18,W,1.03,1.2154,0.464854,,,,0.0874,True
MLB,K Props,Strikeouts,Over,k|2026-05-23|700712,mlb|2026-05-23|LAA-TEX,2026-05-23,betmgm,-105,1.95238,1.05,W,0.952381,1,0.484489,,,,0.0811,True
MLB,K Props,Strikeouts,Over,k|2026-05-24|656492,mlb|2026-05-24|ATL-WSH,2026-05-24,draftkings,111,2.11,1.69,W,1.11,1.8759,0.447531,0.495845,0.0483134,0.107955,0.1152,True
MLB,K Props,Strikeouts,Under,k|2026-05-24|681035,mlb|2026-05-24|MIA-NYM,2026-05-24,draftkings,102,2.02,2.12,L,-1,-2.12,0.467748,0.46691,-0.000837593,-0.00179069,0.1345,True
MLB,K Props,Strikeouts,Under,k|2026-05-24|684007,mlb|2026-05-24|CHC-HOU,2026-05-24,fanduel,124,2.24,1.17,L,-1,-1.17,0.429104,0.430221,0.00111641,0.00260173,0.0894,True
MLB,K Props,Strikeouts,Under,k|2026-05-24|800048,mlb|2026-05-24|CLE-PHI,2026-05-24,fanatics,120,2.2,1.64,L,-1,-1.64,0.434405,0.462008,0.0276034,0.063543,0.1147,True
MLB,K Props,Strikeouts,Over,k|2026-05-24|808967,mlb|2026-05-24|LAD-MIL,2026-05-24,draftkings,101,2.01,2.74,L,-1,-2.74,0.468984,0.468984,0,0,0.1661,True
MLB,K Props,Strikeouts,Over,k|2026-05-25|622491,mlb|2026-05-25|ATH-SEA,2026-05-25,fanduel,-160,1.625,2.36,W,0.625,1.475,0.585987,0.591528,0.00554073,0.00945537,0.1203,True
MLB,K Props,Strikeouts,Over,k|2026-05-25|676962,mlb|2026-05-25|CHC-PIT,2026-05-25,draftkings,117,2.17,1.35,W,1.17,1.5795,0.435064,0.455253,0.020189,0.0464047,0.0986,True
MLB,K Props,Strikeouts,Under,k|2026-05-25|677958,mlb|2026-05-25|HOU-TEX,2026-05-25,betmgm,-110,1.90909,1.45,L,-1,-1.45,0.512483,0.521764,0.00928153,0.0181109,0.0973,True
MLB,K Props,Strikeouts,Under,k|2026-05-25|680694,mlb|2026-05-25|BAL-TB,2026-05-25,fanduel,100,2,2.46,W,1,2.46,0.474041,0.495845,0.021804,0.0459962,0.151,True
MLB,K Props,Strikeouts,Under,k|2026-05-25|686218,mlb|2026-05-25|COL-LAD,2026-05-25,betmgm,100,2,2.82,L,-1,-2.82,0.497923,0.543979,0.0460564,0.0924972,0.1636,True
MLB,K Props,Strikeouts,Under,k|2026-05-25|690997,mlb|2026-05-25|CIN-NYM,2026-05-25,draftkings,-146,1.68493,1.44,W,0.684932,0.986301,0.560636,0.553192,-0.00744355,-0.013277,0.0914,True
MLB,K Props,Strikeouts,Under,k|2026-05-25|694738,mlb|2026-05-25|AZ-SF,2026-05-25,betmgm,-140,1.71429,3.56,L,-1,-3.56,0.556944,0.563134,0.00619052,0.0111152,0.179,True
MLB,K Props,Strikeouts,Under,k|2026-05-25|694819,mlb|2026-05-25|MIL-STL,2026-05-25,draftkings,-121,1.82645,1.35,L,-1,-1.35,0.516663,0.550562,0.0338986,0.0656106,0.0918,True
MLB,K Props,Strikeouts,Under,k|2026-05-25|701542,mlb|2026-05-25|KC-NYY,2026-05-25,fanatics,-150,1.66667,2.41,W,0.666667,1.60667,0.567376,0.576683,0.00930733,0.0164042,0.1302,True
MLB,K Props,Strikeouts,Over,k|2026-05-26|645261,mlb|2026-05-26|MIA-TOR,2026-05-26,fanduel,126,2.26,1.23,L,-1,-1.23,0.423317,0.435064,0.0117467,0.0277491,0.093,True
MLB,K Props,Strikeouts,Over,k|2026-05-26|672456,mlb|2026-05-26|DET-LAA,2026-05-26,fanduel,124,2.24,1.64,W,1.24,2.0336,0.430858,0.430221,-0.00063672,-0.0014778,0.1148,True
MLB,K Props,Strikeouts,Over,k|2026-05-26|677952,mlb|2026-05-26|CHC-PIT,2026-05-26,fanduel,-105,1.95238,2.42,L,-1,-2.42,0.491685,0.504155,0.0124704,0.0253625,0.1458,True
MLB,K Props,Strikeouts,Under,k|2026-05-26|680732,mlb|2026-05-26|CWS-MIN,2026-05-26,fanduel,124,2.24,2.09,L,-1,-2.09,0.426743,0.5,0.0732575,0.171667,0.1404,True
MLB,K Props,Strikeouts,Under,k|2026-05-26|693645,mlb|2026-05-26|KC-NYY,2026-05-26,fanatics,120,2.2,1.08,L,-1,-1.08,0.438682,0.445639,0.00695719,0.0158593,0.084,True
MLB,K Props,Strikeouts,Under,k|2026-05-27|660271,mlb|2026-05-27|COL-LAD,2026-05-27,betmgm,-125,1.8,1.29,W,0.8,1.032,0.540004,0.530168,-0.00983578,-0.0182143,0.0877,True
MLB,K Props,Strikeouts,Over,k|2026-05-27|663554,mlb|2026-05-27|DET-LAA,2026-05-27,betmgm,110,2.1,1.44,W,1.1,1.584,0.478236,0.483337,0.00510117,0.0106666,0.1002,True
MLB,K Props,Strikeouts,Over,k|2026-05-27|669302,mlb|2026-05-27|ATH-SEA,2026-05-27,betrivers,160,2.6,1.85,L,-1,-1.85,0.398293,0.398293,0,0,0.1335,True
MLB,K Props,Strikeouts,Over,k|2026-05-27|671096,mlb|2026-05-27|CIN-NYM,2026-05-27,draftkings,127,2.27,1.01,L,-1,-1.01,0.415475,0.415475,0,0,0.0813,True
MLB,K Props,Strikeouts,Over,k|2026-05-27|691587,mlb|2026-05-27|MIA-TOR,2026-05-27,betrivers,123,2.23,1.2,W,1.23,1.476,0.438682,0.419355,-0.0193273,-0.0440577,0.0904,True
MLB,K Props,Strikeouts,Under,k|2026-05-28|519242,mlb|2026-05-28|ATL-BOS,2026-05-28,betmgm,110,2.1,2.21,L,-1,-2.21,0.46691,,,,0.1395,True
MLB,K Props,Strikeouts,Over,k|2026-05-28|681293,mlb|2026-05-28|HOU-TEX,2026-05-28,fanduel,132,2.32,1.37,L,-1,-1.37,0.412227,,,,0.1015,True
MLB,K Props,Strikeouts,Over,k|2026-05-29|554430,mlb|2026-05-29|LAD-PHI,2026-05-29,fanduel,140,2.4,1.37,L,-1,-1.37,0.397196,0.390947,-0.00624976,-0.0157347,0.0994,True
MLB,K Props,Strikeouts,Over,k|2026-05-29|607259,mlb|2026-05-29|LAA-TB,2026-05-29,fanduel,112,2.12,1.08,W,1.12,1.2096,0.446808,0.421029,-0.025779,-0.0576961,0.0839,True
MLB,K Props,Strikeouts,Under,k|2026-05-29|642547,mlb|2026-05-29|MIA-NYM,2026-05-29,draftkings,122,2.22,2.6,W,1.22,3.172,0.425638,0.52086,0.0952218,0.223715,0.1679,True
MLB,K Props,Strikeouts,Under,k|2026-05-29|669022,mlb|2026-05-29|KC-TEX,2026-05-29,betmgm,-105,1.95238,1.84,W,0.952381,1.75238,0.495845,0.561318,0.0654732,0.132044,0.1175,True
MLB,K Props,Strikeouts,Over,k|2026-05-29|669467,mlb|2026-05-29|CHC-STL,2026-05-29,fanduel,-122,1.81967,1.65,L,-1,-1.65,0.523605,0.552469,0.0288637,0.0551249,0.1001,True
MLB,K Props,Strikeouts,Under,k|2026-05-29|669923,mlb|2026-05-29|AZ-SEA,2026-05-29,draftkings,-117,1.8547,1.53,W,0.854701,1.30769,0.508315,0.573257,0.0649425,0.12776,0.1012,True
MLB,K Props,Strikeouts,Under,k|2026-05-30|543243,mlb|2026-05-30|BOS-CLE,2026-05-30,bovada,120,2.2,1.73,L,-1,-1.73,0.438682,0.430858,-0.00782457,-0.0178365,0.1191,True
MLB,K Props,Strikeouts,Under,k|2026-05-30|650633,mlb|2026-05-30|SD-WSH,2026-05-30,draftkings,-127,1.7874,1.26,W,0.787402,0.992126,0.52683,0.558797,0.0319675,0.060679,0.0881,True
MLB,K Props,Strikeouts,Over,k|2026-05-30|666200,mlb|2026-05-30|LAD-PHI,2026-05-30,draftkings,-107,1.93458,1.54,W,0.934579,1.43925,0.487517,0.523859,0.0363418,0.0745446,0.1039,True
MLB,K Props,Strikeouts,Over,k|2026-05-30|669194,mlb|2026-05-30|AZ-SEA,2026-05-30,draftkings,117,2.17,1.29,L,-1,-1.29,0.435064,,,,0.0954,True
MLB,K Props,Strikeouts,Under,k|2026-05-30|677958,mlb|2026-05-30|KC-TEX,2026-05-30,betmgm,-140,1.71429,1.94,W,0.714286,1.38571,0.589925,0.572635,-0.0172896,-0.0293081,0.1081,True
MLB,K Props,Strikeouts,Under,k|2026-05-30|681035,mlb|2026-05-30|MIA-NYM,2026-05-30,fanduel,-134,1.74627,2.48,L,-1,-2.48,0.548639,0.550562,0.00192249,0.0035041,0.1368,True
MLB,K Props,Strikeouts,Under,k|2026-05-30|800048,mlb|2026-05-30|BOS-CLE,2026-05-30,draftkings,-130,1.76923,1.3,W,0.769231,1,0.53309,,,,0.0886,True
MLB,K Props,Strikeouts,Under,k|2026-05-31|624133,mlb|2026-05-31|BOS-CLE,2026-05-31,draftkings,123,2.23,2.49,L,-1,-2.49,0.422715,0.448706,0.0259908,0.0614854,0.1631,True
MLB,K Props,Strikeouts,Under,k|2026-05-31|676440,mlb|2026-05-31|BOS-CLE,2026-05-31,fanduel,118,2.18,1.39,L,-1,-1.39,0.437339,0.419355,-0.0179838,-0.0411211,0.0966,True
MLB,K Props,Strikeouts,Over,k|2026-05-31|677952,mlb|2026-05-31|MIN-PIT,2026-05-31,fanduel,134,2.34,1.98,W,1.34,2.6532,0.438682,0.438682,0,0,0.1325,True
MLB,K Props,Strikeouts,Over,k|2026-05-31|686799,mlb|2026-05-31|LAA-TB,2026-05-31,betmgm,115,2.15,1.28,L,-1,-1.28,0.457223,0.449438,-0.00778436,-0.0170253,0.0941,True
MLB,K Props,Strikeouts,Under,k|2026-05-31|690997,mlb|2026-05-31|MIA-NYM,2026-05-31,draftkings,-144,1.69444,1.87,W,0.694444,1.29861,0.556944,0.564936,0.00799268,0.014351,0.1101,True
MLB,K Props,Strikeouts,Over,k|2026-05-31|691725,mlb|2026-05-31|LAD-PHI,2026-05-31,draftkings,107,2.07,1.7,L,-1,-1.7,0.455253,0.462815,0.0075625,0.0166117,0.1158,True
MLB,K Props,Strikeouts,Under,k|2026-05-31|694819,mlb|2026-05-31|HOU-MIL,2026-05-31,fanduel,100,2,2.1,W,1,2.1,0.502077,0.487517,-0.0145603,-0.0290001,0.1287,True
MLB,K Props,Strikeouts,Under,k|2026-06-01|667755,mlb|2026-06-01|COL-LAA,2026-06-01,fanduel,130,2.3,2.31,L,-1,-2.31,0.436866,0.436866,0,0,0.1499,True
MLB,K Props,Strikeouts,Under,k|2026-06-01|676917,mlb|2026-06-01|MIA-WSH,2026-06-01,draftkings,-119,1.84034,1.48,L,-1,-1.48,0.512483,0.531016,0.0185336,0.0361643,0.0986,True
MLB,K Props,Strikeouts,Under,k|2026-06-01|695505,mlb|2026-06-01|CIN-KC,2026-06-01,draftkings,119,2.19,1.92,,0,0,0.430221,0.432624,0.00240347,0.00558659,0.1308,True
MLB,K Props,Strikeouts,Under,k|2026-06-02|592791,mlb|2026-06-02|ATH-CHC,2026-06-02,betmgm,100,2,1.13,L,-1,-1.13,0.480325,0.474041,-0.00628421,-0.0130832,0.0847,True
MLB,K Props,Strikeouts,Over,k|2026-06-02|608372,mlb|2026-06-02|COL-LAA,2026-06-02,fanatics,100,2,1.35,W,1,1.35,0.486565,0.478236,-0.00832906,-0.0171181,0.0957,True
MLB,K Props,Strikeouts,Under,k|2026-06-02|680570,mlb|2026-06-02|COL-LAA,2026-06-02,betmgm,115,2.15,1.86,W,1.15,2.139,0.459996,0.421624,-0.0383723,-0.0834188,0.123,True
MLB,K Props,Strikeouts,Over,k|2026-06-02|686790,mlb|2026-06-02|MIL-SF,2026-06-02,betmgm,-105,1.95238,2.59,L,-1,-2.59,0.517591,0.528067,0.0104755,0.0202389,0.1484,True
MLB,K Props,Strikeouts,Under,k|2026-06-02|687570,mlb|2026-06-02|CWS-MIN,2026-06-02,fanduel,116,2.16,1.5,L,-1,-1.5,0.443056,0.447531,0.00447479,0.0100998,0.1059,True
MLB,K Props,Strikeouts,Over,k|2026-06-02|693821,mlb|2026-06-02|ATL-TOR,2026-06-02,draftkings,132,2.32,1.42,W,1.32,1.8744,0.40691,0.438682,0.0317723,0.0780818,0.1047,True
MLB,K Props,Strikeouts,Over,k|2026-06-02|696149,mlb|2026-06-02|HOU-PIT,2026-06-02,fanatics,-120,1.83333,1.91,L,-1,-1.91,0.537992,0.537185,-0.000806944,-0.00149992,0.1147,True
MLB,K Props,Strikeouts,Over,k|2026-06-03|668909,mlb|2026-06-03|CLE-NYY,2026-06-03,betmgm,-105,1.95238,1.16,L,-1,-1.16,0.50942,0.55414,0.0447204,0.0877869,0.0832,True
MLB,K Props,Strikeouts,Under,k|2026-06-03|671737,mlb|2026-06-03|CWS-MIN,2026-06-03,fanduel,130,2.3,1.35,W,1.3,1.755,0.419943,0.428816,0.00887322,0.0211296,0.0994,True
MLB,K Props,Strikeouts,Under,k|2026-06-03|695505,mlb|2026-06-03|CIN-KC,2026-06-03,fanduel,116,2.16,1.55,L,-1,-1.55,0.456021,0.462033,0.00601192,0.0131834,0.1071,True
MLB,K Props,Strikeouts,Over,k|2026-06-04|669194,mlb|2026-06-04|AZ-LAD,2026-06-04,draftkings,130,2.3,2.15,L,-1,-2.15,0.410621,0.409026,-0.00159441,-0.00388293,0.1459,True
MLB,K Props,Strikeouts,Under,k|2026-06-04|689441,mlb|2026-06-04|MIL-SF,2026-06-04,draftkings,108,2.08,1.25,W,1.08,1.35,0.453299,0.430858,-0.0224412,-0.0495064,0.0923,True
MLB,K Props,Strikeouts,Over,k|2026-06-05|641743,mlb|2026-06-05|CWS-PHI,2026-06-05,draftkings,124,2.24,1.13,L,-1,-1.13,0.421624,,,,0.0875,True
MLB,K Props,Strikeouts,Under,k|2026-06-05|650633,mlb|2026-06-05|NYM-SD,2026-06-05,draftkings,-104,1.96154,1.68,W,0.961538,1.61538,0.480325,,,,0.1119,True
MLB,K Props,Strikeouts,Under,k|2026-06-05|656876,mlb|2026-06-05|MIA-TB,2026-06-05,bovada,100,2,2.18,L,-1,-2.18,0.478236,,,,0.1367,True
MLB,K Props,Strikeouts,Under,k|2026-06-05|677958,mlb|2026-06-05|CLE-TEX,2026-06-05,betmgm,120,2.2,1.08,L,-1,-1.08,0.464854,,,,0.0823,True
MLB,K Props,Strikeouts,Under,k|2026-06-06|624133,mlb|2026-06-06|BOS-NYY,2026-06-06,fanduel,126,2.26,1.28,,0,0,0.416503,0.416503,0,0,0.0992,True
MLB,K Props,Strikeouts,Over,k|2026-06-06|641793,mlb|2026-06-06|AZ-WSH,2026-06-06,draftkings,134,2.34,1.11,W,1.34,1.4874,0.403274,0.403274,0,0,0.0876,True
MLB,K Props,Strikeouts,Under,k|2026-06-06|656288,mlb|2026-06-06|NYM-SD,2026-06-06,betmgm,-110,1.90909,1.25,L,-1,-1.25,0.502077,0.495845,-0.00623286,-0.0124141,0.0889,True
MLB,K Props,Strikeouts,Over,k|2026-06-06|677952,mlb|2026-06-06|ATL-PIT,2026-06-06,betrivers,108,2.08,2.94,L,-1,-2.94,0.478236,0.495845,0.017609,0.0368207,0.1739,True
MLB,K Props,Strikeouts,Over,k|2026-06-06|686799,mlb|2026-06-06|LAA-LAD,2026-06-06,fanatics,130,2.3,1.57,L,-1,-1.57,0.413845,0.406382,-0.0074633,-0.018034,0.1127,True
MLB,K Props,Strikeouts,Under,k|2026-06-06|694819,mlb|2026-06-06|COL-MIL,2026-06-06,draftkings,-143,1.6993,1.82,W,0.699301,1.27273,0.555075,0.563319,0.00824334,0.0148508,0.1083,True
MLB,K Props,Strikeouts,Under,k|2026-06-06|701542,mlb|2026-06-06|BOS-NYY,2026-06-06,draftkings,-149,1.67114,2.09,,0,0,0.564936,0.574669,0.00973287,0.0172283,0.1174,True
MLB,K Props,Strikeouts,Over,k|2026-06-06|808967,mlb|2026-06-06|LAA-LAD,2026-06-06,fanduel,-152,1.65789,2.01,L,-1,-2.01,0.574669,,,,0.1082,True
MLB,K Props,Strikeouts,Under,k|2026-06-07|605400,mlb|2026-06-07|CWS-PHI,2026-06-07,draftkings,-124,1.80645,1.44,W,0.806452,1.16129,0.521764,,,,0.0961,True
MLB,K Props,Strikeouts,Under,k|2026-06-07|656427,mlb|2026-06-07|DET-SEA,2026-06-07,draftkings,117,2.17,1.92,L,-1,-1.92,0.434405,,,,0.1298,True
MLB,K Props,Strikeouts,Over,k|2026-06-07|667755,mlb|2026-06-07|LAA-LAD,2026-06-07,fanduel,120,2.2,1.28,L,-1,-1.28,0.436681,,,,0.0971,True
MLB,K Props,Strikeouts,Over,k|2026-06-07|686218,mlb|2026-06-07|LAA-LAD,2026-06-07,fanduel,116,2.16,1.13,L,-1,-1.13,0.441203,,,,0.0865,True
MLB,K Props,Strikeouts,Over,k|2026-06-07|686790,mlb|2026-06-07|CHC-SF,2026-06-07,fanatics,115,2.15,1.12,W,1.15,1.288,0.451361,,,,0.0856,True
MLB,K Props,Strikeouts,Under,k|2026-06-07|693645,mlb|2026-06-07|BOS-NYY,2026-06-07,betrivers,-157,1.63694,1.36,W,0.636943,0.866242,0.580057,,,,0.0865,True
MLB,K Props,Strikeouts,Under,k|2026-06-08|657277,mlb|2026-06-08|SF-WSH,2026-06-08,draftkings,-133,1.75188,1.74,L,-1,-1.74,0.539207,0.570896,0.0316886,0.0587688,0.1064,True
MLB,K Props,Strikeouts,Over,k|2026-06-09|669372,mlb|2026-06-09|ATH-MIL,2026-06-09,fanduel,124,2.24,1.35,W,1.24,1.674,0.426743,0.455253,0.0285102,0.0668088,0.0997,True
MLB,K Props,Strikeouts,Under,k|2026-06-09|676974,mlb|2026-06-09|AZ-MIA,2026-06-09,draftkings,-102,1.98039,1.51,W,0.980392,1.48039,0.476141,0.497923,0.0217815,0.0457458,0.1037,True
MLB,K Props,Strikeouts,Over,k|2026-06-09|688107,mlb|2026-06-09|ATH-MIL,2026-06-09,draftkings,115,2.15,2.15,W,1.15,2.4725,0.438682,0.489602,0.0509202,0.116075,0.1416,True
MLB,K Props,Strikeouts,Over,k|2026-06-09|700712,mlb|2026-06-09|HOU-LAA,2026-06-09,fanduel,116,2.16,2.05,W,1.16,2.378,0.46691,0.5,0.0330897,0.0708696,0.1317,True
MLB,K Props,Strikeouts,Over,k|2026-06-09|801139,mlb|2026-06-09|BOS-TB,2026-06-09,bovada,100,2,1.55,L,-1,-1.55,0.474041,0.425023,-0.0490173,-0.103403,0.1057,True
MLB,K Props,Strikeouts,Under,k|2026-06-10|519242,mlb|2026-06-10|ATL-CWS,2026-06-10,betrivers,-115,1.86957,1.1,W,0.869565,0.956522,0.506234,0.510398,0.00416319,0.00822384,0.0817,True
MLB,K Props,Strikeouts,Under,k|2026-06-10|656876,mlb|2026-06-10|BOS-TB,2026-06-10,draftkings,-144,1.69444,2.02,L,-1,-2.02,0.556944,,,,0.116,True
MLB,K Props,Strikeouts,Over,k|2026-06-10|663567,mlb|2026-06-10|HOU-LAA,2026-06-10,draftkings,-104,1.96154,1.26,W,0.961538,1.21154,0.481241,0.555075,0.0738348,0.153426,0.0906,True
MLB,K Props,Strikeouts,Under,k|2026-06-11|527048,mlb|2026-06-11|ATL-CWS,2026-06-11,draftkings,-136,1.73529,2.92,,0,0,0.543979,0.569779,0.0258001,0.0474285,0.1561,True
MLB,K Props,Strikeouts,Under,k|2026-06-12|656427,mlb|2026-06-12|CLE-DET,2026-06-12,betrivers,123,2.23,1.58,W,1.23,1.9434,0.442358,0.443056,0.000698323,0.00157864,0.1107,True
MLB,K Props,Strikeouts,Over,k|2026-06-12|669358,mlb|2026-06-12|BAL-SD,2026-06-12,betrivers,115,2.15,1.25,L,-1,-1.25,0.442358,0.410761,-0.0315967,-0.0714279,0.0935,True
MLB,K Props,Strikeouts,Under,k|2026-06-12|690997,mlb|2026-06-12|ATL-NYM,2026-06-12,draftkings,117,2.17,1.84,L,-1,-1.84,0.434405,0.459996,0.0255912,0.0589109,0.1259,True
MLB,K Props,Strikeouts,Under,k|2026-06-13|527048,mlb|2026-06-13|ATL-NYM,2026-06-13,betmgm,125,2.25,1.67,L,-1,-1.67,0.430858,0.434405,0.00354725,0.00823301,0.1165,True
MLB,K Props,Strikeouts,Under,k|2026-06-13|624133,mlb|2026-06-13|BOS-TEX,2026-06-13,draftkings,-108,1.92593,2.29,L,-1,-2.29,0.489602,0.501046,0.0114434,0.0233728,0.1395,True
MLB,K Props,Strikeouts,Under,k|2026-06-13|647336,mlb|2026-06-13|AZ-CIN,2026-06-13,bovada,120,2.2,1.76,L,-1,-1.76,0.424837,0.422715,-0.00212139,-0.00499343,0.1257,True
MLB,K Props,Strikeouts,Under,k|2026-06-13|667755,mlb|2026-06-13|LAA-TB,2026-06-13,draftkings,122,2.22,1.62,W,1.22,1.9764,0.425023,0.493766,0.0687423,0.161738,0.1147,True
MLB,K Props,Strikeouts,Over,k|2026-06-13|686790,mlb|2026-06-13|CHC-SF,2026-06-13,draftkings,131,2.31,2.02,L,-1,-2.02,0.408487,0.471933,0.0634467,0.155321,0.1387,True
MLB,K Props,Strikeouts,Under,k|2026-06-13|695076,mlb|2026-06-13|AZ-CIN,2026-06-13,draftkings,104,2.04,1.79,L,-1,-1.79,0.462815,0.495845,0.0330294,0.0713663,0.1184,True
MLB,K Props,Strikeouts,Over,k|2026-06-14|608372,mlb|2026-06-14|ATH-COL,2026-06-14,draftkings,124,2.24,1.29,L,-1,-1.29,0.421029,0.410075,-0.0109534,-0.0260158,0.0966,True
MLB,K Props,Strikeouts,Over,k|2026-06-14|650911,mlb|2026-06-14|MIL-PHI,2026-06-14,betrivers,120,2.2,1.63,L,-1,-1.63,0.431501,0.424415,-0.00708674,-0.0164235,0.1137,True
MLB,K Props,Strikeouts,Under,k|2026-06-14|668678,mlb|2026-06-14|AZ-CIN,2026-06-14,draftkings,121,2.21,1.6,W,1.21,1.936,0.427365,0.462008,0.0346434,0.0810629,0.1125,True
MLB,K Props,Strikeouts,Under,k|2026-06-14|690986,mlb|2026-06-14|MIL-PHI,2026-06-14,draftkings,120,2.2,1.74,W,1.2,2.088,0.429104,0.44586,0.0167554,0.0390474,0.1202,True
MLB,K Props,Strikeouts,Under,k|2026-06-14|694973,mlb|2026-06-14|MIA-PIT,2026-06-14,draftkings,111,2.11,1.42,L,-1,-1.42,0.446808,0.462033,0.0152252,0.0340756,0.1019,True
MLB,K Props,Strikeouts,Under,k|2026-06-15|669022,mlb|2026-06-15|MIN-TEX,2026-06-15,fanduel,128,2.28,2.23,L,-1,-2.23,0.432624,0.428816,-0.00380789,-0.00880184,0.1467,True
MLB,K Props,Strikeouts,Under,k|2026-06-15|678906,mlb|2026-06-15|DET-HOU,2026-06-15,betmgm,-125,1.8,1.17,L,-1,-1.17,0.525959,0.571525,0.0455655,0.0866331,0.0831,True
MLB,K Props,Strikeouts,Over,k|2026-06-15|683003,mlb|2026-06-15|ATH-PIT,2026-06-15,fanduel,-130,1.76923,3.04,L,-1,-3.04,0.558797,0.542,-0.0167974,-0.03006,0.1573,True
MLB,K Props,Strikeouts,Over,k|2026-06-15|700712,mlb|2026-06-15|AZ-LAA,2026-06-15,betmgm,125,2.25,1.72,L,-1,-1.72,0.427365,0.446808,0.0194429,0.0454949,0.1192,True
MLB,K Props,Strikeouts,Under,k|2026-06-16|543037,mlb|2026-06-16|CWS-NYY,2026-06-16,draftkings,104,2.04,1.48,L,-1,-1.48,0.462815,0.532252,0.0694369,0.150032,0.1026,True
MLB,K Props,Strikeouts,Over,k|2026-06-16|669467,mlb|2026-06-16|SD-STL,2026-06-16,betmgm,-125,1.8,2.32,W,0.8,1.856,0.542,0.564936,0.0229367,0.0423187,0.1312,True
MLB,K Props,Strikeouts,Under,k|2026-06-16|677958,mlb|2026-06-16|MIN-TEX,2026-06-16,betmgm,-140,1.71429,2.25,W,0.714286,1.60714,0.570896,0.561318,-0.0095777,-0.0167766,0.1227,True
MLB,K Props,Strikeouts,Over,k|2026-06-17|663556,mlb|2026-06-17|LAD-TB,2026-06-17,betmgm,100,2,1.76,L,-1,-1.76,0.482409,,,,0.1156,True
MLB,K Props,Strikeouts,Under,k|2026-06-17|666157,mlb|2026-06-17|CIN-NYM,2026-06-17,draftkings,-134,1.74627,1.52,W,0.746269,1.13433,0.540004,,,,0.0978,True
MLB,K Props,Strikeouts,Under,k|2026-06-17|680694,mlb|2026-06-17|BAL-SEA,2026-06-17,draftkings,110,2.1,1.33,L,-1,-1.33,0.448706,,,,0.0969,True
MLB,K Props,Strikeouts,Under,k|2026-06-17|687075,mlb|2026-06-17|CLE-MIL,2026-06-17,betmgm,105,2.05,1.28,L,-1,-1.28,0.492676,,,,0.0899,True
MLB,K Props,Strikeouts,Over,k|2026-06-17|687562,mlb|2026-06-17|BOS-TOR,2026-06-17,fanduel,142,2.42,1.12,W,1.42,1.5904,0.418275,,,,0.0868,True
MLB,K Props,Strikeouts,Under,k|2026-06-18|527048,mlb|2026-06-18|ATL-SF,2026-06-18,draftkings,-123,1.81301,3.06,,0,0,0.519675,,,,0.1693,True
MLB,K Props,Strikeouts,Over,k|2026-06-18|543243,mlb|2026-06-18|BOS-TOR,2026-06-18,draftkings,110,2.1,1.49,L,-1,-1.49,0.448706,,,,0.1054,True
MLB,K Props,Strikeouts,Under,k|2026-06-18|605400,mlb|2026-06-18|NYM-PHI,2026-06-18,betmgm,-135,1.74074,1.35,L,-1,-1.35,0.550562,,,,0.0889,True
MLB,K Props,Strikeouts,Over,k|2026-06-18|675660,mlb|2026-06-18|CLE-MIL,2026-06-18,fanduel,114,2.14,1.64,L,-1,-1.64,0.444925,,,,0.1137,True
MLB,K Props,Strikeouts,Under,k|2026-06-18|677960,mlb|2026-06-18|CWS-NYY,2026-06-18,draftkings,122,2.22,1.23,L,-1,-1.23,0.425023,,,,0.0931,True
MLB,K Props,Strikeouts,Under,k|2026-06-18|694738,mlb|2026-06-18|ATL-SF,2026-06-18,draftkings,-139,1.71942,2.17,,0,0,0.548639,,,,0.1239,True
MLB,K Props,Strikeouts,Under,k|2026-06-19|607625,mlb|2026-06-19|KC-STL,2026-06-19,draftkings,-131,1.76336,1.24,W,0.763359,0.946565,0.535146,0.576683,0.0415372,0.0776184,0.0858,True
MLB,K Props,Strikeouts,Under,k|2026-06-19|624133,mlb|2026-06-19|BOS-SEA,2026-06-19,draftkings,118,2.18,2.02,W,1.18,2.3836,0.432624,0.430858,-0.00176675,-0.00408379,0.1354,True
MLB,K Props,Strikeouts,Over,k|2026-06-19|676917,mlb|2026-06-19|TB-WSH,2026-06-19,betonlineag,-110,1.90909,1.05,,0,0,0.495845,0.504155,0.00831082,0.0167609,0.0802,True
MLB,K Props,Strikeouts,Over,k|2026-06-19|694346,mlb|2026-06-19|BAL-LAD,2026-06-19,fanduel,118,2.18,1.44,W,1.18,1.6992,0.453299,0.46691,0.0136115,0.0300276,0.1023,True
MLB,K Props,Strikeouts,Under,k|2026-06-19|694738,mlb|2026-06-19|MIA-SF,2026-06-19,draftkings,-134,1.74627,1.83,L,-1,-1.83,0.540004,0.560636,0.0206319,0.0382069,0.1108,True
MLB,K Props,Strikeouts,Over,k|2026-06-19|696149,mlb|2026-06-19|COL-PIT,2026-06-19,betmgm,-120,1.83333,1.16,L,-1,-1.16,0.52086,0.540004,0.0191437,0.0367539,0.0825,True
MLB,K Props,Strikeouts,Over,k|2026-06-20|543135,mlb|2026-06-20|SD-TEX,2026-06-20,fanduel,-120,1.83333,1.6,,0,0,0.528067,,,,0.1019,True
MLB,K Props,Strikeouts,Under,k|2026-06-20|676106,mlb|2026-06-20|BOS-SEA,2026-06-20,draftkings,-139,1.71942,1.28,L,-1,-1.28,0.548639,,,,0.0864,True
MLB,K Props,Strikeouts,Over,k|2026-06-20|676917,mlb|2026-06-20|TB-WSH,2026-06-20,draftkings,112,2.12,2.35,L,-1,-2.35,0.444925,,,,0.1509,True
MLB,K Props,Strikeouts,Over,k|2026-06-20|700712,mlb|2026-06-20|ATH-LAA,2026-06-20,fanduel,-140,1.71429,3.3,W,0.714286,2.35714,0.555075,,,,0.1693,True
MLB,K Props,Strikeouts,Under,k|2026-06-20|701542,mlb|2026-06-20|CIN-NYY,2026-06-20,betonlineag,128,2.28,1.09,L,-1,-1.09,0.425023,,,,0.0853,True
MLB,K Props,Strikeouts,Over,k|2026-06-21|543135,mlb|2026-06-21|SD-TEX,2026-06-21,betrivers,-105,1.95238,2.16,W,0.952381,2.05714,0.489602,,,,0.1336,True
MLB,K Props,Strikeouts,Over,k|2026-06-21|554430,mlb|2026-06-21|NYM-PHI,2026-06-21,draftkings,104,2.04,1.65,W,1.04,1.716,0.462008,,,,0.1121,True
MLB,K Props,Strikeouts,Over,k|2026-06-21|656302,mlb|2026-06-21|CHC-TOR,2026-06-21,fanduel,-120,1.83333,1.21,,0,0,0.540004,,,,0.0844,True
MLB,K Props,Strikeouts,Under,k|2026-06-21|657277,mlb|2026-06-21|MIA-SF,2026-06-21,draftkings,117,2.17,1.83,W,1.17,2.1411,0.434405,,,,0.1251,True
MLB,K Props,Strikeouts,Under,k|2026-06-21|669302,mlb|2026-06-21|BOS-SEA,2026-06-21,draftkings,118,2.18,1.3,L,-1,-1.3,0.433276,,,,0.0957,True
MLB,K Props,Strikeouts,Over,k|2026-06-21|683003,mlb|2026-06-21|COL-PIT,2026-06-21,fanduel,120,2.2,2.15,L,-1,-2.15,0.436866,,,,0.1413,True
MLB,K Props,Strikeouts,Over,k|2026-06-21|687064,mlb|2026-06-21|BAL-LAD,2026-06-21,draftkings,-136,1.73529,2.24,W,0.735294,1.64706,0.543979,,,,0.1272,True
MLB,K Props,Strikeouts,Over,k|2026-06-21|688107,mlb|2026-06-21|ATL-MIL,2026-06-21,bovada,135,2.35,1.57,W,1.35,2.1195,0.455253,,,,0.1091,True
MLB,K Props,Strikeouts,Over,k|2026-06-21|693821,mlb|2026-06-21|ATL-MIL,2026-06-21,betrivers,123,2.23,1.66,W,1.23,2.0418,0.471933,,,,0.1113,True
MLB,K Props,Strikeouts,Over,k|2026-06-22|608379,mlb|2026-06-22|KC-TB,2026-06-22,fanatics,125,2.25,1.34,W,1.25,1.675,0.423317,0.41219,-0.0111273,-0.026286,0.0993,True
MLB,K Props,Strikeouts,Over,k|2026-06-22|641743,mlb|2026-06-22|CLE-CWS,2026-06-22,fanduel,-142,1.70423,1.34,W,0.704225,0.943662,0.569142,0.565595,-0.00354725,-0.00623263,0.0874,True
MLB,K Props,Strikeouts,Under,k|2026-06-22|650633,mlb|2026-06-22|ATL-SD,2026-06-22,draftkings,-151,1.66225,1.5,W,0.662252,0.993377,0.568499,,,,0.0927,True
MLB,K Props,Strikeouts,Over,k|2026-06-22|656550,mlb|2026-06-22|ATL-SD,2026-06-22,betmgm,140,2.4,1.94,L,-1,-1.94,0.427365,0.449438,0.0220734,0.05165,0.1311,True
MLB,K Props,Strikeouts,Over,k|2026-06-22|663372,mlb|2026-06-22|BOS-COL,2026-06-22,draftkings,100,2,1.41,L,-1,-1.41,0.471074,0.506234,0.03516,0.074638,0.0995,True
MLB,K Props,Strikeouts,Under,k|2026-06-22|677958,mlb|2026-06-22|MIA-TEX,2026-06-22,betmgm,-125,1.8,2.45,V,0,0,0.566724,0.566724,0,0,0.1314,True
MLB,K Props,Strikeouts,Over,k|2026-06-22|687562,mlb|2026-06-22|BOS-COL,2026-06-22,draftkings,111,2.11,2.52,W,1.11,2.7972,0.447531,0.449438,0.00190705,0.00426127,0.1591,True
MLB,K Props,Strikeouts,Over,k|2026-06-22|805673,mlb|2026-06-22|LAD-MIN,2026-06-22,betonlineag,104,2.04,1.47,W,1.04,1.5288,0.491685,0.483337,-0.00834822,-0.0169788,0.1001,True
MLB,K Props,Strikeouts,Under,k|2026-06-23|592662,mlb|2026-06-23|ATH-SF,2026-06-23,betmgm,-135,1.74074,3.61,W,0.740741,2.67407,0.572635,0.589239,0.0166035,0.0289949,0.1759,True
MLB,K Props,Strikeouts,Under,k|2026-06-23|593958,mlb|2026-06-23|AZ-STL,2026-06-23,bovada,135,2.35,1.55,L,-1,-1.55,0.426127,0.438682,0.0125553,0.0294637,0.1114,True
MLB,K Props,Strikeouts,Over,k|2026-06-23|641793,mlb|2026-06-23|PHI-WSH,2026-06-23,fanduel,126,2.26,2.43,V,0,0,0.443056,,,,0.1555,True
MLB,K Props,Strikeouts,Under,k|2026-06-23|656605,mlb|2026-06-23|PIT-SEA,2026-06-23,draftkings,106,2.06,1.15,W,1.06,1.219,0.458,0.504155,0.046155,0.100775,0.0865,True
MLB,K Props,Strikeouts,Under,k|2026-06-23|680736,mlb|2026-06-23|LAD-MIN,2026-06-23,betonlineag,-125,1.8,1.62,W,0.8,1.296,0.535963,0.525959,-0.0100034,-0.0186644,0.1029,True
MLB,K Props,Strikeouts,Over,k|2026-06-23|702275,mlb|2026-06-23|ATL-SD,2026-06-23,fanduel,-144,1.69444,1.46,W,0.694444,1.01389,0.580645,,,,0.0911,True
MLB,K Props,Strikeouts,Under,k|2026-06-24|624133,mlb|2026-06-24|BOS-COL,2026-06-24,bovada,135,2.35,1.1,L,-1,-1.1,0.415475,0.415475,0,0,0.0864,True
MLB,K Props,Strikeouts,Over,k|2026-06-24|657746,mlb|2026-06-24|LAD-MIN,2026-06-24,fanduel,-120,1.83333,1.9,W,0.833333,1.58333,0.518759,0.553192,0.0344329,0.0663755,0.1162,True
MLB,K Props,Strikeouts,Under,k|2026-06-24|669461,mlb|2026-06-24|AZ-STL,2026-06-24,draftkings,-127,1.7874,1.64,W,0.787402,1.29134,0.52683,0.52683,0,0,0.1049,True
MLB,K Props,Strikeouts,Under,k|2026-06-24|676440,mlb|2026-06-24|CLE-CWS,2026-06-24,draftkings,-127,1.7874,1.61,W,0.787402,1.26772,0.52683,0.52683,0,0,0.1034,True
MLB,K Props,Strikeouts,Over,k|2026-06-24|677952,mlb|2026-06-24|PIT-SEA,2026-06-24,fanduel,-138,1.72464,3.45,W,0.724638,2.5,0.551417,0.551417,0,0,0.1733,True
MLB,K Props,Strikeouts,Over,k|2026-06-24|677960,mlb|2026-06-24|DET-NYY,2026-06-24,betmgm,-120,1.83333,1.23,W,0.833333,1.025,0.52683,0.52683,0,0,0.087,True
MLB,K Props,Strikeouts,Over,k|2026-06-24|681347,mlb|2026-06-24|HOU-TOR,2026-06-24,betrivers,-118,1.84746,1.48,L,-1,-1.48,0.542,0.542,0,0,0.0953,True
MLB,K Props,Strikeouts,Over,k|2026-06-24|691587,mlb|2026-06-24|MIA-TEX,2026-06-24,betmgm,-105,1.95238,1.98,L,-1,-1.98,0.51928,0.51928,0,0,0.1161,True
MLB,K Props,Strikeouts,Over,k|2026-06-24|695611,mlb|2026-06-24|ATH-SF,2026-06-24,betmgm,-125,1.8,1.42,W,0.8,1.136,0.548639,0.563801,0.0151614,0.0276346,0.0922,True
MLB,K Props,Strikeouts,Over,k|2026-06-25|642547,mlb|2026-06-25|CHC-NYM,2026-06-25,betrivers,117,2.17,1.17,L,-1,-1.17,0.453299,,,,0.0883,True
MLB,K Props,Strikeouts,Under,k|2026-06-25|694738,mlb|2026-06-25|ATH-SF,2026-06-25,draftkings,118,2.18,2.19,L,-1,-2.19,0.433276,,,,0.1439,True
MLB,K Props,Strikeouts,Over,k|2026-06-25|837227,mlb|2026-06-25|DET-HOU,2026-06-25,betrivers,123,2.23,1.23,W,1.23,1.5129,0.441203,,,,0.0917,True
MLB,K Props,Strikeouts,Under,k|2026-06-26|571578,mlb|2026-06-26|TEX-TOR,2026-06-26,fanatics,-140,1.71429,1.39,L,-1,-1.39,0.582306,,,,0.0878,True
MLB,K Props,Strikeouts,Under,k|2026-06-26|621111,mlb|2026-06-26|LAD-SD,2026-06-26,draftkings,-124,1.80645,1.43,L,-1,-1.43,0.521764,,,,0.0955,True
MLB,K Props,Strikeouts,Over,k|2026-06-26|622491,mlb|2026-06-26|CLE-SEA,2026-06-26,draftkings,-105,1.95238,2.51,L,-1,-2.51,0.483337,,,,0.1512,True
MLB,K Props,Strikeouts,Under,k|2026-06-26|671096,mlb|2026-06-26|CIN-PIT,2026-06-26,fanduel,122,2.22,1.14,L,-1,-1.14,0.434405,,,,0.0878,True
MLB,K Props,Strikeouts,Under,k|2026-06-26|676974,mlb|2026-06-26|MIA-STL,2026-06-26,draftkings,-121,1.82645,1.74,W,0.826446,1.43802,0.515511,,,,0.1106,True
MLB,K Props,Strikeouts,Under,k|2026-06-26|694973,mlb|2026-06-26|CIN-PIT,2026-06-26,betonlineag,-141,1.70922,2.64,W,0.70922,1.87234,0.553192,,,,0.1427,True
MLB,K Props,Strikeouts,Over,k|2026-06-26|700712,mlb|2026-06-26|ATH-LAA,2026-06-26,betmgm,-135,1.74074,1.3,W,0.740741,0.962963,0.557642,,,,0.0873,True
MLB,K Props,Strikeouts,Under,k|2026-06-26|701542,mlb|2026-06-26|BOS-NYY,2026-06-26,draftkings,130,2.3,1.12,W,1.3,1.456,0.410621,,,,0.0873,True
MLB,K Props,Strikeouts,Under,k|2026-06-27|543037,mlb|2026-06-27|BOS-NYY,2026-06-27,betonlineag,141,2.41,1.06,L,-1,-1.06,0.389957,0.447531,0.0575743,0.147643,0.0872,True
MLB,K Props,Strikeouts,Under,k|2026-06-27|657277,mlb|2026-06-27|ATL-SF,2026-06-27,draftkings,-141,1.70922,3.21,L,-1,-3.21,0.551294,0.551294,0,0,0.1668,True
MLB,K Props,Strikeouts,Under,k|2026-06-27|663436,mlb|2026-06-27|CWS-KC,2026-06-27,draftkings,-126,1.79365,2.32,W,0.793651,1.84127,0.525959,0.53309,0.00713027,0.0135567,0.1341,True
MLB,K Props,Strikeouts,Over,k|2026-06-27|683003,mlb|2026-06-27|CIN-PIT,2026-06-27,draftkings,101,2.01,2.47,L,-1,-2.47,0.468984,0.468984,0,0,0.1528,True
MLB,K Props,Strikeouts,Under,k|2026-06-27|687473,mlb|2026-06-27|MIA-STL,2026-06-27,fanduel,-104,1.96154,1.69,L,-1,-1.69,0.489602,0.480325,-0.00927765,-0.0189494,0.1109,True
MLB,K Props,Strikeouts,Under,k|2026-06-27|695505,mlb|2026-06-27|CIN-PIT,2026-06-27,bovada,130,2.3,1.65,L,-1,-1.65,0.435064,0.408472,-0.0265917,-0.0611213,0.1148,True
MLB,K Props,Strikeouts,Under,k|2026-06-28|592662,mlb|2026-06-28|ATL-SF,2026-06-28,fanduel,-115,1.86957,1.28,W,0.869565,1.11304,0.535963,,,,0.0881,True
MLB,K Props,Strikeouts,Over,k|2026-06-28|641793,mlb|2026-06-28|BAL-WSH,2026-06-28,betmgm,-105,1.95238,1.72,L,-1,-1.72,0.510398,,,,0.1097,True
MLB,K Props,Strikeouts,Under,k|2026-06-28|663903,mlb|2026-06-28|CIN-PIT,2026-06-28,draftkings,107,2.07,1.29,L,-1,-1.29,0.455253,,,,0.0946,True
MLB,K Props,Strikeouts,Under,k|2026-06-28|677958,mlb|2026-06-28|TEX-TOR,2026-06-28,draftkings,-160,1.625,3.15,L,-1,-3.15,0.580645,,,,0.1561,True
MLB,K Props,Strikeouts,Under,k|2026-06-29|624133,mlb|2026-06-29|BOS-WSH,2026-06-29,betmgm,-110,1.90909,2.37,L,-1,-2.37,0.497923,0.508315,0.0103924,0.0208716,0.1423,True
MLB,K Props,Strikeouts,Under,k|2026-06-29|663567,mlb|2026-06-29|HOU-MIN,2026-06-29,betrivers,125,2.25,1.39,W,1.25,1.7375,0.425331,0.432624,0.00729355,0.0171479,0.098,True
MLB,K Props,Strikeouts,Under,k|2026-06-29|669358,mlb|2026-06-29|BAL-CWS,2026-06-29,draftkings,-120,1.83333,1.84,L,-1,-1.84,0.514571,0.548639,0.0340681,0.0662068,0.1144,True
MLB,K Props,Strikeouts,Over,k|2026-06-29|677952,mlb|2026-06-29|PHI-PIT,2026-06-29,fanduel,116,2.16,2.46,W,1.16,2.8536,0.436681,0.449438,0.012757,0.0292135,0.1598,True
MLB,K Props,Strikeouts,Over,k|2026-06-29|684007,mlb|2026-06-29|CHC-SD,2026-06-29,betrivers,-148,1.67568,2.68,L,-1,-2.68,0.584525,0.574669,-0.00985554,-0.0168608,0.137,True
MLB,K Props,Strikeouts,Under,k|2026-06-29|805673,mlb|2026-06-29|HOU-MIN,2026-06-29,betonlineag,-159,1.62893,1.82,L,-1,-1.82,0.582306,,,,0.1044,True
MLB,K Props,Strikeouts,Under,k|2026-06-30|527048,mlb|2026-06-30|ATL-STL,2026-06-30,fanduel,132,2.32,2.6,W,1.32,3.432,0.409026,,,,0.1714,True
MLB,K Props,Strikeouts,Under,k|2026-06-30|676440,mlb|2026-06-30|CLE-TEX,2026-06-30,fanduel,-154,1.64935,1.87,W,0.649351,1.21429,0.580645,,,,0.1068,True
MLB,K Props,Strikeouts,Over,k|2026-06-30|691587,mlb|2026-06-30|COL-MIA,2026-06-30,betrivers,112,2.12,1.06,W,1.12,1.1872,0.478236,,,,0.0814,True
MLB,K Props,Strikeouts,Over,k|2026-06-30|696149,mlb|2026-06-30|PHI-PIT,2026-06-30,betmgm,-120,1.83333,2.07,W,0.833333,1.725,0.558797,,,,0.1175,True
MLB,K Props,Strikeouts,Under,k|2026-07-01|701542,mlb|2026-07-01|DET-NYY,2026-07-01,draftkings,111,2.11,1.7,L,-1,-1.7,0.447531,,,,0.1161,True
MLB,K Props,Strikeouts,Over,k|2026-07-02|681190,mlb|2026-07-02|LAD-SD,2026-07-02,fanatics,135,2.35,1.35,L,-1,-1.35,0.415475,,,,0.1004,True
MLB,K Props,Strikeouts,Over,k|2026-07-03|660271,mlb|2026-07-03|LAD-SD,2026-07-03,betmgm,-120,1.83333,1.43,W,0.833333,1.19167,0.54789,,,,0.0919,True
MLB,K Props,Strikeouts,Under,k|2026-07-03|663903,mlb|2026-07-03|BAL-CIN,2026-07-03,draftkings,-140,1.71429,1.66,L,-1,-1.66,0.550562,,,,0.1018,True
MLB,K Props,Strikeouts,Over,k|2026-07-03|669432,mlb|2026-07-03|BAL-CIN,2026-07-03,betrivers,104,2.04,1.74,L,-1,-1.74,0.495845,,,,0.1127,True
MLB,K Props,Strikeouts,Under,k|2026-07-03|672282,mlb|2026-07-03|BOS-LAA,2026-07-03,draftkings,108,2.08,2.06,W,1.08,2.2248,0.454058,,,,0.1334,True
MLB,K Props,Strikeouts,Under,k|2026-07-03|678022,mlb|2026-07-03|ATH-MIA,2026-07-03,betonlineag,-149,1.67114,2.64,L,-1,-2.64,0.574977,,,,0.1376,True
MLB,K Props,Strikeouts,Under,k|2026-07-03|681293,mlb|2026-07-03|HOU-TB,2026-07-03,fanduel,-132,1.75758,1.68,W,0.757576,1.27273,0.537185,,,,0.104,True
MLB,K Props,Strikeouts,Over,k|2026-07-03|687562,mlb|2026-07-03|BOS-LAA,2026-07-03,betmgm,-135,1.74074,2.02,W,0.740741,1.4963,0.555075,,,,0.1166,True
MLB,K Props,Strikeouts,Over,k|2026-07-04|645261,mlb|2026-07-04|ATH-MIA,2026-07-04,betmgm,-120,1.83333,1.67,W,0.833333,1.39167,0.558797,,,,0.1013,True
MLB,K Props,Strikeouts,Over,k|2026-07-04|669302,mlb|2026-07-04|SEA-TOR,2026-07-04,betmgm,130,2.3,2.45,W,1.3,3.185,0.444925,,,,0.1563,True
MLB,K Props,Strikeouts,Over,k|2026-07-04|677952,mlb|2026-07-04|PIT-WSH,2026-07-04,fanduel,-130,1.76923,1.43,W,0.769231,1.1,0.578971,,,,0.0903,True
MLB,K Props,Strikeouts,Under,k|2026-07-04|677958,mlb|2026-07-04|DET-TEX,2026-07-04,betrivers,123,2.23,2.68,,0,0,0.425023,,,,0.1727,True
MLB,K Props,Strikeouts,Over,k|2026-07-04|681517,mlb|2026-07-04|CHC-STL,2026-07-04,bovada,140,2.4,1.07,W,1.4,1.498,0.419355,,,,0.0847,True
MLB,K Props,Strikeouts,Under,k|2026-07-04|686613,mlb|2026-07-04|HOU-TB,2026-07-04,betmgm,-125,1.8,3.1,W,0.8,2.48,0.563134,,,,0.1587,True
MLB,K Props,Strikeouts,Over,k|2026-07-04|808967,mlb|2026-07-04|LAD-SD,2026-07-04,fanduel,118,2.18,2.89,W,1.18,3.4102,0.47914,,,,0.1705,True
MLB,K Props,Strikeouts,Under,k|2026-07-05|624133,mlb|2026-07-05|BOS-LAA,2026-07-05,betmgm,-135,1.74074,2.96,W,0.740741,2.19259,0.558797,,,,0.1537,True
MLB,K Props,Strikeouts,Over,k|2026-07-05|657746,mlb|2026-07-05|MIN-NYY,2026-07-05,fanduel,-113,1.88496,1.42,W,0.884956,1.25664,0.53309,,,,0.0938,True
MLB,K Props,Strikeouts,Under,k|2026-07-05|676440,mlb|2026-07-05|CLE-CWS,2026-07-05,draftkings,117,2.17,1.53,W,1.17,1.7901,0.435064,,,,0.1084,True
MLB,K Props,Strikeouts,Under,k|2026-07-05|676917,mlb|2026-07-05|PIT-WSH,2026-07-05,draftkings,-145,1.68966,2.16,W,0.689655,1.48966,0.557642,,,,0.1225,True
MLB,K Props,Strikeouts,Over,k|2026-07-05|696149,mlb|2026-07-05|PIT-WSH,2026-07-05,betmgm,100,2,1.41,L,-1,-1.41,0.510398,,,,0.0956,True
MLB,K Props,Strikeouts,Under,k|2026-07-06|621111,mlb|2026-07-06|AZ-SD,2026-07-06,fanduel,130,2.3,2.34,L,-1,-2.34,0.412227,,,,0.1564,True
MLB,K Props,Strikeouts,Under,k|2026-07-07|694973,mlb|2026-07-07|ATL-PIT,2026-07-07,betrivers,100,2,2.91,W,1,2.91,0.493766,0.487517,-0.00624842,-0.0126546,0.1688,True
MLB,K Props,Strikeouts,Under,k|2026-07-08|650633,mlb|2026-07-08|AZ-SD,2026-07-08,fanduel,-108,1.92593,1.72,W,0.925926,1.59259,0.52086,,,,0.1078,True
MLB,K Props,Strikeouts,Under,k|2026-07-08|663436,mlb|2026-07-08|BOS-CWS,2026-07-08,draftkings,115,2.15,1.24,W,1.15,1.426,0.438682,,,,0.0927,True
MLB,K Props,Strikeouts,Under,k|2026-07-09|608379,mlb|2026-07-09|KC-NYM,2026-07-09,draftkings,116,2.16,1.21,L,-1,-1.21,0.436866,,,,0.0908,True
MLB,K Props,Strikeouts,Over,k|2026-07-09|656849,mlb|2026-07-09|BAL-CHC,2026-07-09,fanduel,126,2.26,1.02,L,-1,-1.02,0.423317,,,,0.0814,True
MLB,K Props,Strikeouts,Over,k|2026-07-09|669467,mlb|2026-07-09|MIL-STL,2026-07-09,draftkings,-135,1.74074,3.15,L,-1,-3.15,0.542,,,,0.1666,True
MLB,K Props,Strikeouts,Over,k|2026-07-09|693821,mlb|2026-07-09|ATL-PIT,2026-07-09,fanatics,105,2.05,1.05,L,-1,-1.05,0.471074,,,,0.0813,True
MLB,K Props,Strikeouts,Under,k|2026-07-10|543243,mlb|2026-07-10|BOS-NYM,2026-07-10,draftkings,112,2.12,1.79,W,1.12,2.0048,0.444925,0.444925,0,0,0.1216,True
MLB,K Props,Strikeouts,Over,k|2026-07-10|605400,mlb|2026-07-10|DET-PHI,2026-07-10,fanatics,100,2,1.1,W,1,1.1,0.47317,0.47317,0,0,0.0839,True
MLB,K Props,Strikeouts,Over,k|2026-07-10|645261,mlb|2026-07-10|CLE-MIA,2026-07-10,fanatics,100,2,1.54,W,1,1.54,0.484489,0.484489,0,0,0.1047,True
MLB,K Props,Strikeouts,Over,k|2026-07-10|669456,mlb|2026-07-10|SD-TOR,2026-07-10,bovada,105,2.05,1.54,L,-1,-1.54,0.462008,0.446808,-0.0152005,-0.032901,0.1068,True
MLB,K Props,Strikeouts,Over,k|2026-07-10|677952,mlb|2026-07-10|MIL-PIT,2026-07-10,draftkings,123,2.23,2.26,,0,0,0.423317,0.423317,0,0,0.1496,True
MLB,K Props,Strikeouts,Under,k|2026-07-10|680570,mlb|2026-07-10|LAA-MIN,2026-07-10,fanduel,100,2,1.45,W,1,1.45,0.506234,0.506234,0,0,0.0979,True
MLB,K Props,Strikeouts,Over,k|2026-07-10|684007,mlb|2026-07-10|CHC-CIN,2026-07-10,draftkings,-111,1.9009,2.97,L,-1,-2.97,0.496862,0.504155,0.00729296,0.014678,0.1697,True
MLB,K Props,Strikeouts,Under,k|2026-07-10|685299,mlb|2026-07-10|COL-SF,2026-07-10,draftkings,134,2.34,1.28,W,1.34,1.7152,0.403274,0.440513,0.0372392,0.0923423,0.0972,True
MLB,K Props,Strikeouts,Under,k|2026-07-10|686613,mlb|2026-07-10|HOU-TEX,2026-07-10,draftkings,108,2.08,1.48,W,1.08,1.5984,0.454058,0.454058,0,0,0.1037,True
MLB,K Props,Strikeouts,Over,k|2026-07-10|687064,mlb|2026-07-10|BAL-KC,2026-07-10,fanatics,105,2.05,1.24,W,1.05,1.302,0.47317,0.47317,0,0,0.0908,True
MLB,K Props,Strikeouts,Over,k|2026-07-11|571945,mlb|2026-07-11|NYY-WSH,2026-07-11,betmgm,100,2,1.73,V,0,0,0.514571,,,,0.1097,True
MLB,K Props,Strikeouts,Over,k|2026-07-11|650911,mlb|2026-07-11|DET-PHI,2026-07-11,betrivers,-121,1.82645,2.39,W,0.826446,1.97521,0.550562,,,,0.1323,True
MLB,K Props,Strikeouts,Over,k|2026-07-11|665871,mlb|2026-07-11|CHC-CIN,2026-07-11,draftkings,-139,1.71942,1.37,W,0.719424,0.985612,0.548639,,,,0.0905,True
MLB,K Props,Strikeouts,Under,k|2026-07-11|676440,mlb|2026-07-11|CLE-MIA,2026-07-11,draftkings,100,2,2.52,W,1,2.52,0.471933,,,,0.1543,True
MLB,K Props,Strikeouts,Under,k|2026-07-11|677958,mlb|2026-07-11|HOU-TEX,2026-07-11,betmgm,-125,1.8,3,L,-1,-3,0.542777,,,,0.1604,True
MLB,K Props,Strikeouts,Under,k|2026-07-11|695611,mlb|2026-07-11|ATH-CWS,2026-07-11,betmgm,-115,1.86957,1.93,L,-1,-1.93,0.543979,,,,0.1139,True
MLB,K Props,Strikeouts,Over,k|2026-07-11|696149,mlb|2026-07-11|MIL-PIT,2026-07-11,fanduel,110,2.1,1.2,W,1.1,1.32,0.464037,,,,0.0894,True
MLB,K Props,Strikeouts,Over,k|2026-07-11|808967,mlb|2026-07-11|AZ-LAD,2026-07-11,fanduel,-150,1.66667,1.32,W,0.666667,0.88,0.569779,,,,0.087,True
MLB,K Props,Strikeouts,Over,k|2026-07-12|669022,mlb|2026-07-12|HOU-TEX,2026-07-12,fanduel,-120,1.83333,2.35,L,-1,-2.35,0.516663,,,,0.1373,True
MLB,K Props,Strikeouts,Under,k|2026-07-12|669160,mlb|2026-07-12|ATL-STL,2026-07-12,draftkings,107,2.07,1.49,W,1.07,1.5943,0.455253,,,,0.105,True
MLB,K Props,Strikeouts,Under,k|2026-07-12|669358,mlb|2026-07-12|BAL-KC,2026-07-12,draftkings,-143,1.6993,2.51,L,-1,-2.51,0.555075,,,,0.1365,True
MLB,K Props,Strikeouts,Under,k|2026-07-12|686218,mlb|2026-07-12|AZ-LAD,2026-07-12,betmgm,-140,1.71429,1.35,L,-1,-1.35,0.563134,,,,0.0882,True
MLB,K Props,Strikeouts,Under,k|2026-07-12|686790,mlb|2026-07-12|COL-SF,2026-07-12,betrivers,-132,1.75758,2.05,W,0.757576,1.55303,0.548639,,,,0.1186,True
MLB,K Props,Strikeouts,Over,k|2026-07-17|645261,mlb|2026-07-17|MIA-MIL,2026-07-17,betrivers,-137,1.72993,2.04,W,0.729927,1.48905,0.561318,,,,0.1166,True
MLB,K Props,Strikeouts,Under,k|2026-07-17|672282,mlb|2026-07-17|DET-LAA,2026-07-17,fanduel,100,2,1.69,L,-1,-1.69,0.484489,,,,0.1122,True
MLB,K Props,Strikeouts,Over,k|2026-07-17|683003,mlb|2026-07-17|CLE-PIT,2026-07-17,betrivers,-103,1.97087,2.61,,0,0,0.489602,,,,0.155,True
MLB,K Props,Strikeouts,Over,k|2026-07-17|808963,mlb|2026-07-17|LAD-NYY,2026-07-17,betrivers,-143,1.6993,3.51,W,0.699301,2.45455,0.563134,,,,0.1754,True
MLB,K Props,Strikeouts,Over,k|2026-07-18|641793,mlb|2026-07-18|ATH-WSH,2026-07-18,betmgm,-130,1.76923,3.5,W,0.769231,2.69231,0.563134,,,,0.1747,True
MLB,K Props,Strikeouts,Under,k|2026-07-18|657277,mlb|2026-07-18|SEA-SF,2026-07-18,fanduel,-102,1.98039,1.84,W,0.980392,1.80392,0.510398,,,,0.1152,True
MLB,K Props,Strikeouts,Over,k|2026-07-18|695076,mlb|2026-07-18|CIN-COL,2026-07-18,fanduel,130,2.3,1.28,L,-1,-1.28,0.430221,,,,0.0962,True
MLB,K Props,Strikeouts,Under,k|2026-07-19|593958,mlb|2026-07-19|AZ-STL,2026-07-19,draftkings,133,2.33,1.83,W,1.33,2.4339,0.404822,,,,0.1289,True
MLB,K Props,Strikeouts,Over,k|2026-07-19|656492,mlb|2026-07-19|ATH-WSH,2026-07-19,draftkings,118,2.18,2.62,L,-1,-2.62,0.432624,,,,0.1681,True
MLB,K Props,Strikeouts,Over,k|2026-07-19|669467,mlb|2026-07-19|AZ-STL,2026-07-19,draftkings,128,2.28,2.35,L,-1,-2.35,0.413845,,,,0.157,True
MLB,K Props,Strikeouts,Under,k|2026-07-19|686613,mlb|2026-07-19|BAL-HOU,2026-07-19,fanduel,122,2.22,2.66,W,1.22,3.2452,0.425023,,,,0.1717,True
MLB,K Props,Strikeouts,Under,k|2026-07-20|667755,mlb|2026-07-20|LAA-STL,2026-07-20,fanduel,-146,1.68493,2.02,L,-1,-2.02,0.559487,,,,0.1162,True
MLB,K Props,Strikeouts,Over,k|2026-07-20|677952,mlb|2026-07-20|NYY-PIT,2026-07-20,betmgm,-115,1.86957,2.26,L,-1,-2.26,0.521764,,,,0.1327,True
MLB,K Props,Strikeouts,Over,k|2026-07-20|693821,mlb|2026-07-20|ATL-SD,2026-07-20,draftkings,-128,1.78125,2.16,W,0.78125,1.6875,0.528926,,,,0.1271,True
MLB,K Props,Strikeouts,Under,k|2026-07-21|621111,mlb|2026-07-21|ATL-SD,2026-07-21,draftkings,108,2.08,2.08,W,1.08,2.2464,0.454058,0.436199,-0.0178585,-0.0393309,0.1349,True
MLB,K Props,Strikeouts,Under,k|2026-07-21|677958,mlb|2026-07-21|CWS-TEX,2026-07-21,fanduel,122,2.22,2.72,L,-1,-2.72,0.431501,0.426743,-0.00475878,-0.0110284,0.173,True
MLB,K Props,Strikeouts,Under,k|2026-07-21|678022,mlb|2026-07-21|ATH-AZ,2026-07-21,fanduel,-113,1.88496,1.25,W,0.884956,1.10619,0.523859,0.525959,0.00210054,0.00400974,0.0873,True
MLB,K Props,Strikeouts,Under,k|2026-07-21|701542,mlb|2026-07-21|NYY-PIT,2026-07-21,betrivers,-112,1.89286,1.16,,0,0,0.506234,,,,0.0847,True
MLB,K Props,Strikeouts,Under,k|2026-07-21|702273,mlb|2026-07-21|CWS-TEX,2026-07-21,betmgm,-140,1.71429,1.63,W,0.714286,1.16429,0.553192,0.537992,-0.0152005,-0.0274778,0.101,True
MLB,K Props,Strikeouts,Under,k|2026-07-22|527048,mlb|2026-07-22|ATL-SD,2026-07-22,betonlineag,-167,1.5988,2.75,W,0.598802,1.64671,0.593618,,,,0.1378,True
MLB,K Props,Strikeouts,Under,k|2026-07-22|543037,mlb|2026-07-22|NYY-PIT,2026-07-22,draftkings,101,2.01,1.09,L,-1,-1.09,0.468984,,,,0.0832,True
MLB,K Props,Strikeouts,Under,k|2026-07-22|607625,mlb|2026-07-22|KC-SF,2026-07-22,draftkings,-110,1.90909,1.44,L,-1,-1.44,0.493766,,,,0.0988,True
MLB,K Props,Strikeouts,Under,k|2026-07-22|663567,mlb|2026-07-22|HOU-MIA,2026-07-22,draftkings,-145,1.68966,1.55,W,0.689655,1.06897,0.558797,,,,0.0962,True
MLB,K Props,Strikeouts,Under,k|2026-07-22|672282,mlb|2026-07-22|LAA-STL,2026-07-22,draftkings,120,2.2,2.27,L,-1,-2.27,0.429104,,,,0.1492,True
MLB,K Props,Strikeouts,Over,k|2026-07-23|671737,mlb|2026-07-23|CLE-MIN,2026-07-23,fanduel,128,2.28,2.08,L,-1,-2.08,0.434405,,,,0.1387,True
MLB,K Props,Strikeouts,Under,k|2026-07-24|593958,mlb|2026-07-24|AZ-WSH,2026-07-24,draftkings,-142,1.70423,1.67,W,0.704225,1.17606,0.553192,,,,0.1026,True
MLB,K Props,Strikeouts,Under,k|2026-07-24|608566,mlb|2026-07-24|MIA-SD,2026-07-24,draftkings,-136,1.73529,1.23,L,-1,-1.23,0.543979,,,,0.0843,True
MLB,K Props,Strikeouts,Under,k|2026-07-24|657277,mlb|2026-07-24|LAA-SF,2026-07-24,fanduel,122,2.22,1.28,W,1.22,1.5616,0.427365,,,,0.095,True
MLB,K Props,Strikeouts,Under,k|2026-07-24|669160,mlb|2026-07-24|CIN-STL,2026-07-24,draftkings,-108,1.92593,1.94,L,-1,-1.94,0.489602,,,,0.1228,True
MLB,K Props,Strikeouts,Over,k|2026-07-24|808963,mlb|2026-07-24|LAD-NYM,2026-07-24,fanduel,128,2.28,1.87,W,1.28,2.3936,0.423317,,,,0.1285,True
MLB,K Props,Strikeouts,Under,k|2026-07-25|663554,mlb|2026-07-25|DET-KC,2026-07-25,draftkings,-113,1.88496,1.16,W,0.884956,1.02655,0.5,,,,0.0848,True
MLB,K Props,Strikeouts,Over,k|2026-07-25|669467,mlb|2026-07-25|CIN-STL,2026-07-25,fanduel,118,2.18,1.09,W,1.18,1.2862,0.436866,,,,0.0847,True
MLB,K Props,Strikeouts,Under,k|2026-07-25|686613,mlb|2026-07-25|CWS-HOU,2026-07-25,fanduel,110,2.1,1.29,L,-1,-1.29,0.455253,,,,0.0947,True
MLB,K Props,Strikeouts,Over,k|2026-07-25|687064,mlb|2026-07-25|ATL-BAL,2026-07-25,fanatics,125,2.25,1.6,W,1.25,2,0.438682,,,,0.112,True
MLB,K Props,Strikeouts,Under,k|2026-07-25|688107,mlb|2026-07-25|COL-MIL,2026-07-25,draftkings,-128,1.78125,3.19,W,0.78125,2.49219,0.528926,,,,0.1726,True
MLB,K Props,Strikeouts,Over,k|2026-07-25|691587,mlb|2026-07-25|MIA-SD,2026-07-25,betrivers,-139,1.71942,3.3,L,-1,-3.3,0.550562,,,,0.1701,True
MLB,K Props,Strikeouts,Over,k|2026-07-25|693433,mlb|2026-07-25|SEA-TEX,2026-07-25,betonlineag,-135,1.74074,1.62,L,-1,-1.62,0.554361,,,,0.0993,True
MLB,K Props,Strikeouts,Over,k|2026-07-25|808967,mlb|2026-07-25|LAD-NYM,2026-07-25,fanduel,100,2,1.6,L,-1,-1.6,0.508315,,,,0.1046,True
MLB,K Props,Strikeouts,Under,k|2026-07-26|621111,mlb|2026-07-26|MIA-SD,2026-07-26,fanduel,128,2.28,2.06,L,-1,-2.06,0.413845,,,,0.1402,True
MLB,K Props,Strikeouts,Under,k|2026-07-26|624133,mlb|2026-07-26|BOS-TOR,2026-07-26,fanduel,-130,1.76923,1.84,L,-1,-1.84,0.537185,,,,0.1111,True
MLB,K Props,Strikeouts,Under,k|2026-07-26|669358,mlb|2026-07-26|ATL-BAL,2026-07-26,betmgm,-140,1.71429,2.27,W,0.714286,1.62143,0.556944,,,,0.1262,True
MLB,K Props,Strikeouts,Over,k|2026-07-26|677952,mlb|2026-07-26|CHC-PIT,2026-07-26,betmgm,-115,1.86957,2.14,L,-1,-2.14,0.552469,,,,0.1212,True
MLB,K Props,Strikeouts,Over,k|2026-07-26|679883,mlb|2026-07-26|DET-KC,2026-07-26,fanduel,-150,1.66667,2.1,L,-1,-2.1,0.566724,,,,0.1172,True
MLB,K Props,Strikeouts,Under,k|2026-07-27|527048,mlb|2026-07-27|ATL-NYM,2026-07-27,draftkings,115,2.15,2.25,L,-1,-2.25,0.439364,0.455253,0.0158885,0.0361625,0.1461,True
MLB,K Props,Strikeouts,Under,k|2026-07-27|656605,mlb|2026-07-27|AZ-PIT,2026-07-27,fanduel,132,2.32,2.04,L,-1,-2.04,0.421624,0.425023,0.0033995,0.00806288,0.1377,True
MLB,K Props,Strikeouts,Over,k|2026-07-27|669923,mlb|2026-07-27|SEA-TEX,2026-07-27,betonlineag,106,2.06,1.21,L,-1,-1.21,0.462008,0.447531,-0.0144771,-0.0313352,0.0898,True
MLB,K Props,Strikeouts,Under,k|2026-07-27|677958,mlb|2026-07-27|SEA-TEX,2026-07-27,fanduel,-113,1.88496,2.48,L,-1,-2.48,0.519675,0.521764,0.00208911,0.00402003,0.1432,True
MLB,K Props,Strikeouts,Under,k|2026-07-27|695505,mlb|2026-07-27|CIN-CLE,2026-07-27,betmgm,-135,1.74074,1.51,,0,0,0.558797,0.565595,0.00679809,0.0121656,0.0946,True
MLB,K Props,Strikeouts,Under,k|2026-07-27|702273,mlb|2026-07-27|CWS-NYY,2026-07-27,betmgm,-110,1.90909,1.33,L,-1,-1.33,0.514571,0.447531,-0.06704,-0.130283,0.0915,True
MLB,K Props,Strikeouts,Under,k|2026-07-28|543037,mlb|2026-07-28|CWS-NYY,2026-07-28,betonlineag,-128,1.78125,1.56,L,-1,-1.56,0.533917,,,,0.1007,True
MLB,K Props,Strikeouts,Over,k|2026-07-28|645261,mlb|2026-07-28|MIA-PHI,2026-07-28,fanduel,116,2.16,1.96,L,-1,-1.96,0.442358,,,,0.1309,True
MLB,K Props,Strikeouts,Under,k|2026-07-28|650633,mlb|2026-07-28|COL-SD,2026-07-28,draftkings,-138,1.72464,1.19,L,-1,-1.19,0.546701,,,,0.083,True
MLB,K Props,Strikeouts,Over,k|2026-07-28|665152,mlb|2026-07-28|BAL-DET,2026-07-28,draftkings,-146,1.68493,1.21,L,-1,-1.21,0.559487,,,,0.0831,True
MLB,K Props,Strikeouts,Under,k|2026-07-28|681035,mlb|2026-07-28|ATL-NYM,2026-07-28,draftkings,-135,1.74074,2.18,,0,0,0.542,,,,0.1254,True
MLB,K Props,Strikeouts,Under,k|2026-07-28|695505,mlb|2026-07-28|CIN-CLE,2026-07-28,betmgm,-135,1.74074,1.49,W,0.740741,1.1037,0.54938,,,,0.096,True
MLB,K Props,Strikeouts,Under,k|2026-07-29|593958,mlb|2026-07-29|AZ-PIT,2026-07-29,betmgm,105,2.05,2.29,W,1.05,2.4045,0.464037,,,,0.1447,True
MLB,K Props,Strikeouts,Under,k|2026-07-29|663436,mlb|2026-07-29|CWS-NYY,2026-07-29,draftkings,125,2.25,1.14,L,-1,-1.14,0.419943,,,,0.0877,True
MLB,K Props,Strikeouts,Over,k|2026-07-29|669432,mlb|2026-07-29|BAL-DET,2026-07-29,betmgm,-125,1.8,1.3,W,0.8,1.04,0.550562,,,,0.0871,True
MLB,K Props,Strikeouts,Over,k|2026-07-29|676106,mlb|2026-07-29|LAD-SEA,2026-07-29,draftkings,125,2.25,1.24,W,1.25,1.55,0.419943,,,,0.0932,True
MLB,K Props,Strikeouts,Under,k|2026-07-29|681035,mlb|2026-07-29|ATL-NYM,2026-07-29,fanduel,-132,1.75758,1.86,L,-1,-1.86,0.537185,,,,0.1118,True
MLB,K Props,Strikeouts,Over,k|2026-07-30|669467,mlb|2026-07-30|CHC-STL,2026-07-30,betmgm,-160,1.625,1.92,L,-1,-1.92,0.596209,,,,0.1057,True
MLB,K Props,Strikeouts,Over,k|2026-07-30|691587,mlb|2026-07-30|MIA-NYM,2026-07-30,fanduel,-132,1.75758,1.76,W,0.757576,1.33333,0.546701,,,,0.107,True
MLB,K Props,Strikeouts,Over,k|2026-07-30|693433,mlb|2026-07-30|LAD-SEA,2026-07-30,betrivers,125,2.25,2.3,W,1.25,2.875,0.425023,,,,0.1519,True
MLB,K Props,Strikeouts,Under,k|2026-07-31|624133,mlb|2026-07-31|BOS-LAD,2026-07-31,bovada,-135,1.74074,1.64,W,0.740741,1.21481,0.565595,,,,0.1,True
MLB,K Props,Strikeouts,Over,k|2026-07-31|668881,mlb|2026-07-31|CIN-PIT,2026-07-31,fanduel,122,2.22,1.21,L,-1,-1.21,0.462008,,,,0.0898,True
MLB,K Props,Strikeouts,Under,k|2026-07-31|676440,mlb|2026-07-31|AZ-CLE,2026-07-31,betmgm,-120,1.83333,2.87,W,0.833333,2.39167,0.528926,,,,0.1582,True
MLB,K Props,Strikeouts,Over,k|2026-07-31|687064,mlb|2026-07-31|BAL-PHI,2026-07-31,fanatics,-130,1.76923,3.38,W,0.769231,2.6,0.535963,,,,0.1788,True
MLB,K Props,Strikeouts,Over,k|2026-07-31|687931,mlb|2026-07-31|SD-SF,2026-07-31,betmgm,-140,1.71429,1.52,L,-1,-1.52,0.569142,,,,0.0945,True
MLB,K Props,Strikeouts,Under,k|2026-07-31|694973,mlb|2026-07-31|CIN-PIT,2026-07-31,draftkings,-152,1.65789,1.34,W,0.657895,0.881579,0.569142,,,,0.0873,True
MLB,K Props,Strikeouts,Over,k|2026-08-01|571945,mlb|2026-08-01|ATL-WSH,2026-08-01,draftkings,110,2.1,2.33,W,1.1,2.563,0.449438,,,,0.149,True
MLB,K Props,Strikeouts,Under,k|2026-08-01|621111,mlb|2026-08-01|SD-SF,2026-08-01,betmgm,-135,1.74074,1.73,W,0.740741,1.28148,0.578971,,,,0.1016,True
MLB,K Props,Strikeouts,Over,k|2026-08-01|663969,mlb|2026-08-01|MIA-NYM,2026-08-01,fanduel,-104,1.96154,2.12,L,-1,-2.12,0.491685,,,,0.1312,True
MLB,K Props,Strikeouts,Over,k|2026-08-01|677952,mlb|2026-08-01|CIN-PIT,2026-08-01,betmgm,105,2.05,3.09,L,-1,-3.09,0.495845,,,,0.1767,True
MLB,K Props,Strikeouts,Over,k|2026-08-01|808967,mlb|2026-08-01|BOS-LAD,2026-08-01,betmgm,105,2.05,2.56,L,-1,-2.56,0.478236,,,,0.1551,True
MLB,K Props,Strikeouts,Over,k|2026-08-02|645261,mlb|2026-08-02|MIA-NYM,2026-08-02,bovada,-135,1.74074,1.49,W,0.740741,1.1037,0.558797,,,,0.0939,True
MLB,K Props,Strikeouts,Under,k|2026-08-02|663567,mlb|2026-08-02|HOU-TEX,2026-08-02,draftkings,107,2.07,1.11,L,-1,-1.11,0.456021,,,,0.0845,True
MLB,K Props,Strikeouts,Under,k|2026-08-02|677958,mlb|2026-08-02|HOU-TEX,2026-08-02,fanduel,112,2.12,2.02,L,-1,-2.02,0.462008,,,,0.1314,True
MLB,K Props,Strikeouts,Under,k|2026-08-02|686218,mlb|2026-08-02|BOS-LAD,2026-08-02,draftkings,125,2.25,1.33,W,1.25,1.6625,0.419355,,,,0.0992,True
MLB,K Props,Strikeouts,Over,k|2026-08-02|687562,mlb|2026-08-02|BOS-LAD,2026-08-02,fanduel,-115,1.86957,1.61,W,0.869565,1.4,0.528067,,,,0.1025,True
MLB,K Props,Strikeouts,Under,k|2026-08-03|650633,mlb|2026-08-03|AZ-SD,2026-08-03,betrivers,-117,1.8547,1.89,L,-1,-1.89,0.52086,,,,0.1152,True
MLB,K Props,Strikeouts,Over,k|2026-08-03|696149,mlb|2026-08-03|MIL-PIT,2026-08-03,fanduel,-132,1.75758,2.33,W,0.757576,1.76515,0.567376,,,,0.127,True
MLB,K Props,Strikeouts,Over,k|2026-08-04|665871,mlb|2026-08-04|CHC-LAD,2026-08-04,betrivers,106,2.06,1.05,L,-1,-1.05,0.46691,,,,0.0812,True
MLB,K Props,Strikeouts,Over,k|2026-08-04|683003,mlb|2026-08-04|MIL-PIT,2026-08-04,fanatics,-125,1.8,3.24,L,-1,-3.24,0.528067,,,,0.1742,True
MLB,K Props,Strikeouts,Over,k|2026-08-04|690928,mlb|2026-08-04|NYY-STL,2026-08-04,draftkings,-156,1.64103,3.11,W,0.641026,1.99359,0.574977,,,,0.1559,True
MLB,K Props,Strikeouts,Under,k|2026-08-05|592791,mlb|2026-08-05|HOU-TOR,2026-08-05,betrivers,-152,1.65789,2.02,W,0.657895,1.32895,0.587773,,,,0.1111,True
MLB,K Props,Strikeouts,Over,k|2026-08-05|669467,mlb|2026-08-05|NYY-STL,2026-08-05,draftkings,111,2.11,2.48,L,-1,-2.48,0.446808,,,,0.1578,True
MLB,K Props,Strikeouts,Under,k|2026-08-05|676440,mlb|2026-08-05|CLE-NYM,2026-08-05,draftkings,107,2.07,1.29,L,-1,-1.29,0.456021,,,,0.0936,True
MLB,K Props,Strikeouts,Over,k|2026-08-05|684007,mlb|2026-08-05|CHC-LAD,2026-08-05,betrivers,-124,1.80645,1.3,W,0.806452,1.04839,0.523859,,,,0.0893,True
MLB,K Props,Strikeouts,Under,k|2026-08-05|686613,mlb|2026-08-05|HOU-TOR,2026-08-05,draftkings,-152,1.65789,2.2,L,-1,-2.2,0.569142,,,,0.1215,True
MLB,K Props,Strikeouts,Over,k|2026-08-05|691587,mlb|2026-08-05|ATL-MIA,2026-08-05,fanatics,115,2.15,2.42,W,1.15,2.783,0.448706,,,,0.1541,True
MLB,K Props,Strikeouts,Under,k|2026-08-06|527048,mlb|2026-08-06|ATL-MIA,2026-08-06,draftkings,134,2.34,1.36,W,1.34,1.8224,0.403791,,,,0.1016,True
MLB,K Props,Strikeouts,Under,k|2026-08-06|621111,mlb|2026-08-06|AZ-SD,2026-08-06,draftkings,112,2.12,2.78,W,1.12,3.1136,0.444925,,,,0.1736,True
MLB,K Props,Strikeouts,Over,k|2026-08-06|622491,mlb|2026-08-06|BOS-CWS,2026-08-06,fanduel,116,2.16,1.43,W,1.16,1.6588,0.438682,,,,0.1031,True
MLB,K Props,Strikeouts,Under,k|2026-08-06|641927,mlb|2026-08-06|KC-MIN,2026-08-06,draftkings,128,2.28,1.32,W,1.28,1.6896,0.413845,,,,0.0988,True
MLB,K Props,Strikeouts,Over,k|2026-08-06|664285,mlb|2026-08-06|DET-SEA,2026-08-06,draftkings,-143,1.6993,1.22,W,0.699301,0.853147,0.555075,,,,0.0834,True
MLB,K Props,Strikeouts,Under,k|2026-08-06|669160,mlb|2026-08-06|MIL-PIT,2026-08-06,betmgm,115,2.15,1.34,W,1.15,1.541,0.459996,,,,0.0962,True
MLB,K Props,Strikeouts,Over,k|2026-08-06|687064,mlb|2026-08-06|BAL-LAA,2026-08-06,betonlineag,128,2.28,1.72,L,-1,-1.72,0.443056,,,,0.1175,True
MLB,K Props,Strikeouts,Over,k|2026-08-07|800048,mlb|2026-08-07|CLE-CWS,2026-08-07,fanduel,-125,1.8,1.14,W,0.8,0.912,0.559487,,,,0.0802,True
MLB,K Props,Strikeouts,Over,k|2026-08-07|808963,mlb|2026-08-07|AZ-LAD,2026-08-07,fanduel,-146,1.68493,2.2,W,0.684932,1.50685,0.565595,,,,0.1223,True
MLB,K Props,Strikeouts,Under,k|2026-08-08|543037,mlb|2026-08-08|ATL-NYY,2026-08-08,betmgm,105,2.05,1.26,L,-1,-1.26,0.485429,,,,0.0901,True
MLB,K Props,Strikeouts,Over,k|2026-08-08|605400,mlb|2026-08-08|PHI-TOR,2026-08-08,draftkings,102,2.02,1.15,W,1.02,1.173,0.46691,,,,0.0862,True
MLB,K Props,Strikeouts,Over,k|2026-08-08|641743,mlb|2026-08-08|CLE-CWS,2026-08-08,draftkings,-153,1.65359,1.26,W,0.653595,0.823529,0.570896,,,,0.0838,True
MLB,K Props,Strikeouts,Under,k|2026-08-08|650633,mlb|2026-08-08|HOU-SD,2026-08-08,draftkings,-155,1.64516,1.79,L,-1,-1.79,0.573257,,,,0.1046,True
MLB,K Props,Strikeouts,Under,k|2026-08-08|688107,mlb|2026-08-08|MIL-MIN,2026-08-08,draftkings,-110,1.90909,1.39,W,0.909091,1.26364,0.493766,,,,0.0962,True
MLB,K Props,Strikeouts,Over,k|2026-08-08|808967,mlb|2026-08-08|AZ-LAD,2026-08-08,fanduel,-104,1.96154,2.26,W,0.961538,2.17308,0.482409,,,,0.1399,True
MLB,K Props,Strikeouts,Over,k|2026-08-09|669456,mlb|2026-08-09|PHI-TOR,2026-08-09,draftkings,-135,1.74074,2.51,W,0.740741,1.85926,0.542,,,,0.1393,True
MLB,K Props,Strikeouts,Over,k|2026-08-09|683003,mlb|2026-08-09|NYM-PIT,2026-08-09,fanatics,120,2.2,2.45,L,-1,-2.45,0.464037,,,,0.1527,True
MLB,K Props,Strikeouts,Under,k|2026-08-09|687473,mlb|2026-08-09|LAA-MIA,2026-08-09,betrivers,112,2.12,1.23,W,1.12,1.3776,0.449438,,,,0.0912,True
MLB,K Props,Strikeouts,Under,k|2026-08-11|527048,mlb|2026-08-11|ATL-NYM,2026-08-11,draftkings,126,2.26,1.76,W,1.26,2.2176,0.417694,,,,0.1229,True
MLB,K Props,Strikeouts,Under,k|2026-08-11|621111,mlb|2026-08-11|MIL-SD,2026-08-11,fanduel,-128,1.78125,1.69,L,-1,-1.69,0.540004,,,,0.1048,True
MLB,K Props,Strikeouts,Over,k|2026-08-11|663776,mlb|2026-08-11|BOS-TOR,2026-08-11,fanduel,122,2.22,1.7,L,-1,-1.7,0.442358,,,,0.1173,True
MLB,K Props,Strikeouts,Over,k|2026-08-11|669467,mlb|2026-08-11|PHI-STL,2026-08-11,bovada,110,2.1,2.85,L,-1,-2.85,0.471933,,,,0.1708,True
MLB,K Props,Strikeouts,Over,k|2026-08-11|687064,mlb|2026-08-11|BAL-MIN,2026-08-11,betonlineag,128,2.28,1.21,L,-1,-1.21,0.421624,,,,0.0919,True
MLB,K Props,Strikeouts,Over,k|2026-08-11|693433,mlb|2026-08-11|NYY-SEA,2026-08-11,fanduel,120,2.2,1.48,L,-1,-1.48,0.451361,,,,0.1043,True
MLB,K Props,Strikeouts,Under,k|2026-08-12|624133,mlb|2026-08-12|BOS-TOR,2026-08-12,betmgm,-125,1.8,1.73,W,0.8,1.384,0.546701,,,,0.1059,True
MLB,K Props,Strikeouts,Over,k|2026-08-12|682243,mlb|2026-08-12|NYY-SEA,2026-08-12,draftkings,-106,1.9434,1.38,L,-1,-1.38,0.485429,,,,0.0961,True
MLB,K Props,Strikeouts,Over,k|2026-08-12|695076,mlb|2026-08-12|CIN-CWS,2026-08-12,fanduel,140,2.4,2.11,L,-1,-2.11,0.417694,,,,0.1425,True
MLB,K Props,Strikeouts,Under,k|2026-08-12|701542,mlb|2026-08-12|NYY-SEA,2026-08-12,bovada,105,2.05,1.06,W,1.05,1.113,0.474041,,,,0.0813,True
MLB,K Props,Strikeouts,Under,k|2026-08-13|592332,mlb|2026-08-13|CHC-WSH,2026-08-13,fanduel,120,2.2,1.91,L,-1,-1.91,0.436866,,,,0.1285,True
MLB,K Props,Strikeouts,Over,k|2026-08-13|669302,mlb|2026-08-13|NYY-SEA,2026-08-13,fanduel,-146,1.68493,1.94,W,0.684932,1.32877,0.564936,,,,0.1114,True
MLB,K Props,Strikeouts,Over,k|2026-08-13|800048,mlb|2026-08-13|CLE-DET,2026-08-13,fanatics,105,2.05,1.93,W,1.05,2.0265,0.464037,,,,0.1263,True
MLB,K Props,Strikeouts,Over,k|2026-08-13|808963,mlb|2026-08-13|LAD-MIL,2026-08-13,fanduel,-132,1.75758,3.41,L,-1,-3.41,0.540004,,,,0.1784,True
MLB,K Props,Strikeouts,Over,k|2026-08-14|645261,mlb|2026-08-14|CIN-MIA,2026-08-14,betrivers,-110,1.90909,1.86,L,-1,-1.86,0.504155,,,,0.1173,True
MLB,K Props,Strikeouts,Under,k|2026-08-14|677958,mlb|2026-08-14|ATH-TEX,2026-08-14,draftkings,-124,1.80645,2.44,W,0.806452,1.96774,0.521764,,,,0.1408,True
MLB,K Props,Strikeouts,Under,k|2026-08-14|680570,mlb|2026-08-14|KC-LAA,2026-08-14,draftkings,-151,1.66225,2.02,W,0.662252,1.33775,0.567376,,,,0.1147,True
MLB,K Props,Strikeouts,Over,k|2026-08-14|696149,mlb|2026-08-14|BOS-PIT,2026-08-14,fanatics,120,2.2,1.19,W,1.2,1.428,0.444925,,,,0.0899,True
MLB,K Props,Strikeouts,Over,k|2026-08-14|808967,mlb|2026-08-14|LAD-MIL,2026-08-14,betmgm,-125,1.8,1.16,W,0.8,0.928,0.542,,,,0.0819,True
MLB,K Props,Strikeouts,Under,k|2026-08-15|640455,mlb|2026-08-15|NYM-WSH,2026-08-15,draftkings,116,2.16,1.28,L,-1,-1.28,0.436866,,,,0.0946,True
MLB,K Props,Strikeouts,Under,k|2026-08-15|657277,mlb|2026-08-15|COL-SF,2026-08-15,betmgm,-115,1.86957,1.36,L,-1,-1.36,0.506234,,,,0.0938,True
MLB,K Props,Strikeouts,Over,k|2026-08-15|677976,mlb|2026-08-15|KC-LAA,2026-08-15,fanduel,132,2.32,2.52,W,1.32,3.3264,0.433276,,,,0.1619,True
MLB,K Props,Strikeouts,Over,k|2026-08-15|683003,mlb|2026-08-15|BOS-PIT,2026-08-15,bovada,-135,1.74074,2.13,W,0.740741,1.57778,0.566724,,,,0.1186,True
MLB,K Props,Strikeouts,Under,k|2026-08-16|663554,mlb|2026-08-16|CLE-SD,2026-08-16,draftkings,-156,1.64103,1.27,W,0.641026,0.814103,0.574977,,,,0.0838,True
MLB,K Props,Strikeouts,Under,k|2026-08-16|666157,mlb|2026-08-16|CIN-MIA,2026-08-16,draftkings,108,2.08,1.36,W,1.08,1.4688,0.453299,,,,0.0981,True
MLB,K Props,Strikeouts,Under,k|2026-08-16|681035,mlb|2026-08-16|NYM-WSH,2026-08-16,betonlineag,110,2.1,2.67,L,-1,-2.67,0.474041,,,,0.1611,True
MLB,K Props,Strikeouts,Over,k|2026-08-16|691587,mlb|2026-08-16|CIN-MIA,2026-08-16,betrivers,-108,1.92593,2.37,L,-1,-2.37,0.523859,,,,0.1371,True
MLB,K Props,Strikeouts,Under,k|2026-08-16|696270,mlb|2026-08-16|KC-LAA,2026-08-16,betmgm,125,2.25,1.8,L,-1,-1.8,0.421624,,,,0.1243,True
MLB,K Props,Strikeouts,Under,k|2026-08-17|527048,mlb|2026-08-17|ATL-MIN,2026-08-17,betrivers,-113,1.88496,1.67,W,0.884956,1.47788,0.502077,,,,0.1088,True
MLB,K Props,Strikeouts,Over,k|2026-08-17|622491,mlb|2026-08-17|CHC-CWS,2026-08-17,fanatics,-110,1.90909,2.66,L,-1,-2.66,0.514571,,,,0.1516,True
MLB,K Props,Strikeouts,Over,k|2026-08-17|663556,mlb|2026-08-17|BAL-TB,2026-08-17,betonlineag,-118,1.84746,2.6,L,-1,-2.6,0.530168,,,,0.1452,True
MLB,K Props,Strikeouts,Over,k|2026-08-17|676083,mlb|2026-08-17|MIA-PHI,2026-08-17,fanduel,132,2.32,1.67,L,-1,-1.67,0.430858,,,,0.1167,True
MLB,K Props,Strikeouts,Over,k|2026-08-17|686930,mlb|2026-08-17|ATH-KC,2026-08-17,draftkings,119,2.19,1.09,L,-1,-1.09,0.430858,,,,0.0848,True
MLB,K Props,Strikeouts,Over,k|2026-08-18|672456,mlb|2026-08-18|DET-PIT,2026-08-18,fanatics,-115,1.86957,1.85,L,-1,-1.85,0.521764,,,,0.1144,True
MLB,K Props,Strikeouts,Over,k|2026-08-18|677952,mlb|2026-08-18|DET-PIT,2026-08-18,betmgm,-115,1.86957,1.24,L,-1,-1.24,0.516663,,,,0.087,True
MLB,K Props,Strikeouts,Over,k|2026-08-18|682243,mlb|2026-08-18|MIL-SEA,2026-08-18,fanatics,115,2.15,1.74,L,-1,-1.74,0.453299,,,,0.1176,True
MLB,K Props,Strikeouts,Under,k|2026-08-19|650633,mlb|2026-08-19|NYM-SD,2026-08-19,draftkings,127,2.27,1.27,W,1.27,1.6129,0.415475,,,,0.0961,True
MLB,K Props,Strikeouts,Under,k|2026-08-19|695505,mlb|2026-08-19|CIN-STL,2026-08-19,draftkings,-130,1.76923,2.22,L,-1,-2.22,0.53309,,,,0.1285,True
MLB,K Props,Strikeouts,Over,k|2026-08-20|641743,mlb|2026-08-20|ATL-CWS,2026-08-20,fanduel,118,2.18,1.02,W,1.18,1.2036,0.436866,,,,0.0807,True
MLB,K Props,Strikeouts,Over,k|2026-08-20|669923,mlb|2026-08-20|MIL-SEA,2026-08-20,betrivers,-129,1.77519,2.51,L,-1,-2.51,0.537992,,,,0.1406,True
MLB,K Props,Strikeouts,Under,k|2026-08-20|688107,mlb|2026-08-20|MIL-SEA,2026-08-20,draftkings,-145,1.68966,1.26,W,0.689655,0.868966,0.558797,,,,0.0845,True
MLB,K Props,Strikeouts,Under,k|2026-08-21|669713,mlb|2026-08-21|ATH-HOU,2026-08-21,betonlineag,-149,1.67114,3.55,W,0.671141,2.38255,0.569142,,,,0.1749,True
MLB,K Props,Strikeouts,Under,k|2026-08-21|685299,mlb|2026-08-21|CLE-COL,2026-08-21,draftkings,-156,1.64103,2.2,W,0.641026,1.41026,0.574977,,,,0.1205,True
MLB,K Props,Strikeouts,Over,k|2026-08-21|696149,mlb|2026-08-21|LAD-PIT,2026-08-21,fanduel,118,2.18,2.37,W,1.18,2.7966,0.435064,,,,0.1537,True
MLB,K Props,Strikeouts,Over,k|2026-08-21|808967,mlb|2026-08-21|LAD-PIT,2026-08-21,draftkings,116,2.16,1.05,W,1.16,1.218,0.436866,,,,0.0827,True
MLB,K Props,Strikeouts,Over,k|2026-08-22|663556,mlb|2026-08-22|BAL-TB,2026-08-22,fanatics,105,2.05,2.87,W,1.05,3.0135,0.468984,,,,0.1725,True
MLB,K Props,Strikeouts,Over,k|2026-08-22|665152,mlb|2026-08-22|MIN-SD,2026-08-22,draftkings,106,2.06,1.43,W,1.06,1.5158,0.458,,,,0.1012,True
MLB,K Props,Strikeouts,Under,k|2026-08-22|686613,mlb|2026-08-22|ATH-HOU,2026-08-22,betonlineag,-141,1.70922,2.98,W,0.70922,2.11348,0.563134,,,,0.1537,True
MLB,K Props,Strikeouts,Under,k|2026-08-22|691725,mlb|2026-08-22|PHI-STL,2026-08-22,draftkings,131,2.31,1.19,L,-1,-1.19,0.408487,,,,0.0918,True
MLB,K Props,Strikeouts,Over,k|2026-08-23|615698,mlb|2026-08-23|LAA-TEX,2026-08-23,fanduel,-125,1.8,1.14,W,0.8,0.912,0.545942,,,,0.0804,True
MLB,K Props,Strikeouts,Under,k|2026-08-23|621111,mlb|2026-08-23|MIN-SD,2026-08-23,draftkings,111,2.11,1.8,L,-1,-1.8,0.447531,,,,0.121,True
MLB,K Props,Strikeouts,Over,k|2026-08-23|681517,mlb|2026-08-23|PHI-STL,2026-08-23,betrivers,100,2,2.18,W,1,2.18,0.497923,,,,0.1332,True
MLB,K Props,Strikeouts,Over,k|2026-08-23|682243,mlb|2026-08-23|CHC-SEA,2026-08-23,draftkings,-155,1.64516,2.37,W,0.645161,1.52903,0.573257,,,,0.1276,True
MLB,K Props,Strikeouts,Over,k|2026-08-23|687562,mlb|2026-08-23|BOS-SF,2026-08-23,fanduel,-120,1.83333,1.46,W,0.833333,1.21667,0.528067,,,,0.0955,True
MLB,K Props,Strikeouts,Under,k|2026-08-24|592332,mlb|2026-08-24|AZ-CHC,2026-08-24,betrivers,-152,1.65789,1.55,L,-1,-1.55,0.583955,,,,0.0933,True
MLB,K Props,Strikeouts,Under,k|2026-08-24|624133,mlb|2026-08-24|BOS-MIA,2026-08-24,draftkings,-158,1.63291,1.93,W,0.632911,1.22152,0.578376,,,,0.1088,True
MLB,K Props,Strikeouts,Over,k|2026-08-24|669302,mlb|2026-08-24|PHI-SEA,2026-08-24,betonlineag,-147,1.68027,1.92,L,-1,-1.92,0.580645,,,,0.1088,True
MLB,K Props,Strikeouts,Under,k|2026-08-24|676917,mlb|2026-08-24|COL-WSH,2026-08-24,betmgm,-125,1.8,2.22,L,-1,-2.22,0.525959,,,,0.1298,True
MLB,K Props,Strikeouts,Under,k|2026-08-24|677958,mlb|2026-08-24|CWS-TEX,2026-08-24,draftkings,109,2.09,1.19,L,-1,-1.19,0.45211,,,,0.0884,True
MLB,K Props,Strikeouts,Over,k|2026-08-24|800048,mlb|2026-08-24|CLE-LAA,2026-08-24,fanatics,-145,1.68966,1.86,L,-1,-1.86,0.572635,,,,0.1069,True
MLB,K Props,Strikeouts,Under,k|2026-08-25|453286,mlb|2026-08-25|KC-TOR,2026-08-25,draftkings,126,2.26,1.51,L,-1,-1.51,0.417694,,,,0.1092,True
MLB,K Props,Strikeouts,Over,k|2026-08-25|605400,mlb|2026-08-25|PHI-SEA,2026-08-25,betrivers,-130,1.76923,1.39,W,0.769231,1.06923,0.567376,,,,0.0897,True
MLB,K Props,Strikeouts,Under,k|2026-08-25|650633,mlb|2026-08-25|PIT-SD,2026-08-25,betmgm,-140,1.71429,1.46,L,-1,-1.46,0.569142,,,,0.0921,True
MLB,K Props,Strikeouts,Under,k|2026-08-25|695549,mlb|2026-08-25|DET-TB,2026-08-25,fanduel,-128,1.78125,1.87,L,-1,-1.87,0.540004,,,,0.1125,True
MLB,K Props,Strikeouts,Under,k|2026-08-25|701542,mlb|2026-08-25|HOU-NYY,2026-08-25,fanduel,120,2.2,1.48,W,1.2,1.776,0.428475,,,,0.107,True
MLB,K Props,Strikeouts,Under,k|2026-08-26|669160,mlb|2026-08-26|MIL-NYM,2026-08-26,betonlineag,-149,1.67114,1.86,W,0.671141,1.24832,0.567376,,,,0.1081,True
MLB,K Props,Strikeouts,Over,k|2026-08-26|693433,mlb|2026-08-26|PHI-SEA,2026-08-26,betrivers,123,2.23,1.48,L,-1,-1.48,0.442358,,,,0.1056,True
MLB,K Props,Strikeouts,Over,k|2026-08-26|696149,mlb|2026-08-26|PIT-SD,2026-08-26,fanduel,134,2.34,1.44,L,-1,-1.44,0.438682,,,,0.1037,True
MLB,K Props,Strikeouts,Under,k|2026-08-27|543037,mlb|2026-08-27|HOU-NYY,2026-08-27,draftkings,-105,1.95238,1.18,W,0.952381,1.12381,0.483337,,,,0.0866,True
MLB,K Props,Strikeouts,Over,k|2026-08-27|808967,mlb|2026-08-27|ATL-LAD,2026-08-27,betonlineag,128,2.28,1.85,W,1.28,2.368,0.423317,,,,0.1271,True
MLB,K Props,Strikeouts,Under,k|2026-08-28|608379,mlb|2026-08-28|CLE-KC,2026-08-28,draftkings,130,2.3,1.54,L,-1,-1.54,0.410075,,,,0.112,True
MLB,K Props,Strikeouts,Under,k|2026-08-28|656550,mlb|2026-08-28|ATL-COL,2026-08-28,draftkings,-104,1.96154,1.27,W,0.961538,1.22115,0.480325,,,,0.0917,True
MLB,K Props,Strikeouts,Over,k|2026-08-28|663556,mlb|2026-08-28|SD-TB,2026-08-28,fanduel,110,2.1,1.57,L,-1,-1.57,0.468984,,,,0.1075,True
MLB,K Props,Strikeouts,Over,k|2026-08-28|669373,mlb|2026-08-28|DET-LAD,2026-08-28,fanduel,-154,1.64935,2.22,W,0.649351,1.44156,0.571525,,,,0.1222,True
MLB,K Props,Strikeouts,Under,k|2026-08-28|676440,mlb|2026-08-28|CLE-KC,2026-08-28,betmgm,-105,1.95238,1.38,L,-1,-1.38,0.484489,,,,0.0971,True
MLB,K Props,Strikeouts,Under,k|2026-08-28|681035,mlb|2026-08-28|HOU-NYM,2026-08-28,draftkings,114,2.14,1.47,W,1.14,1.6758,0.440513,,,,0.1052,True
MLB,K Props,Strikeouts,Over,k|2026-08-28|683003,mlb|2026-08-28|PIT-STL,2026-08-28,draftkings,-119,1.84034,2.25,W,0.840336,1.89076,0.512483,,,,0.1338,True
MLB,K Props,Strikeouts,Over,k|2026-08-28|695076,mlb|2026-08-28|CHC-CIN,2026-08-28,draftkings,-140,1.71429,2.29,W,0.714286,1.63571,0.550562,,,,0.1283,True
MLB,K Props,Strikeouts,Under,k|2026-08-29|621111,mlb|2026-08-29|SD-TB,2026-08-29,draftkings,-129,1.77519,1.75,W,0.775194,1.35659,0.531016,,,,0.1087,True
MLB,K Props,Strikeouts,Over,k|2026-08-29|645261,mlb|2026-08-29|MIA-WSH,2026-08-29,fanduel,118,2.18,1.27,L,-1,-1.27,0.443056,,,,0.0937,True
MLB,K Props,Strikeouts,Over,k|2026-08-29|650911,mlb|2026-08-29|LAA-PHI,2026-08-29,betmgm,-140,1.71429,1.25,W,0.714286,0.892857,0.555075,,,,0.085,True
MLB,K Props,Strikeouts,Over,k|2026-08-29|671096,mlb|2026-08-29|CHC-CIN,2026-08-29,draftkings,-146,1.68493,1.55,L,-1,-1.55,0.559487,,,,0.0969,True
MLB,K Props,Strikeouts,Under,k|2026-08-29|676917,mlb|2026-08-29|MIA-WSH,2026-08-29,betmgm,-125,1.8,2.01,L,-1,-2.01,0.528926,,,,0.1205,True
MLB,K Props,Strikeouts,Over,k|2026-08-29|681517,mlb|2026-08-29|PIT-STL,2026-08-29,draftkings,-158,1.63291,2.61,L,-1,-2.61,0.578376,,,,0.1352,True
MLB,K Props,Strikeouts,Under,k|2026-08-30|641816,mlb|2026-08-30|ATL-COL,2026-08-30,draftkings,108,2.08,1.71,L,-1,-1.71,0.454058,,,,0.1156,True
MLB,K Props,Strikeouts,Over,k|2026-08-30|669302,mlb|2026-08-30|SEA-TOR,2026-08-30,betonlineag,-161,1.62112,3.65,L,-1,-3.65,0.582882,,,,0.1746,True
MLB,K Props,Strikeouts,Over,k|2026-09-01|642547,mlb|2026-09-01|NYM-TB,2026-09-01,draftkings,-128,1.78125,1.46,W,0.78125,1.14062,0.528926,,,,0.0967,True
MLB,K Props,Strikeouts,Over,k|2026-09-01|663969,mlb|2026-09-01|KC-MIA,2026-09-01,betonlineag,110,2.1,2.41,W,1.1,2.651,0.471074,,,,0.1494,True
MLB,K Props,Strikeouts,Over,k|2026-09-01|677976,mlb|2026-09-01|KC-MIA,2026-09-01,fanduel,-102,1.98039,2.14,W,0.980392,2.09804,0.493766,,,,0.1318,True
MLB,K Props,Strikeouts,Over,k|2026-09-01|680694,mlb|2026-09-01|BAL-COL,2026-09-01,fanduel,-115,1.86957,1.3,L,-1,-1.3,0.515511,,,,0.091,True
MLB,K Props,Strikeouts,Over,k|2026-09-01|693433,mlb|2026-09-01|BOS-SEA,2026-09-01,fanduel,128,2.28,2.02,W,1.28,2.5856,0.436199,,,,0.1355,True
MLB,K Props,Strikeouts,Over,k|2026-09-02|643377,mlb|2026-09-02|NYM-TB,2026-09-02,betmgm,-120,1.83333,1.15,L,-1,-1.15,0.535146,,,,0.0818,True
MLB,K Props,Strikeouts,Over,k|2026-09-02|665152,mlb|2026-09-02|DET-MIN,2026-09-02,draftkings,-108,1.92593,1.73,W,0.925926,1.60185,0.489602,,,,0.1127,True
MLB,K Props,Strikeouts,Over,k|2026-09-02|669432,mlb|2026-09-02|BAL-COL,2026-09-02,fanduel,122,2.22,1.06,W,1.22,1.2932,0.458,,,,0.082,True
MLB,K Props,Strikeouts,Under,k|2026-09-02|674003,mlb|2026-09-02|ATH-TEX,2026-09-02,draftkings,130,2.3,1.97,W,1.3,2.561,0.410621,,,,0.1354,True
MLB,K Props,Strikeouts,Over,k|2026-09-02|682243,mlb|2026-09-02|BOS-SEA,2026-09-02,draftkings,-108,1.92593,2.43,L,-1,-2.43,0.489602,,,,0.1463,True
MLB,K Props,Strikeouts,Over,k|2026-09-02|683003,mlb|2026-09-02|PIT-SF,2026-09-02,betmgm,-160,1.625,3.21,,0,0,0.587773,,,,0.156,True
MLB,K Props,Strikeouts,Over,k|2026-09-02|691587,mlb|2026-09-02|KC-MIA,2026-09-02,fanduel,-154,1.64935,1.81,L,-1,-1.81,0.571525,,,,0.1062,True
MLB,K Props,Strikeouts,Over,k|2026-09-03|645261,mlb|2026-09-03|KC-MIA,2026-09-03,draftkings,-138,1.72464,2.07,L,-1,-2.07,0.546701,,,,0.12,True
MLB,K Props,Strikeouts,Under,k|2026-09-03|686613,mlb|2026-09-03|CWS-HOU,2026-09-03,fanduel,-115,1.86957,2.61,L,-1,-2.61,0.515511,,,,0.1503,True
MLB,K Props,Strikeouts,Over,k|2026-09-03|687064,mlb|2026-09-03|BAL-BOS,2026-09-03,fanduel,130,2.3,1.71,W,1.3,2.223,0.424415,,,,0.1198,True
MLB,K Props,Strikeouts,Over,k|2026-09-04|607259,mlb|2026-09-04|TB-TEX,2026-09-04,betonlineag,117,2.17,1.96,W,1.17,2.2932,0.447531,,,,0.1297,True
MLB,K Props,Strikeouts,Under,k|2026-09-04|621111,mlb|2026-09-04|NYY-SD,2026-09-04,fanduel,-115,1.86957,1.37,L,-1,-1.37,0.516663,,,,0.0928,True
MLB,K Props,Strikeouts,Under,k|2026-09-04|624133,mlb|2026-09-04|BAL-BOS,2026-09-04,draftkings,-111,1.9009,1.3,W,0.900901,1.17117,0.495845,,,,0.0919,True
MLB,K Props,Strikeouts,Over,k|2026-09-04|669302,mlb|2026-09-04|ATH-SEA,2026-09-04,betmgm,105,2.05,1.96,W,1.05,2.058,0.502077,,,,0.1221,True
MLB,K Props,Strikeouts,Over,k|2026-09-04|676083,mlb|2026-09-04|CHC-MIA,2026-09-04,fanatics,115,2.15,1.62,W,1.15,1.863,0.444218,,,,0.1132,True
MLB,K Props,Strikeouts,Over,k|2026-09-04|683003,mlb|2026-09-04|LAA-PIT,2026-09-04,fanduel,124,2.24,1.69,W,1.24,2.0956,0.425023,,,,0.1183,True
MLB,K Props,Strikeouts,Over,k|2026-09-04|684007,mlb|2026-09-04|CHC-MIA,2026-09-04,draftkings,120,2.2,1.54,L,-1,-1.54,0.428475,,,,0.1103,True
MLB,K Props,Strikeouts,Over,k|2026-09-04|695076,mlb|2026-09-04|CIN-MIL,2026-09-04,draftkings,-149,1.67114,3.02,L,-1,-3.02,0.564936,,,,0.1548,True
MLB,K Props,Strikeouts,Over,k|2026-09-05|641743,mlb|2026-09-05|CWS-MIN,2026-09-05,draftkings,-106,1.9434,1.51,L,-1,-1.51,0.485429,,,,0.1023,True
MLB,K Props,Strikeouts,Over,k|2026-09-05|669923,mlb|2026-09-05|ATH-SEA,2026-09-05,betrivers,112,2.12,1.96,L,-1,-1.96,0.464854,,,,0.1273,True
MLB,K Props,Strikeouts,Over,k|2026-09-05|671096,mlb|2026-09-05|CIN-MIL,2026-09-05,draftkings,-131,1.76336,1.45,W,0.763359,1.10687,0.535146,,,,0.0949,True
MLB,K Props,Strikeouts,Over,k|2026-09-05|677952,mlb|2026-09-05|LAA-PIT,2026-09-05,betmgm,-125,1.8,2.78,W,0.8,2.224,0.554361,,,,0.1474,True
MLB,K Props,Strikeouts,Under,k|2026-09-06|593958,mlb|2026-09-06|AZ-HOU,2026-09-06,fanduel,-138,1.72464,1.35,L,-1,-1.35,0.557642,,,,0.0895,True
MLB,K Props,Strikeouts,Over,k|2026-09-06|674841,mlb|2026-09-06|LAD-WSH,2026-09-06,betrivers,100,2,2.82,W,1,2.82,0.482409,,,,0.1672,True
MLB,K Props,Strikeouts,Under,k|2026-09-06|695549,mlb|2026-09-06|CLE-DET,2026-09-06,fanduel,-128,1.78125,1.13,L,-1,-1.13,0.53309,,,,0.0812,True
MLB,K Props,Strikeouts,Over,k|2026-09-07|656302,mlb|2026-09-07|ATH-TOR,2026-09-07,fanduel,116,2.16,2.45,L,-1,-2.45,0.466083,,,,0.1526,True
MLB,K Props,Strikeouts,Under,k|2026-09-07|657277,mlb|2026-09-07|SF-STL,2026-09-07,draftkings,-142,1.70423,1.6,L,-1,-1.6,0.553192,,,,0.0997,True
MLB,K Props,Strikeouts,Over,k|2026-09-10|607259,mlb|2026-09-10|ATL-TB,2026-09-10,bovada,110,2.1,1.91,L,-1,-1.91,0.485429,,,,0.1219,True
MLB,K Props,Strikeouts,Over,k|2026-09-10|669302,mlb|2026-09-10|SEA-TEX,2026-09-10,draftkings,-125,1.8,2.4,W,0.8,1.92,0.523859,,,,0.1384,True
MLB,K Props,Strikeouts,Over,k|2026-09-10|683003,mlb|2026-09-10|CWS-PIT,2026-09-10,fanatics,-150,1.66667,2.56,W,0.666667,1.70667,0.576683,,,,0.134,True
MLB,K Props,Strikeouts,Under,k|2026-09-11|453286,mlb|2026-09-11|BAL-TOR,2026-09-11,draftkings,-148,1.67568,2.39,W,0.675676,1.61486,0.563134,,,,0.1302,True
MLB,K Props,Strikeouts,Under,k|2026-09-11|669160,mlb|2026-09-11|CIN-MIL,2026-09-11,betrivers,106,2.06,1.66,L,-1,-1.66,0.464854,,,,0.1117,True
MLB,K Props,Strikeouts,Over,k|2026-09-11|669923,mlb|2026-09-11|ATH-SEA,2026-09-11,betmgm,-120,1.83333,2.17,W,0.833333,1.80833,0.543979,,,,0.1243,True
MLB,K Props,Strikeouts,Under,k|2026-09-11|676917,mlb|2026-09-11|LAA-WSH,2026-09-11,draftkings,118,2.18,1.01,L,-1,-1.01,0.432624,,,,0.0807,True
MLB,K Props,Strikeouts,Over,k|2026-09-11|690997,mlb|2026-09-11|NYM-NYY,2026-09-11,draftkings,114,2.14,1.93,L,-1,-1.93,0.440513,,,,0.1294,True
MLB,K Props,Strikeouts,Under,k|2026-09-12|607192,mlb|2026-09-12|LAD-MIA,2026-09-12,draftkings,-136,1.73529,2.6,W,0.735294,1.91176,0.543979,,,,0.1426,True
MLB,K Props,Strikeouts,Over,k|2026-09-12|663969,mlb|2026-09-12|LAD-MIA,2026-09-12,betmgm,-105,1.95238,3.33,L,-1,-3.33,0.537185,,,,0.1752,True
MLB,K Props,Strikeouts,Under,k|2026-09-12|677958,mlb|2026-09-12|AZ-TEX,2026-09-12,betmgm,110,2.1,1.12,L,-1,-1.12,0.459996,,,,0.0854,True
MLB,K Props,Strikeouts,Over,k|2026-09-12|681517,mlb|2026-09-12|CWS-STL,2026-09-12,fanduel,100,2,2.71,W,1,2.71,0.471074,,,,0.1643,True
MLB,K Props,Strikeouts,Over,k|2026-09-12|693433,mlb|2026-09-12|ATH-SEA,2026-09-12,betmgm,105,2.05,2.74,L,-1,-2.74,0.488637,,,,0.1623,True
MLB,K Props,Strikeouts,Under,k|2026-09-12|693855,mlb|2026-09-12|HOU-TB,2026-09-12,draftkings,117,2.17,1.53,L,-1,-1.53,0.435064,,,,0.1081,True
MLB,K Props,Strikeouts,Over,k|2026-09-12|694297,mlb|2026-09-12|AZ-TEX,2026-09-12,betmgm,-155,1.64516,1.36,W,0.645161,0.877419,0.589379,,,,0.0859,True
MLB,K Props,Strikeouts,Under,k|2026-09-13|593958,mlb|2026-09-13|AZ-TEX,2026-09-13,draftkings,111,2.11,1.29,L,-1,-1.29,0.447531,,,,0.0945,True
MLB,K Props,Strikeouts,Under,k|2026-09-13|676440,mlb|2026-09-13|CLE-MIN,2026-09-13,draftkings,128,2.28,1.04,L,-1,-1.04,0.414408,,,,0.0826,True
MLB,K Props,Strikeouts,Over,k|2026-09-13|682243,mlb|2026-09-13|ATH-SEA,2026-09-13,draftkings,106,2.06,2.03,W,1.06,2.1518,0.458,,,,0.1319,True
MLB,K Props,Strikeouts,Over,k|2026-09-13|691587,mlb|2026-09-13|LAD-MIA,2026-09-13,fanatics,110,2.1,2.56,L,-1,-2.56,0.464037,,,,0.1583,True
MLB,K Props,Strikeouts,Over,k|2026-09-14|645261,mlb|2026-09-14|AZ-MIA,2026-09-14,fanduel,-122,1.81967,2.01,W,0.819672,1.64754,0.528067,,,,0.1199,True
MLB,K Props,Strikeouts,Over,k|2026-09-14|656849,mlb|2026-09-14|ATL-CHC,2026-09-14,draftkings,116,2.16,1.23,W,1.16,1.4268,0.43754,,,,0.0917,True
MLB,K Props,Strikeouts,Over,k|2026-09-14|669373,mlb|2026-09-14|CIN-LAD,2026-09-14,betonlineag,-114,1.87719,1.6,W,0.877193,1.40351,0.510398,,,,0.1043,True
MLB,K Props,Strikeouts,Over,k|2026-09-14|687064,mlb|2026-09-14|BAL-NYM,2026-09-14,fanatics,-160,1.625,2.52,W,0.625,1.575,0.586155,,,,0.1305,True
MLB,K Props,Strikeouts,Over,k|2026-09-15|647336,mlb|2026-09-15|AZ-MIA,2026-09-15,fanduel,112,2.12,1.14,W,1.12,1.2768,0.458,0.449438,-0.00856219,-0.0186947,0.0862,True
MLB,K Props,Strikeouts,Over,k|2026-09-15|676083,mlb|2026-09-15|AZ-MIA,2026-09-15,fanduel,-113,1.88496,1.57,W,0.884956,1.38938,0.506234,0.506234,0,0,0.1033,True
MLB,K Props,Strikeouts,Under,k|2026-09-15|678022,mlb|2026-09-15|ATH-TB,2026-09-15,betmgm,-145,1.68966,1.85,L,-1,-1.85,0.571525,0.571525,0,0,0.1078,True
MLB,K Props,Strikeouts,Under,k|2026-09-15|686613,mlb|2026-09-15|HOU-KC,2026-09-15,draftkings,103,2.03,1.89,L,-1,-1.89,0.464854,0.464854,0,0,0.1237,True
MLB,K Props,Strikeouts,Over,k|2026-09-15|695076,mlb|2026-09-15|CIN-LAD,2026-09-15,fanduel,-118,1.84746,1.41,W,0.847458,1.19492,0.523859,0.515511,-0.00834767,-0.015935,0.0945,True
MLB,K Props,Strikeouts,Over,k|2026-09-15|808967,mlb|2026-09-15|CIN-LAD,2026-09-15,fanduel,-111,1.9009,3.01,L,-1,-3.01,0.497923,0.497923,0,0,0.1724,True
MLB,K Props,Strikeouts,Under,k|2026-09-16|453286,mlb|2026-09-16|DET-TOR,2026-09-16,draftkings,100,2,1.56,W,1,1.56,0.471933,,,,0.1059,True
MLB,K Props,Strikeouts,Over,k|2026-09-16|605483,mlb|2026-09-16|CIN-LAD,2026-09-16,fanduel,-120,1.83333,1.64,L,-1,-1.64,0.535963,,,,0.1036,True
MLB,K Props,Strikeouts,Over,k|2026-09-16|669022,mlb|2026-09-16|BOS-TEX,2026-09-16,fanduel,-146,1.68493,1.29,L,-1,-1.29,0.572635,,,,0.0844,True
MLB,K Props,Strikeouts,Over,k|2026-09-16|669923,mlb|2026-09-16|LAA-SEA,2026-09-16,draftkings,-105,1.95238,2.25,L,-1,-2.25,0.483337,,,,0.1386,True
MLB,K Props,Strikeouts,Over,k|2026-09-16|684007,mlb|2026-09-16|ATL-CHC,2026-09-16,betmgm,130,2.3,1.08,W,1.3,1.404,0.417118,,,,0.0858,True
MLB,K Props,Strikeouts,Over,k|2026-09-16|687562,mlb|2026-09-16|BOS-TEX,2026-09-16,betonlineag,128,2.28,2.56,W,1.28,3.2768,0.444218,,,,0.1626,True
MLB,K Props,Strikeouts,Over,k|2026-09-17|664285,mlb|2026-09-17|CWS-DET,2026-09-17,fanduel,122,2.22,1.13,W,1.22,1.3786,0.426743,,,,0.0877,True
MLB,K Props,Strikeouts,Over,k|2026-09-17|690986,mlb|2026-09-17|MIL-PIT,2026-09-17,bovada,-135,1.74074,1.55,L,-1,-1.55,0.548639,,,,0.0979,True
MLB,K Props,Strikeouts,Under,k|2026-09-18|607192,mlb|2026-09-18|LAD-SF,2026-09-18,bovada,120,2.2,1.15,L,-1,-1.15,0.477034,0.477034,0,0,0.0851,True
MLB,K Props,Strikeouts,Over,k|2026-09-18|663969,mlb|2026-09-18|MIA-SD,2026-09-18,betonlineag,100,2,1.63,L,-1,-1.63,0.512483,0.512483,0,0,0.1052,True
MLB,K Props,Strikeouts,Under,k|2026-09-18|669160,mlb|2026-09-18|BAL-MIL,2026-09-18,draftkings,-111,1.9009,1.24,W,0.900901,1.11712,0.495845,0.495845,0,0,0.0892,True
MLB,K Props,Strikeouts,Over,k|2026-09-18|693433,mlb|2026-09-18|COL-SEA,2026-09-18,fanatics,-140,1.71429,2.11,L,-1,-2.11,0.586155,0.586155,0,0,0.115,True
MLB,K Props,Strikeouts,Over,k|2026-09-19|669373,mlb|2026-09-19|LAD-SF,2026-09-19,bovada,105,2.05,1.25,L,-1,-1.25,0.492676,,,,0.0886,True
MLB,K Props,Strikeouts,Under,k|2026-09-19|669713,mlb|2026-09-19|ATL-HOU,2026-09-19,draftkings,-133,1.75188,1.29,W,0.75188,0.969925,0.539207,,,,0.0871,True
MLB,K Props,Strikeouts,Under,k|2026-09-19|672282,mlb|2026-09-19|LAA-MIN,2026-09-19,draftkings,-111,1.9009,1.74,W,0.900901,1.56757,0.495845,,,,0.1127,True
MLB,K Props,Strikeouts,Under,k|2026-09-19|676440,mlb|2026-09-19|ATH-CLE,2026-09-19,draftkings,106,2.06,1.95,W,1.06,2.067,0.457223,,,,0.1285,True
MLB,K Props,Strikeouts,Over,k|2026-09-19|691587,mlb|2026-09-19|MIA-SD,2026-09-19,fanduel,130,2.3,1.03,L,-1,-1.03,0.448706,,,,0.0816,True
MLB,K Props,Strikeouts,Over,k|2026-09-19|694297,mlb|2026-09-19|AZ-NYY,2026-09-19,fanduel,102,2.02,1.14,L,-1,-1.14,0.476141,,,,0.0852,True
MLB,K Props,Strikeouts,Under,k|2026-09-19|700241,mlb|2026-09-19|STL-WSH,2026-09-19,draftkings,120,2.2,1.02,W,1.2,1.224,0.429104,,,,0.081,True
MLB,K Props,Strikeouts,Over,k|2026-09-20|645261,mlb|2026-09-20|MIA-SD,2026-09-20,fanduel,-111,1.9009,3.16,L,-1,-3.16,0.510398,,,,0.1758,True
MLB,K Props,Strikeouts,Under,k|2026-09-20|678022,mlb|2026-09-20|ATH-CLE,2026-09-20,betmgm,-155,1.64516,1.29,W,0.645161,0.832258,0.582882,,,,0.0846,True
MLB,K Props,Strikeouts,Under,k|2026-09-20|686613,mlb|2026-09-20|ATL-HOU,2026-09-20,betmgm,-140,1.71429,1.83,L,-1,-1.83,0.576683,,,,0.1053,True
MLB,K Props,Strikeouts,Over,k|2026-09-20|687064,mlb|2026-09-20|BAL-MIL,2026-09-20,fanduel,114,2.14,2.14,W,1.14,2.4396,0.46691,,,,0.1362,True
MLB,K Props,Strikeouts,Under,k|2026-09-20|696270,mlb|2026-09-20|LAA-MIN,2026-09-20,draftkings,-128,1.78125,2.74,L,-1,-2.74,0.528926,,,,0.1525,True
MLB,K Props,Strikeouts,Under,k|2026-09-20|701542,mlb|2026-09-20|AZ-NYY,2026-09-20,draftkings,-101,1.9901,2.62,W,0.990099,2.59406,0.47317,,,,0.1598,True
MLB,K Props,Strikeouts,Under,k|2026-09-22|453286,mlb|2026-09-22|BAL-TOR,2026-09-22,betmgm,120,2.2,1.21,,0,0,0.442358,,,,0.0912,True
MLB,K Props,Strikeouts,Over,k|2026-09-22|641743,mlb|2026-09-22|CWS-KC,2026-09-22,fanduel,108,2.08,1.95,W,1.08,2.106,0.458,,,,0.1278,True
MLB,K Props,Strikeouts,Over,k|2026-09-22|669302,mlb|2026-09-22|HOU-SEA,2026-09-22,draftkings,119,2.19,1.16,L,-1,-1.16,0.430858,,,,0.0887,True
MLB,K Props,Strikeouts,Over,k|2026-09-22|676083,mlb|2026-09-22|CHC-MIA,2026-09-22,draftkings,136,2.36,1.92,W,1.36,2.6112,0.40021,,,,0.1339,True
MLB,K Props,Strikeouts,Under,k|2026-09-23|543037,mlb|2026-09-23|NYY-TB,2026-09-23,betonlineag,-149,1.67114,2.26,L,-1,-2.26,0.572635,,,,0.1226,True
MLB,K Props,Strikeouts,Under,k|2026-09-23|592332,mlb|2026-09-23|CHC-MIA,2026-09-23,draftkings,118,2.18,1.13,L,-1,-1.13,0.432624,,,,0.0874,True
MLB,K Props,Strikeouts,Over,k|2026-09-23|605400,mlb|2026-09-23|MIL-PHI,2026-09-23,bovada,110,2.1,1.07,W,1.1,1.177,0.462008,,,,0.0828,True
MLB,K Props,Strikeouts,Over,k|2026-09-23|669923,mlb|2026-09-23|HOU-SEA,2026-09-23,draftkings,-130,1.76923,1.41,W,0.769231,1.08462,0.53309,,,,0.0933,True
MLB,K Props,Strikeouts,Under,k|2026-09-24|593958,mlb|2026-09-24|AZ-COL,2026-09-24,betmgm,115,2.15,2.16,W,1.15,2.484,0.459209,,,,0.1392,True
MLB,K Props,Strikeouts,Under,k|2026-09-24|601713,mlb|2026-09-24|LAD-SD,2026-09-24,draftkings,-107,1.93458,1.56,L,-1,-1.56,0.487517,,,,0.105,True
MLB,K Props,Strikeouts,Under,k|2026-09-24|607192,mlb|2026-09-24|LAD-SD,2026-09-24,fanduel,-150,1.66667,2.76,L,-1,-2.76,0.573257,,,,0.1428,True
MLB,K Props,Strikeouts,Under,k|2026-09-24|624133,mlb|2026-09-24|BOS-CLE,2026-09-24,betmgm,-140,1.71429,1.85,L,-1,-1.85,0.555075,,,,0.1095,True
MLB,K Props,Strikeouts,Over,k|2026-09-24|663969,mlb|2026-09-24|CHC-MIA,2026-09-24,betmgm,105,2.05,2.21,L,-1,-2.21,0.510398,,,,0.1324,True
MLB,K Props,Strikeouts,Over,k|2026-09-24|677976,mlb|2026-09-24|CWS-KC,2026-09-24,fanduel,-104,1.96154,1.48,L,-1,-1.48,0.518759,,,,0.0974,True
MLB,K Props,Strikeouts,Under,k|2026-09-24|685299,mlb|2026-09-24|AZ-COL,2026-09-24,betmgm,-110,1.90909,1.29,W,0.909091,1.17273,0.515511,,,,0.0902,True
MLB,K Props,Strikeouts,Under,k|2026-09-25|666157,mlb|2026-09-25|CIN-TOR,2026-09-25,draftkings,-136,1.73529,1.52,W,0.735294,1.11765,0.542777,,,,0.0979,True
MLB,K Props,Strikeouts,Under,k|2026-09-25|688107,mlb|2026-09-25|MIL-STL,2026-09-25,fanduel,126,2.26,2.48,L,-1,-2.48,0.419355,,,,0.1627,True
MLB,K Props,Strikeouts,Over,k|2026-09-25|691587,mlb|2026-09-25|ATL-MIA,2026-09-25,draftkings,123,2.23,2.02,W,1.23,2.4846,0.423317,,,,0.1367,True
MLB,K Props,Strikeouts,Over,k|2026-09-25|696149,mlb|2026-09-25|DET-PIT,2026-09-25,fanatics,-105,1.95238,1.21,L,-1,-1.21,0.485429,,,,0.0877,True
MLB,K Props,Strikeouts,Under,k|2026-09-26|608379,mlb|2026-09-26|CLE-KC,2026-09-26,draftkings,133,2.33,1.07,L,-1,-1.07,0.405345,,,,0.0847,True
MLB,K Props,Strikeouts,Under,k|2026-09-26|621111,mlb|2026-09-26|AZ-SD,2026-09-26,draftkings,112,2.12,2.33,W,1.12,2.6096,0.444925,,,,0.1501,True
MLB,K Props,Strikeouts,Under,k|2026-09-26|641927,mlb|2026-09-26|MIN-TEX,2026-09-26,fanduel,-115,1.86957,1.19,L,-1,-1.19,0.540004,,,,0.0837,True
MLB,K Props,Strikeouts,Under,k|2026-09-26|663436,mlb|2026-09-26|COL-CWS,2026-09-26,draftkings,-138,1.72464,1.34,W,0.724638,0.971014,0.546701,,,,0.0893,True
MLB,K Props,Strikeouts,Under,k|2026-09-27|453286,mlb|2026-09-27|CIN-TOR,2026-09-27,betmgm,-140,1.71429,1.45,L,-1,-1.45,0.561318,,,,0.0926,False
MLB,K Props,Strikeouts,Over,k|2026-09-27|641743,mlb|2026-09-27|COL-CWS,2026-09-27,betonlineag,-114,1.87719,1.44,W,0.877193,1.26316,0.504155,,,,0.0978,False
MLB,K Props,Strikeouts,Over,k|2026-09-27|647336,mlb|2026-09-27|AZ-SD,2026-09-27,betonlineag,-149,1.67114,2.81,W,0.671141,1.88591,0.562659,,,,0.1485,False
MLB,K Props,Strikeouts,Over,k|2026-09-27|665152,mlb|2026-09-27|MIN-TEX,2026-09-27,betmgm,-110,1.90909,1.15,L,-1,-1.15,0.523859,,,,0.0829,False
MLB,K Props,Strikeouts,Over,k|2026-09-27|669302,mlb|2026-09-27|LAA-SEA,2026-09-27,draftkings,111,2.11,1.66,W,1.11,1.8426,0.446808,,,,0.1143,False
MLB,K Props,Strikeouts,Over,k|2026-09-27|681190,mlb|2026-09-27|AZ-SD,2026-09-27,betonlineag,144,2.44,1.08,L,-1,-1.08,0.385251,,,,0.0882,False
MLB,K Props,Strikeouts,Over,k|2026-09-27|683003,mlb|2026-09-27|DET-PIT,2026-09-27,betmgm,-140,1.71429,1.25,L,-1,-1.25,0.556944,,,,0.0845,False
MLB,K Props,Strikeouts,Over,k|2026-09-27|702275,mlb|2026-09-27|ATL-MIA,2026-09-27,betmgm,115,2.15,2,L,-1,-2,0.447531,,,,0.1317,False
MLB,K Props,Strikeouts,Under,k|2026-09-30|686613,mlb|2026-09-30|CWS-HOU,2026-09-30,mybookieag,-145,1.68966,1.97,W,0.689655,1.35862,0.559487,,,,0.1142,False
MLB,K Props,Strikeouts,Under,k|2026-10-03|543037,mlb|2026-10-03|NYY-TB,2026-10-03,draftkings,-155,1.64516,3.09,W,0.645161,1.99355,0.573257,,,,0.1558,False
NFL,Derivatives,H1 Spread,Favorite,nfl|derivatives|2026_03_ATL_GB|period|spreads_h1|GB|-3.0|williamhill_us,nfl|2026_03_ATL_GB,2026-09-24,williamhill_us,-113,1.88496,1.94408,L,-1,-1.94408,0.506961,0.50578,-0.0011811,-0.00232957,0.147009,True
NFL,Derivatives,H1 Spread,Favorite,nfl|derivatives|2026_03_ATL_GB|period|spreads_h1|home|-3.0|williamhill_us,nfl|2026_03_ATL_GB,2026-09-24,williamhill_us,-113,1.88496,1.94408,L,-1,-1.94408,0.506961,0.50578,-0.0011811,-0.00232977,0.147009,False
NFL,Derivatives,Team Total,Under,nfl|derivatives|2026_03_ATL_GB|period|team_totals:ATL|Under|19.5|fanduel,nfl|2026_03_ATL_GB,2026-09-24,fanduel,-115,1.86957,1.45309,L,-1,-1.45309,0.504543,0.515909,0.0113659,0.022527,0.121757,True
NFL,Derivatives,H1 Total,Under,nfl|derivatives|2026_03_ATL_GB|period|totals_h1|Under|21.5|fanduel,nfl|2026_03_ATL_GB,2026-09-24,fanduel,-115,1.86957,2.20706,L,-1,-2.20706,0.511604,0.5,-0.0116045,-0.0226825,0.162129,True
NFL,Derivatives,Q1 Total,Under,nfl|derivatives|2026_03_ATL_GB|period|totals_q1|Under|7.5|betus,nfl|2026_03_ATL_GB,2026-09-24,betus,-120,1.83333,1.71073,L,-1,-1.71073,0.511204,0.511204,0,0,0.139429,True
NFL,Derivatives,Q2 Total,Under,nfl|derivatives|2026_03_ATL_GB|period|totals_q2|Under|12.5|bovada,nfl|2026_03_ATL_GB,2026-09-24,bovada,105,2.05,0.976168,W,1.05,1.02498,0.455311,0.444832,-0.0104793,-0.0230158,0.100122,True
NFL,Derivatives,Q3 Total,Under,nfl|derivatives|2026_03_BAL_DAL|period|totals_q3|Under|10.5|draftkings,nfl|2026_03_BAL_DAL,2026-09-27,draftkings,-125,1.8,1.14409,L,-1,-1.14409,0.522426,0.511204,-0.0112218,-0.0214802,0.101908,True
NFL,Derivatives,Team Total,Over,nfl|derivatives|2026_03_CIN_PIT|period|team_totals:CIN|Over|23.5|williamhill_us,nfl|2026_03_CIN_PIT,2026-09-27,williamhill_us,-104,1.96154,1.12054,W,0.961538,1.07744,0.472239,0.479959,0.0077204,0.0163485,0.111861,True
NFL,Derivatives,H2 Total,Over,nfl|derivatives|2026_03_CIN_PIT|period|totals_h2|Over|20.5|betrivers,nfl|2026_03_CIN_PIT,2026-09-27,betrivers,-103,1.97087,1.1718,W,0.970874,1.13767,0.478323,0.472506,-0.00581758,-0.0121624,0.107143,True
NFL,Derivatives,H1 Spread,Underdog,nfl|derivatives|2026_03_HOU_IND|period|spreads_h1|IND|0.5|betus,nfl|2026_03_HOU_IND,2026-09-27,betus,-105,1.95238,1.70967,W,0.952381,1.62826,0.488396,0.545403,0.0570072,0.116723,0.136604,True
NFL,Derivatives,H1 Spread,Underdog,nfl|derivatives|2026_03_HOU_IND|period|spreads_h1|home|0.5|betus,nfl|2026_03_HOU_IND,2026-09-27,betus,-105,1.95238,1.70967,W,0.952381,1.62826,0.488396,0.545403,0.0570072,0.116723,0.136604,False
NFL,Derivatives,H2 Spread,Underdog,nfl|derivatives|2026_03_HOU_IND|period|spreads_h2|IND|1.5|betrivers,nfl|2026_03_HOU_IND,2026-09-27,betrivers,-118,1.84746,1.91228,L,-1,-1.91228,0.513731,0.539719,0.0259887,0.0505868,0.146203,True
NFL,Derivatives,H2 Spread,Underdog,nfl|derivatives|2026_03_HOU_IND|period|spreads_h2|home|1.5|betrivers,nfl|2026_03_HOU_IND,2026-09-27,betrivers,-118,1.84746,1.91228,L,-1,-1.91228,0.513731,0.539719,0.0259887,0.0505882,0.146203,False
NFL,Derivatives,Q3 Spread,Underdog,nfl|derivatives|2026_03_HOU_IND|period|spreads_q3|IND|1.5|fanduel,nfl|2026_03_HOU_IND,2026-09-27,fanduel,-138,1.72464,1.7596,W,0.724638,1.27507,0.557567,0.574854,0.0172872,0.0310043,0.122267,True
NFL,Derivatives,Q3 Spread,Underdog,nfl|derivatives|2026_03_HOU_IND|period|spreads_q3|home|1.5|fanduel,nfl|2026_03_HOU_IND,2026-09-27,fanduel,-138,1.72464,1.7596,W,0.724638,1.27507,0.557567,0.574854,0.0172872,0.0310048,0.122267,False
NFL,Derivatives,Q4 Spread,Underdog,nfl|derivatives|2026_03_HOU_IND|period|spreads_q4|IND|0.5|draftkings,nfl|2026_03_HOU_IND,2026-09-27,draftkings,-125,1.8,1.1452,L,-1,-1.1452,0.522426,0.555168,0.0327421,0.062673,0.101974,True
NFL,Derivatives,Q4 Spread,Underdog,nfl|derivatives|2026_03_HOU_IND|period|spreads_q4|home|0.5|draftkings,nfl|2026_03_HOU_IND,2026-09-27,draftkings,-125,1.8,1.1452,L,-1,-1.1452,0.522426,0.555168,0.0327421,0.0626733,0.101974,False
NFL,Derivatives,Team Total,Over,nfl|derivatives|2026_03_HOU_IND|period|team_totals:IND|Over|19.5|williamhill_us,nfl|2026_03_HOU_IND,2026-09-27,williamhill_us,-125,1.8,2.97446,L,-1,-2.97446,0.520041,0.507067,-0.0129741,-0.0249482,0.214326,True
NFL,Derivatives,H1 Spread,Underdog,nfl|derivatives|2026_03_KC_MIA|period|spreads_h1|MIA|6.5|fanduel,nfl|2026_03_KC_MIA,2026-09-27,fanduel,105,2.05,1.96395,L,-1,-1.96395,0.465414,0.488396,0.0229818,0.0493797,0.158453,True
NFL,Derivatives,H1 Spread,Underdog,nfl|derivatives|2026_03_KC_MIA|period|spreads_h1|home|6.5|fanduel,nfl|2026_03_KC_MIA,2026-09-27,fanduel,105,2.05,1.96395,L,-1,-1.96395,0.465414,0.488396,0.0229818,0.0493792,0.158453,False
NFL,Derivatives,Q1 Spread,Underdog,nfl|derivatives|2026_03_KC_MIA|period|spreads_q1|MIA|3.5|fanduel,nfl|2026_03_KC_MIA,2026-09-27,fanduel,-136,1.73529,1.39808,W,0.735294,1.028,0.551336,0.512401,-0.0389347,-0.0706194,0.105064,True
NFL,Derivatives,Q1 Spread,Underdog,nfl|derivatives|2026_03_KC_MIA|period|spreads_q1|home|3.5|fanduel,nfl|2026_03_KC_MIA,2026-09-27,fanduel,-136,1.73529,1.39808,W,0.735294,1.028,0.551336,0.512401,-0.0389347,-0.0706189,0.105064,False
NFL,Derivatives,Q2 Spread,Underdog,nfl|derivatives|2026_03_KC_MIA|period|spreads_q2|MIA|3.5|fanduel,nfl|2026_03_KC_MIA,2026-09-27,fanduel,100,2,1.37759,L,-1,-1.37759,0.474624,0.493088,0.018464,0.0389024,0.118543,True
NFL,Derivatives,Q2 Spread,Underdog,nfl|derivatives|2026_03_KC_MIA|period|spreads_q2|home|3.5|fanduel,nfl|2026_03_KC_MIA,2026-09-27,fanduel,100,2,1.37759,L,-1,-1.37759,0.474624,0.493088,0.018464,0.0389025,0.118543,False
NFL,Derivatives,Team Total,Over,nfl|derivatives|2026_03_KC_MIA|period|team_totals:MIA|Over|16.5|williamhill_us,nfl|2026_03_KC_MIA,2026-09-27,williamhill_us,-118,1.84746,1.75594,L,-1,-1.75594,0.505582,0.453543,-0.0520392,-0.102929,0.144652,True
NFL,Derivatives,Team Total,Under,nfl|derivatives|2026_03_LA_DEN|period|team_totals:DEN|Under|21.5|betmgm,nfl|2026_03_LA_DEN,2026-09-27,betmgm,-105,1.95238,1.48688,L,-1,-1.48688,0.49179,0.481101,-0.010689,-0.0217349,0.11851,True
NFL,Derivatives,H1 Spread,Underdog,nfl|derivatives|2026_03_MIN_TB|period|spreads_h1|TB|0.5|draftkings,nfl|2026_03_MIN_TB,2026-09-27,draftkings,-112,1.89286,1.35677,L,-1,-1.35677,0.504641,0.545403,0.0407621,0.0807743,0.110226,True
NFL,Derivatives,H1 Spread,Underdog,nfl|derivatives|2026_03_MIN_TB|period|spreads_h1|home|0.5|draftkings,nfl|2026_03_MIN_TB,2026-09-27,draftkings,-112,1.89286,1.35677,L,-1,-1.35677,0.504641,0.545403,0.0407621,0.0807745,0.110226,False
NFL,Derivatives,Q2 Spread,Underdog,nfl|derivatives|2026_03_MIN_TB|period|spreads_q2|TB|0.5|draftkings,nfl|2026_03_MIN_TB,2026-09-27,draftkings,-125,1.8,1.2001,L,-1,-1.2001,0.522426,0.555168,0.0327421,0.062673,0.105274,True
NFL,Derivatives,Q2 Spread,Underdog,nfl|derivatives|2026_03_MIN_TB|period|spreads_q2|home|0.5|draftkings,nfl|2026_03_MIN_TB,2026-09-27,draftkings,-125,1.8,1.2001,L,-1,-1.2001,0.522426,0.555168,0.0327421,0.0626733,0.105274,False
NFL,Derivatives,H1 Spread,Underdog,nfl|derivatives|2026_03_NE_JAX|period|spreads_h1|NE|2.5|williamhill_us,nfl|2026_03_NE_JAX,2026-09-27,williamhill_us,-106,1.9434,1.7916,L,-1,-1.7916,0.490717,0.490717,0,0,0.141483,True
NFL,Derivatives,H1 Spread,Underdog,nfl|derivatives|2026_03_NE_JAX|period|spreads_h1|away|2.5|williamhill_us,nfl|2026_03_NE_JAX,2026-09-27,williamhill_us,-106,1.9434,1.7916,L,-1,-1.7916,0.490717,0.490717,0,0,0.141483,False
NFL,Derivatives,Team Total,Over,nfl|derivatives|2026_03_NE_JAX|period|team_totals:NE|Over|21.5|fanduel,nfl|2026_03_NE_JAX,2026-09-27,fanduel,-106,1.9434,2.05102,L,-1,-2.05102,0.484091,0.527093,0.0430016,0.0888296,0.165142,True
NFL,Derivatives,H1 Total,Over,nfl|derivatives|2026_03_NE_JAX|period|totals_h1|Over|22.5|williamhill_us,nfl|2026_03_NE_JAX,2026-09-27,williamhill_us,-108,1.92593,1.63521,L,-1,-1.63521,0.49422,0.512077,0.0178576,0.0361328,0.131347,True
NFL,Derivatives,Q2 Total,Over,nfl|derivatives|2026_03_NE_JAX|period|totals_q2|Over|13.5|draftkings,nfl|2026_03_NE_JAX,2026-09-27,draftkings,100,2,1.02124,W,1,1.02124,0.466316,0.493385,0.0270684,0.0580472,0.10275,True
NFL,Derivatives,H1 Spread,Underdog,nfl|derivatives|2026_03_NYJ_DET|period|spreads_h1|NYJ|4.5|fanduel,nfl|2026_03_NYJ_DET,2026-09-27,fanduel,-120,1.83333,1.74001,W,0.833333,1.45001,0.523229,0.523229,0,0,0.129204,True
NFL,Derivatives,H1 Spread,Underdog,nfl|derivatives|2026_03_NYJ_DET|period|spreads_h1|away|4.5|fanduel,nfl|2026_03_NYJ_DET,2026-09-27,fanduel,-120,1.83333,1.74001,W,0.833333,1.45001,0.523229,0.523229,0,0,0.129204,False
NFL,Derivatives,Q1 Spread,Underdog,nfl|derivatives|2026_03_NYJ_DET|period|spreads_q1|NYJ|2.5|bovada,nfl|2026_03_NYJ_DET,2026-09-27,bovada,-110,1.90909,1.12857,W,0.909091,1.02597,0.488796,,,,0.107704,True
NFL,Derivatives,Q1 Spread,Underdog,nfl|derivatives|2026_03_NYJ_DET|period|spreads_q1|away|2.5|bovada,nfl|2026_03_NYJ_DET,2026-09-27,bovada,-110,1.90909,1.12857,W,0.909091,1.02597,0.488796,0.5,0.011204,0.0229217,0.107704,False
NFL,Derivatives,Team Total,Under,nfl|derivatives|2026_03_NYJ_DET|period|team_totals:DET|Under|27.5|fanduel,nfl|2026_03_NYJ_DET,2026-09-27,fanduel,-111,1.9009,1.88183,L,-1,-1.88183,0.495457,0.472907,-0.0225493,-0.0455122,0.151243,True
NFL,Derivatives,H1 Total,Under,nfl|derivatives|2026_03_NYJ_DET|period|totals_h1|Under|24.5|fanduel,nfl|2026_03_NYJ_DET,2026-09-27,fanduel,-120,1.83333,1.53019,W,0.833333,1.27516,0.523229,0.5,-0.023229,-0.0443956,0.116304,True
NFL,Derivatives,Team Total,Over,nfl|derivatives|2026_03_TEN_NYG|period|team_totals:NYG|Over|20.5|fanduel,nfl|2026_03_TEN_NYG,2026-09-27,fanduel,-108,1.92593,1.67776,L,-1,-1.67776,0.488639,0.507442,0.0188028,0.0384799,0.139694,True
NFL,Derivatives,H2 Total,Over,nfl|derivatives|2026_03_TEN_NYG|period|totals_h2|Over|19.5|fanduel,nfl|2026_03_TEN_NYG,2026-09-27,fanduel,100,2,1.68219,L,-1,-1.68219,0.476771,0.494483,0.0177123,0.0371505,0.136996,True
NFL,Derivatives,H1 Spread,Underdog,nfl|derivatives|2026_03_PHI_CHI|period|spreads_h1|CHI|3.0|bovada,nfl|2026_03_PHI_CHI,2026-09-28,bovada,-105,1.95238,2.57255,W,0.952381,2.45005,0.488396,,,,0.193538,True
NFL,Derivatives,H1 Spread,Underdog,nfl|derivatives|2026_03_PHI_CHI|period|spreads_h1|home|3.0|bovada,nfl|2026_03_PHI_CHI,2026-09-28,bovada,-105,1.95238,2.57255,W,0.952381,2.45005,0.488396,0.564359,0.0759638,0.155537,0.193538,False
NFL,Derivatives,H2 Spread,Underdog,nfl|derivatives|2026_03_PHI_CHI|period|spreads_h2|CHI|2.5|fanduel,nfl|2026_03_PHI_CHI,2026-09-28,fanduel,100,2,1.59347,W,1,1.59347,0.476771,0.511604,0.0348335,0.0730602,0.130996,True
NFL,Derivatives,H2 Spread,Underdog,nfl|derivatives|2026_03_PHI_CHI|period|spreads_h2|home|2.5|fanduel,nfl|2026_03_PHI_CHI,2026-09-28,fanduel,100,2,1.59347,W,1,1.59347,0.476771,0.511604,0.0348335,0.0730613,0.130996,False
NFL,Derivatives,Q1 Spread,Underdog,nfl|derivatives|2026_03_PHI_CHI|period|spreads_q1|CHI|0.5|betus,nfl|2026_03_PHI_CHI,2026-09-28,betus,-135,1.74074,1.44491,W,0.740741,1.0703,0.544689,0.555168,0.0104793,0.0192385,0.112945,True
NFL,Derivatives,Q1 Spread,Underdog,nfl|derivatives|2026_03_PHI_CHI|period|spreads_q1|home|0.5|betus,nfl|2026_03_PHI_CHI,2026-09-28,betus,-135,1.74074,1.44491,W,0.740741,1.0703,0.544689,0.555168,0.0104793,0.0192392,0.112945,False
NFL,Derivatives,Team Total,Over,nfl|derivatives|2026_03_PHI_CHI|period|team_totals:CHI|Over|18.5|williamhill_us,nfl|2026_03_PHI_CHI,2026-09-28,williamhill_us,-105,1.95238,3.40209,W,0.952381,3.24008,0.473443,0.494418,0.0209752,0.0443035,0.263224,True
NFL,Derivatives,H2 Total,Over,nfl|derivatives|2026_03_PHI_CHI|period|totals_h2|Over|19.5|betrivers,nfl|2026_03_PHI_CHI,2026-09-28,betrivers,-122,1.81967,1.72363,L,-1,-1.72363,0.521677,0.507718,-0.0139588,-0.0267577,0.13289,True
NFL,Derivatives,H1 Spread,Underdog,nfl|derivatives|2026_04_PIT_CLE|period|spreads_h1|CLE|0.5|draftkings,nfl|2026_04_PIT_CLE,2026-10-01,draftkings,-105,1.95238,1.05897,,0,0,0.488396,,,,0.0944378,False
NFL,Derivatives,H1 Spread,Underdog,nfl|derivatives|2026_04_PIT_CLE|period|spreads_h1|home|0.5|draftkings,nfl|2026_04_PIT_CLE,2026-10-01,draftkings,-105,1.95238,1.05897,W,0.952381,1.00854,0.488396,0.466575,-0.0218205,-0.044678,0.0944378,False
NFL,Derivatives,Q2 Spread,Underdog,nfl|derivatives|2026_04_PIT_CLE|period|spreads_q2|CLE|0.5|bovada,nfl|2026_04_PIT_CLE,2026-10-01,bovada,-120,1.83333,0.942438,,0,0,0.511204,,,,0.0928293,False
NFL,Derivatives,Q2 Spread,Underdog,nfl|derivatives|2026_04_PIT_CLE|period|spreads_q2|home|0.5|bovada,nfl|2026_04_PIT_CLE,2026-10-01,bovada,-120,1.83333,0.942438,W,0.833333,0.785365,0.511204,0.5,-0.011204,-0.0219169,0.0928293,False
NFL,Derivatives,Team Total,Over,nfl|derivatives|2026_04_PIT_CLE|period|team_totals:CLE|Over|18.5|williamhill_us,nfl|2026_04_PIT_CLE,2026-10-01,williamhill_us,-108,1.92593,0.929421,W,0.925926,0.860575,0.482189,0.440423,-0.0417655,-0.0866165,0.0981444,False
NFL,Derivatives,H2 Total,Over,nfl|derivatives|2026_04_PIT_CLE|period|totals_h2|Over|18.5|betrivers,nfl|2026_04_PIT_CLE,2026-10-01,betrivers,-114,1.87719,0.968028,W,0.877193,0.849147,0.505739,0.51926,0.0135206,0.0267344,0.0888273,False
NFL,Derivatives,Team Total,Under,nfl|derivatives|2026_04_DAL_HOU|period|team_totals:HOU|Under|25.5|williamhill_us,nfl|2026_04_DAL_HOU,2026-10-04,williamhill_us,-122,1.81967,0.814174,L,-1,-0.814174,0.514518,0.496651,-0.0178667,-0.0347252,0.0851821,False
NFL,Derivatives,Q4 Total,Under,nfl|derivatives|2026_04_DAL_HOU|period|totals_q4|Under|13.5|draftkings,nfl|2026_04_DAL_HOU,2026-10-04,draftkings,-105,1.95238,0.728657,L,-1,-0.728657,0.477574,0.5,0.0224258,0.0469578,0.0832258,False
NFL,Derivatives,H1 Spread,Favorite,nfl|derivatives|2026_04_DEN_SF|period|spreads_h1|SF|-1.5|fanduel,nfl|2026_04_DEN_SF,2026-10-04,fanduel,105,2.05,1.74322,,0,0,0.465414,,,,0.144486,False
NFL,Derivatives,H1 Spread,Favorite,nfl|derivatives|2026_04_DEN_SF|period|spreads_h1|home|-1.5|fanduel,nfl|2026_04_DEN_SF,2026-10-04,fanduel,105,2.05,1.74322,L,-1,-1.74322,0.465414,0.5,0.0345862,0.0743129,0.144486,False
NFL,Derivatives,Q1 Spread,Favorite,nfl|derivatives|2026_04_DEN_SF|period|spreads_q1|SF|-1.5|fanduel,nfl|2026_04_DEN_SF,2026-10-04,fanduel,136,2.36,0.869324,,0,0,0.397477,,,,0.0947567,False
NFL,Derivatives,Q1 Spread,Favorite,nfl|derivatives|2026_04_DEN_SF|period|spreads_q1|home|-1.5|fanduel,nfl|2026_04_DEN_SF,2026-10-04,fanduel,136,2.36,0.869324,L,-1,-0.869324,0.397477,0.412598,0.0151213,0.0380432,0.0947567,False
NFL,Derivatives,Q2 Spread,Favorite,nfl|derivatives|2026_04_DEN_SF|period|spreads_q2|SF|-1.5|fanduel,nfl|2026_04_DEN_SF,2026-10-04,fanduel,116,2.16,1.15206,,0,0,0.43658,,,,0.110987,False
NFL,Derivatives,Q2 Spread,Favorite,nfl|derivatives|2026_04_DEN_SF|period|spreads_q2|home|-1.5|fanduel,nfl|2026_04_DEN_SF,2026-10-04,fanduel,116,2.16,1.15206,W,1.16,1.33639,0.43658,0.470043,0.0334637,0.0766497,0.110987,False
NFL,Derivatives,Team Total,Over,nfl|derivatives|2026_04_DEN_SF|period|team_totals:SF|Over|23.5|fanduel,nfl|2026_04_DEN_SF,2026-10-04,fanduel,-128,1.78125,1.23099,W,0.78125,0.961715,0.531647,0.565589,0.0339419,0.0638429,0.103586,False
NFL,Derivatives,H1 Total,Over,nfl|derivatives|2026_04_DEN_SF|period|totals_h1|Over|23.5|williamhill_us,nfl|2026_04_DEN_SF,2026-10-04,williamhill_us,103,2.03,0.814647,L,-1,-0.814647,0.468835,0.501164,0.0323296,0.0689573,0.0802986,False
NFL,Derivatives,Q2 Total,Over,nfl|derivatives|2026_04_DEN_SF|period|totals_q2|Over|13.5|draftkings,nfl|2026_04_DEN_SF,2026-10-04,draftkings,-110,1.90909,0.653554,L,-1,-0.653554,0.488796,0.511204,0.022408,0.0458433,0.0775707,False
NFL,Derivatives,Team Total,Under,nfl|derivatives|2026_04_DET_CAR|period|team_totals:DET|Under|27.5|williamhill_us,nfl|2026_04_DET_CAR,2026-10-04,williamhill_us,-127,1.7874,1.81599,W,0.787402,1.42992,0.524505,0.497219,-0.0272862,-0.0520229,0.144362,False
NFL,Derivatives,H1 Total,Under,nfl|derivatives|2026_04_DET_CAR|period|totals_h1|Under|24.5|williamhill_us,nfl|2026_04_DET_CAR,2026-10-04,williamhill_us,-108,1.92593,2.11282,L,-1,-2.11282,0.49422,0.453746,-0.0404736,-0.0818939,0.163914,False
NFL,Derivatives,Q1 Total,Under,nfl|derivatives|2026_04_DET_CAR|period|totals_q1|Under|10.0|bovada,nfl|2026_04_DET_CAR,2026-10-04,bovada,-130,1.76923,1.70679,P,0,0,0.533684,0.511204,-0.0224795,-0.0421214,0.133009,False
NFL,Derivatives,Q2 Total,Under,nfl|derivatives|2026_04_DET_CAR|period|totals_q2|Under|14.5|draftkings,nfl|2026_04_DET_CAR,2026-10-04,draftkings,-120,1.83333,1.31783,L,-1,-1.31783,0.511204,0.461094,-0.0501103,-0.098024,0.116163,False
NFL,Derivatives,Team Total,Over,nfl|derivatives|2026_04_GB_TB|period|team_totals:GB|Over|21.5|williamhill_us,nfl|2026_04_GB_TB,2026-10-04,williamhill_us,-117,1.8547,0.800265,L,-1,-0.800265,0.503349,0.471423,-0.0319257,-0.0634265,0.0862511,False
NFL,Derivatives,H1 Total,Over,nfl|derivatives|2026_04_GB_TB|period|totals_h1|Over|19.5|betrivers,nfl|2026_04_GB_TB,2026-10-04,betrivers,-117,1.8547,1.16208,L,-1,-1.16208,0.511441,0.486269,-0.0251712,-0.0492163,0.100959,False
NFL,Derivatives,H1 Spread,Underdog,nfl|derivatives|2026_04_IND_WAS|period|spreads_h1|WAS|2.5|bovada,nfl|2026_04_IND_WAS,2026-10-04,bovada,100,2,0.889736,,0,0,0.476771,,,,0.0840624,False
NFL,Derivatives,H1 Spread,Underdog,nfl|derivatives|2026_04_IND_WAS|period|spreads_h1|home|2.5|bovada,nfl|2026_04_IND_WAS,2026-10-04,bovada,100,2,0.889736,L,-1,-0.889736,0.476771,0.478178,0.00140723,0.00295159,0.0840624,False
NFL,Derivatives,Team Total,Under,nfl|derivatives|2026_04_IND_WAS|period|team_totals:IND|Under|25.5|fanduel,nfl|2026_04_IND_WAS,2026-10-04,fanduel,-108,1.92593,1.96883,L,-1,-1.96883,0.488639,0.472721,-0.0159182,-0.0325765,0.160027,False
NFL,Derivatives,H1 Total,Under,nfl|derivatives|2026_04_IND_WAS|period|totals_h1|Under|23.5|fanduel,nfl|2026_04_IND_WAS,2026-10-04,fanduel,-105,1.95238,1.37479,W,0.952381,1.30932,0.488396,0.476771,-0.0116246,-0.0238016,0.115504,False
NFL,Derivatives,Q1 Total,Under,nfl|derivatives|2026_04_IND_WAS|period|totals_q1|Under|9.5|draftkings,nfl|2026_04_IND_WAS,2026-10-04,draftkings,-105,1.95238,0.815108,W,0.952381,0.776293,0.488396,0.495359,0.0069638,0.0142585,0.0781711,False
NFL,Derivatives,Q2 Total,Under,nfl|derivatives|2026_04_IND_WAS|period|totals_q2|Under|13.5|draftkings,nfl|2026_04_IND_WAS,2026-10-04,draftkings,100,2,0.785893,W,1,0.785893,0.466316,0.488796,0.0224795,0.0482065,0.0874168,False
NFL,Derivatives,H2 Total,Under,nfl|derivatives|2026_04_JAX_CIN|period|totals_h2|Under|26.5|betrivers,nfl|2026_04_JAX_CIN,2026-10-04,betrivers,-107,1.93458,0.78855,W,0.934579,0.736962,0.488559,0.488559,0,0,0.0804407,False
NFL,Derivatives,H1 Spread,Underdog,nfl|derivatives|2026_04_KC_LV|period|spreads_h1|LV|3.0|bovada,nfl|2026_04_KC_LV,2026-10-04,bovada,-105,1.95238,1.01566,,0,0,0.488396,,,,0.0915492,False
NFL,Derivatives,H1 Spread,Underdog,nfl|derivatives|2026_04_KC_LV|period|spreads_h1|home|3.0|bovada,nfl|2026_04_KC_LV,2026-10-04,bovada,-105,1.95238,1.01566,W,0.952381,0.9673,0.488396,0.5,0.0116045,0.0237604,0.0915492,False
NFL,Derivatives,Team Total,Over,nfl|derivatives|2026_04_KC_LV|period|team_totals:LV|Over|21.5|williamhill_us,nfl|2026_04_KC_LV,2026-10-04,williamhill_us,101,2.01,0.674611,W,1.01,0.681357,0.461086,0.448391,-0.0126945,-0.0275318,0.0827809,False
NFL,Derivatives,H1 Total,Over,nfl|derivatives|2026_04_LA_PHI|period|totals_h1|Over|22.5|betonlineag,nfl|2026_04_LA_PHI,2026-10-04,betonlineag,-105,1.95238,0.791621,W,0.952381,0.753925,0.488396,0.483005,-0.00539043,-0.011037,0.0766045,False
NFL,Derivatives,Q2 Total,Over,nfl|derivatives|2026_04_LA_PHI|period|totals_q2|Over|13.5|draftkings,nfl|2026_04_LA_PHI,2026-10-04,draftkings,110,2.1,0.808009,W,1.1,0.88881,0.444832,0.444832,0,0,0.0892346,False
NFL,Derivatives,H1 Spread,Underdog,nfl|derivatives|2026_04_MIA_MIN|period|spreads_h1|MIA|7.5|fanduel,nfl|2026_04_MIA_MIN,2026-10-04,fanduel,-130,1.76923,2.29223,,0,0,0.545403,,,,0.156097,False
NFL,Derivatives,H1 Spread,Underdog,nfl|derivatives|2026_04_MIA_MIN|period|spreads_h1|away|7.5|fanduel,nfl|2026_04_MIA_MIN,2026-10-04,fanduel,-130,1.76923,2.29223,L,-1,-2.29223,0.545403,0.521822,-0.0235809,-0.0432358,0.156097,False
NFL,Derivatives,Q1 Spread,Favorite,nfl|derivatives|2026_04_MIA_MIN|period|spreads_q1|MIA|-0.5|betmgm,nfl|2026_04_MIA_MIN,2026-10-04,betmgm,310,4.1,0.770182,,0,0,0.202937,,,,0.120597,False
NFL,Derivatives,Q1 Spread,Favorite,nfl|derivatives|2026_04_MIA_MIN|period|spreads_q1|away|-0.5|betmgm,nfl|2026_04_MIA_MIN,2026-10-04,betmgm,310,4.1,0.770182,L,-1,-0.770182,0.202937,0.193012,-0.00992454,-0.0489046,0.120597,False
NFL,Derivatives,Q2 Spread,Underdog,nfl|derivatives|2026_04_MIA_MIN|period|spreads_q2|MIA|3.5|fanduel,nfl|2026_04_MIA_MIN,2026-10-04,fanduel,-104,1.96154,1.25706,,0,0,0.483865,,,,0.110202,False
NFL,Derivatives,Q2 Spread,Underdog,nfl|derivatives|2026_04_MIA_MIN|period|spreads_q2|away|3.5|fanduel,nfl|2026_04_MIA_MIN,2026-10-04,fanduel,-104,1.96154,1.25706,L,-1,-1.25706,0.483865,0.5,0.0161351,0.0333464,0.110202,False
NFL,Derivatives,Team Total,Over,nfl|derivatives|2026_04_MIA_MIN|period|team_totals:MIA|Over|13.5|fanduel,nfl|2026_04_MIA_MIN,2026-10-04,fanduel,-102,1.98039,2.69909,L,-1,-2.69909,0.473931,0.5,0.0260688,0.0550054,0.213735,False
NFL,Derivatives,H1 Total,Over,nfl|derivatives|2026_04_MIA_MIN|period|totals_h1|Over|20.0|bovada,nfl|2026_04_MIA_MIN,2026-10-04,bovada,-105,1.95238,1.38802,L,-1,-1.38802,0.488396,,,,0.116387,False
NFL,Derivatives,H2 Total,Over,nfl|derivatives|2026_04_MIA_MIN|period|totals_h2|Over|18.5|fanduel,nfl|2026_04_MIA_MIN,2026-10-04,fanduel,-120,1.83333,0.869504,L,-1,-0.869504,0.517107,0.5,-0.0171067,-0.0330815,0.0823933,False
NFL,Derivatives,Q2 Total,Over,nfl|derivatives|2026_04_MIA_MIN|period|totals_q2|Over|11.5|draftkings,nfl|2026_04_MIA_MIN,2026-10-04,draftkings,-120,1.83333,0.955308,L,-1,-0.955308,0.511204,0.527279,0.0160748,0.031445,0.0936293,False
NFL,Derivatives,Q2 Total,Over,nfl|derivatives|2026_04_TEN_BAL|period|totals_q2|Over|13.5|draftkings,nfl|2026_04_TEN_BAL,2026-10-04,draftkings,110,2.1,0.691667,W,1.1,0.760834,0.444832,0.435883,-0.00894947,-0.0201188,0.0809013,False
NFL,Derivatives,Team Total,Under,nfl|derivatives|2026_04_ATL_NO|period|team_totals:NO|Under|24.5|fanduel,nfl|2026_04_ATL_NO,2026-10-05,fanduel,-111,1.9009,1.33678,W,0.900901,1.2043,0.495457,0.536142,0.0406856,0.0821173,0.117243,False
NFL,Derivatives,H1 Total,Under,nfl|derivatives|2026_04_ATL_NO|period|totals_h1|Under|23.5|bovada,nfl|2026_04_ATL_NO,2026-10-05,bovada,100,2,0.837571,L,-1,-0.837571,0.476771,0.5,0.023229,0.0487216,0.0804957,False
NFL,Derivatives,H2 Total,Under,nfl|derivatives|2026_04_ATL_NO|period|totals_h2|Under|23.5|fanduel,nfl|2026_04_ATL_NO,2026-10-05,fanduel,-105,1.95238,1.13642,L,-1,-1.13642,0.488396,0.5,0.0116045,0.0237604,0.0996045,False
NFL,Derivatives,Q3 Total,Under,nfl|derivatives|2026_04_ATL_NO|period|totals_q3|Under|9.5|draftkings,nfl|2026_04_ATL_NO,2026-10-05,draftkings,114,2.14,0.870021,L,-1,-0.870021,0.435883,0.455311,0.0194288,0.0445735,0.0947841,False
NFL,Derivatives,Q4 Total,Under,nfl|derivatives|2026_04_ATL_NO|period|totals_q4|Under|13.5|draftkings,nfl|2026_04_ATL_NO,2026-10-05,draftkings,100,2,1.0984,L,-1,-1.0984,0.466316,0.488796,0.0224795,0.0482065,0.108784,False
NFL,Derivatives,H2 Spread,Underdog,nfl|derivatives|2026_05_TB_DAL|period|spreads_h2|away|4.5|fanduel,nfl|2026_05_TB_DAL,2026-10-08,fanduel,-115,1.86957,1.12703,,0,0,0.511604,,,,0.0944955,False
NFL,Derivatives,Team Total,Under,nfl|derivatives|2026_05_TB_DAL|period|team_totals:DAL|Under|28.5|betmgm,nfl|2026_05_TB_DAL,2026-10-08,betmgm,-108,1.92593,1.94597,,0,0,0.497663,,,,0.14867,False
NFL,Derivatives,H1 Total,Under,nfl|derivatives|2026_05_TB_DAL|period|totals_h1|Under|24.5|fanduel,nfl|2026_05_TB_DAL,2026-10-08,fanduel,-120,1.83333,2.05785,,0,0,0.529279,,,,0.143254,False
NFL,Derivatives,Q1 Total,Under,nfl|derivatives|2026_05_TB_DAL|period|totals_q1|Under|9.5|fanduel,nfl|2026_05_TB_DAL,2026-10-08,fanduel,100,2,0.978481,,0,0,0.474624,,,,0.0918426,False
NFL,Derivatives,Q2 Total,Under,nfl|derivatives|2026_05_TB_DAL|period|totals_q2|Under|14.5|fanduel,nfl|2026_05_TB_DAL,2026-10-08,fanduel,-114,1.87719,1.73674,,0,0,0.506912,,,,0.136055,False
NFL,Derivatives,H1 Spread,Favorite,nfl|derivatives|2026_05_BAL_ATL|period|spreads_h1|home|-1.5|fanduel,nfl|2026_05_BAL_ATL,2026-10-11,fanduel,105,2.05,1.4648,,0,0,0.465414,,,,0.12432,False
NFL,Derivatives,H2 Spread,Favorite,nfl|derivatives|2026_05_BAL_ATL|period|spreads_h2|home|-1.5|betrivers,nfl|2026_05_BAL_ATL,2026-10-11,betrivers,102,2.02,1.33891,,0,0,0.46692,,,,0.11998,False
NFL,Derivatives,Q1 Spread,Favorite,nfl|derivatives|2026_05_BAL_ATL|period|spreads_q1|home|-1.5|betrivers,nfl|2026_05_BAL_ATL,2026-10-11,betrivers,138,2.38,0.764615,,0,0,0.388833,,,,0.0915669,False
NFL,Derivatives,Q2 Spread,Favorite,nfl|derivatives|2026_05_BAL_ATL|period|spreads_q2|home|-1.5|fanduel,nfl|2026_05_BAL_ATL,2026-10-11,fanduel,118,2.18,0.943075,,0,0,0.43455,,,,0.0935171,False
NFL,Derivatives,Q3 Spread,Favorite,nfl|derivatives|2026_05_BAL_ATL|period|spreads_q3|home|-1.5|fanduel,nfl|2026_05_BAL_ATL,2026-10-11,fanduel,132,2.32,0.793884,,0,0,0.404076,,,,0.0883238,False
NFL,Derivatives,Team Total,Under,nfl|derivatives|2026_05_BAL_ATL|period|team_totals:BAL|Under|20.5|williamhill_us,nfl|2026_05_BAL_ATL,2026-10-11,williamhill_us,-113,1.88496,2.42935,,0,0,0.492238,,,,0.193228,False
NFL,Derivatives,H1 Total,Under,nfl|derivatives|2026_05_BAL_ATL|period|totals_h1|Under|21.5|williamhill_us,nfl|2026_05_BAL_ATL,2026-10-11,williamhill_us,101,2.01,0.831364,,0,0,0.474454,,,,0.0798124,False
NFL,Derivatives,H2 Total,Under,nfl|derivatives|2026_05_BAL_ATL|period|totals_h2|Under|21.5|betrivers,nfl|2026_05_BAL_ATL,2026-10-11,betrivers,-110,1.90909,0.923693,,0,0,0.496557,,,,0.0870101,False
NFL,Derivatives,Q4 Total,Under,nfl|derivatives|2026_05_BAL_ATL|period|totals_q4|Under|12.5|draftkings,nfl|2026_05_BAL_ATL,2026-10-11,draftkings,100,2,0.821943,,0,0,0.466316,,,,0.0895168,False
NFL,Derivatives,H1 Spread,Underdog,nfl|derivatives|2026_05_CHI_GB|period|spreads_h1|home|1.5|betonlineag,nfl|2026_05_CHI_GB,2026-10-11,betonlineag,-110,1.90909,2.57094,,0,0,0.5,,,,0.190133,False
NFL,Derivatives,Q1 Spread,Underdog,nfl|derivatives|2026_05_CHI_GB|period|spreads_q1|home|1.5|fanduel,nfl|2026_05_CHI_GB,2026-10-11,fanduel,-152,1.65789,1.65504,,0,0,0.582141,,,,0.110259,False
NFL,Derivatives,Q2 Spread,Underdog,nfl|derivatives|2026_05_CHI_GB|period|spreads_q2|home|1.5|fanduel,nfl|2026_05_CHI_GB,2026-10-11,fanduel,-138,1.72464,1.86983,,0,0,0.557567,,,,0.129,False
NFL,Derivatives,Team Total,Under,nfl|derivatives|2026_05_CHI_GB|period|team_totals:CHI|Under|23.5|williamhill_us,nfl|2026_05_CHI_GB,2026-10-11,williamhill_us,-110,1.90909,2.15462,,0,0,0.487717,,,,0.175483,False
NFL,Derivatives,Team Total,Over,nfl|derivatives|2026_05_CHI_GB|period|team_totals:GB|Over|21.5|williamhill_us,nfl|2026_05_CHI_GB,2026-10-11,williamhill_us,-106,1.9434,0.906297,,0,0,0.476692,,,,0.0976418,False
NFL,Derivatives,H1 Total,Under,nfl|derivatives|2026_05_CHI_GB|period|totals_h1|Under|23.5|betrivers,nfl|2026_05_CHI_GB,2026-10-11,betrivers,-117,1.8547,0.85714,,0,0,0.51263,,,,0.0802033,False
NFL,Derivatives,H1 Spread,Underdog,nfl|derivatives|2026_05_CIN_MIA|period|spreads_h1|home|4.5|betrivers,nfl|2026_05_CIN_MIA,2026-10-11,betrivers,-121,1.82645,1.65635,,0,0,0.519391,,,,0.129942,False
NFL,Derivatives,Q1 Spread,Underdog,nfl|derivatives|2026_05_CIN_MIA|period|spreads_q1|home|2.5|betrivers,nfl|2026_05_CIN_MIA,2026-10-11,betrivers,-108,1.92593,1.12942,,0,0,0.493088,,,,0.0999119,False
NFL,Derivatives,Q2 Spread,Underdog,nfl|derivatives|2026_05_CIN_MIA|period|spreads_q2|home|2.5|fanduel,nfl|2026_05_CIN_MIA,2026-10-11,fanduel,110,2.1,1.11494,,0,0,0.450617,,,,0.104917,False
NFL,Derivatives,Team Total,Under,nfl|derivatives|2026_05_CIN_MIA|period|team_totals:CIN|Under|25.5|fanduel,nfl|2026_05_CIN_MIA,2026-10-11,fanduel,-113,1.88496,0.961343,,0,0,0.5,,,,0.0918333,False
NFL,Derivatives,Team Total,Over,nfl|derivatives|2026_05_CIN_MIA|period|team_totals:MIA|Over|17.5|williamhill_us,nfl|2026_05_CIN_MIA,2026-10-11,williamhill_us,113,2.13,1.31554,,0,0,0.430654,,,,0.133646,False
NFL,Derivatives,H1 Spread,Underdog,nfl|derivatives|2026_05_DEN_LAC|period|spreads_h1|home|2.5|betus,nfl|2026_05_DEN_LAC,2026-10-11,betus,-105,1.95238,1.28619,,0,0,0.488396,,,,0.109038,False
NFL,Derivatives,Q2 Spread,Underdog,nfl|derivatives|2026_05_DEN_LAC|period|spreads_q2|home|0.5|draftkings,nfl|2026_05_DEN_LAC,2026-10-11,draftkings,-115,1.86957,0.761991,,0,0,0.5,,,,0.0830333,False
NFL,Derivatives,Team Total,Over,nfl|derivatives|2026_05_DEN_LAC|period|team_totals:LAC|Over|19.5|fanduel,nfl|2026_05_DEN_LAC,2026-10-11,fanduel,-122,1.81967,1.7422,,0,0,0.520462,,,,0.135705,False
NFL,Derivatives,H1 Spread,Underdog,nfl|derivatives|2026_05_DET_ARI|period|spreads_h1|home|3.5|fanduel,nfl|2026_05_DET_ARI,2026-10-11,fanduel,-110,1.90909,0.934513,,0,0,0.5,,,,0.0842667,False
NFL,Derivatives,Team Total,Under,nfl|derivatives|2026_05_DET_ARI|period|team_totals:ARI|Under|24.5|williamhill_us,nfl|2026_05_DET_ARI,2026-10-11,williamhill_us,-132,1.75758,1.09692,,0,0,0.533224,,,,0.0999762,False
NFL,Derivatives,Team Total,Under,nfl|derivatives|2026_05_DET_ARI|period|team_totals:DET|Under|29.5|fanduel,nfl|2026_05_DET_ARI,2026-10-11,fanduel,-104,1.96154,2.44702,,0,0,0.479538,,,,0.193228,False
NFL,Derivatives,H1 Total,Under,nfl|derivatives|2026_05_DET_ARI|period|totals_h1|Under|27.5|fanduel,nfl|2026_05_DET_ARI,2026-10-11,fanduel,-115,1.86957,2.65208,,0,0,0.511604,,,,0.190862,False
NFL,Derivatives,H2 Total,Under,nfl|derivatives|2026_05_DET_ARI|period|totals_h2|Under|26.5|betrivers,nfl|2026_05_DET_ARI,2026-10-11,betrivers,-112,1.89286,1.26187,,0,0,0.5,,,,0.109167,False
NFL,Derivatives,Q1 Total,Under,nfl|derivatives|2026_05_DET_ARI|period|totals_q1|Under|10.5|betus,nfl|2026_05_DET_ARI,2026-10-11,betus,-135,1.74074,1.81738,,0,0,0.544689,,,,0.134845,False
NFL,Derivatives,Q2 Total,Under,nfl|derivatives|2026_05_DET_ARI|period|totals_q2|Under|16.5|fanduel,nfl|2026_05_DET_ARI,2026-10-11,fanduel,100,2,1.80239,,0,0,0.474624,,,,0.147809,False
NFL,Derivatives,Q3 Total,Under,nfl|derivatives|2026_05_DET_ARI|period|totals_q3|Under|10.5|draftkings,nfl|2026_05_DET_ARI,2026-10-11,draftkings,-125,1.8,1.09159,,0,0,0.522426,,,,0.0990408,False
NFL,Derivatives,Q4 Total,Under,nfl|derivatives|2026_05_DET_ARI|period|totals_q4|Under|15.5|draftkings,nfl|2026_05_DET_ARI,2026-10-11,draftkings,-120,1.83333,1.14778,,0,0,0.511204,,,,0.105129,False
NFL,Derivatives,H1 Spread,Underdog,nfl|derivatives|2026_05_HOU_TEN|period|spreads_h1|home|3.5|fanduel,nfl|2026_05_HOU_TEN,2026-10-11,fanduel,100,2,1.42159,,0,0,0.476771,,,,0.119796,False
NFL,Derivatives,Q1 Spread,Underdog,nfl|derivatives|2026_05_HOU_TEN|period|spreads_q1|home|1.5|fanduel,nfl|2026_05_HOU_TEN,2026-10-11,fanduel,-116,1.86207,0.905659,,0,0,0.511522,,,,0.082478,False
NFL,Derivatives,Q2 Spread,Underdog,nfl|derivatives|2026_05_HOU_TEN|period|spreads_q2|home|2.5|fanduel,nfl|2026_05_HOU_TEN,2026-10-11,fanduel,102,2.02,0.974969,,0,0,0.467954,,,,0.093979,False
NFL,Derivatives,Team Total,Over,nfl|derivatives|2026_05_HOU_TEN|period|team_totals:TEN|Over|15.5|fanduel,nfl|2026_05_HOU_TEN,2026-10-11,fanduel,-125,1.8,1.29254,,0,0,0.526069,,,,0.107531,False
NFL,Derivatives,Team Total,Over,nfl|derivatives|2026_05_IND_PIT|period|team_totals:PIT|Over|23.5|fanduel,nfl|2026_05_IND_PIT,2026-10-11,fanduel,100,2,0.849914,,0,0,0.468353,,,,0.0893806,False
NFL,Derivatives,Team Total,Under,nfl|derivatives|2026_05_LV_NE|period|team_totals:LV|Under|20.5|williamhill_us,nfl|2026_05_LV_NE,2026-10-11,williamhill_us,-120,1.83333,1.27031,,0,0,0.508901,,,,0.114999,False
NFL,Derivatives,Team Total,Under,nfl|derivatives|2026_05_LV_NE|period|team_totals:NE|Under|24.5|fanduel,nfl|2026_05_LV_NE,2026-10-11,fanduel,-118,1.84746,1.16093,,0,0,0.511361,,,,0.102273,False
NFL,Derivatives,H1 Total,Under,nfl|derivatives|2026_05_LV_NE|period|totals_h1|Under|22.5|betrivers,nfl|2026_05_LV_NE,2026-10-11,betrivers,100,2,0.856293,,0,0,0.474624,,,,0.0835426,False
NFL,Derivatives,H2 Total,Under,nfl|derivatives|2026_05_LV_NE|period|totals_h2|Under|22.5|betrivers,nfl|2026_05_LV_NE,2026-10-11,betrivers,-115,1.86957,1.51317,,0,0,0.509217,,,,0.121283,False
NFL,Derivatives,Q4 Total,Under,nfl|derivatives|2026_05_LV_NE|period|totals_q4|Under|12.5|fanduel,nfl|2026_05_LV_NE,2026-10-11,fanduel,-104,1.96154,0.86385,,0,0,0.483865,,,,0.0834685,False
NFL,Derivatives,H1 Spread,Underdog,nfl|derivatives|2026_05_MIN_NO|period|spreads_h1|home|1.5|fanduel,nfl|2026_05_MIN_NO,2026-10-11,fanduel,-120,1.83333,0.854674,,0,0,0.523229,,,,0.0750043,False
NFL,Derivatives,Team Total,Under,nfl|derivatives|2026_05_NYG_WAS|period|team_totals:WAS|Under|24.5|fanduel,nfl|2026_05_NYG_WAS,2026-10-11,fanduel,-128,1.78125,0.773049,,0,0,0.531647,,,,0.0758194,False
NFL,Derivatives,H1 Total,Under,nfl|derivatives|2026_05_PHI_JAX|period|totals_h1|Under|21.5|betrivers,nfl|2026_05_PHI_JAX,2026-10-11,betrivers,-113,1.88496,0.845846,,0,0,0.503443,,,,0.0810232,False
NFL,Derivatives,Q1 Total,Under,nfl|derivatives|2026_05_PHI_JAX|period|totals_q1|Under|7.5|betus,nfl|2026_05_PHI_JAX,2026-10-11,betus,-120,1.83333,0.676545,,0,0,0.511204,,,,0.0760293,False
NFL,Derivatives,H2 Total,Under,nfl|derivatives|2026_05_BUF_LA|period|totals_h2|Under|27.5|fanduel,nfl|2026_05_BUF_LA,2026-10-12,fanduel,-115,1.86957,0.91497,,0,0,0.511604,,,,0.0810955,False
NFL,Derivatives,Q4 Total,Under,nfl|derivatives|2026_05_BUF_LA|period|totals_q4|Under|15.5|draftkings,nfl|2026_05_BUF_LA,2026-10-12,draftkings,-105,1.95238,0.858158,,0,0,0.477574,,,,0.0914925,False
NFL,Mainlines,Total,Under,nfl|main|2026_03_ATL_GB|totals|under|44.5|lowvig,nfl|2026_03_ATL_GB,2026-09-24,lowvig,-104,1.96154,2.38001,L,-1,-2.38001,0.492886,0.54386,0.0509741,0.10342,0.175739,True
NFL,Mainlines,Spread,Favorite,nfl|main|2026_03_ARI_SF|spreads|home|-9.0|lowvig,nfl|2026_03_ARI_SF,2026-09-27,lowvig,105,2.05,1.65069,L,-1,-1.65069,0.475099,,,,0.127802,True
NFL,Mainlines,Total,Under,nfl|main|2026_03_BAL_DAL|totals|under|52.5|bovada,nfl|2026_03_BAL_DAL,2026-09-27,bovada,-105,1.95238,0.827938,L,-1,-0.827938,0.488396,,,,0.0787795,True
NFL,Mainlines,Moneyline,Underdog,nfl|main|2026_03_CAR_CLE|h2h|home|0.0|fanatics,nfl|2026_03_CAR_CLE,2026-09-27,fanatics,130,2.3,0.440106,W,1.3,0.572138,0.411677,,,,0.124697,True
NFL,Mainlines,Spread,Underdog,nfl|main|2026_03_CAR_CLE|spreads|home|2.5|fanatics,nfl|2026_03_CAR_CLE,2026-09-27,fanatics,100,2,1.4699,W,1,1.4699,0.476771,,,,0.123279,True
NFL,Mainlines,Total,Over,nfl|main|2026_03_CIN_PIT|totals|over|42.5|bovada,nfl|2026_03_CIN_PIT,2026-09-27,bovada,-105,1.95238,1.34295,W,0.952381,1.279,0.488396,,,,0.112979,True
NFL,Mainlines,Moneyline,Underdog,nfl|main|2026_03_HOU_IND|h2h|home|0.0|betmgm,nfl|2026_03_HOU_IND,2026-09-27,betmgm,130,2.3,0.840099,W,1.3,1.09213,0.411677,,,,0.217028,True
NFL,Mainlines,Spread,Underdog,nfl|main|2026_03_HOU_IND|spreads|home|2.5|fanduel,nfl|2026_03_HOU_IND,2026-09-27,fanduel,100,2,2.72236,W,1,2.72236,0.474624,,,,0.210676,True
NFL,Mainlines,Total,Over,nfl|main|2026_03_HOU_IND|totals|over|43.0|betrivers,nfl|2026_03_HOU_IND,2026-09-27,betrivers,-112,1.89286,0.899148,L,-1,-0.899148,0.503468,,,,0.0825709,True
NFL,Mainlines,Moneyline,Underdog,nfl|main|2026_03_KC_MIA|h2h|home|0.0|bovada,nfl|2026_03_KC_MIA,2026-09-27,bovada,575,6.75,0.328093,L,-1,-0.328093,0.113243,,,,0.149046,True
NFL,Mainlines,Spread,Underdog,nfl|main|2026_03_KC_MIA|spreads|home|11.5|betrivers,nfl|2026_03_KC_MIA,2026-09-27,betrivers,-112,1.89286,1.21662,L,-1,-1.21662,0.503468,,,,0.102957,True
NFL,Mainlines,Moneyline,Favorite,nfl|main|2026_03_LA_DEN|h2h|away|0.0|betonlineag,nfl|2026_03_LA_DEN,2026-09-27,betonlineag,-128,1.78125,0.397022,L,-1,-0.397022,0.541138,,,,0.09138,True
NFL,Mainlines,Total,Under,nfl|main|2026_03_LA_DEN|totals|under|45.5|williamhill_us,nfl|2026_03_LA_DEN,2026-09-27,williamhill_us,-108,1.92593,0.862047,L,-1,-0.862047,0.495359,,,,0.0802907,True
NFL,Mainlines,Spread,Underdog,nfl|main|2026_03_MIN_TB|spreads|home|1.5|williamhill_us,nfl|2026_03_MIN_TB,2026-09-27,williamhill_us,-106,1.9434,0.819977,L,-1,-0.819977,0.490717,,,,0.0780326,True
NFL,Mainlines,Moneyline,Underdog,nfl|main|2026_03_NE_JAX|h2h|away|0.0|draftkings,nfl|2026_03_NE_JAX,2026-09-27,draftkings,140,2.4,0.658777,L,-1,-0.658777,0.394252,,,,0.179356,True
NFL,Mainlines,Spread,Underdog,nfl|main|2026_03_NE_JAX|spreads|away|3.0|betmgm,nfl|2026_03_NE_JAX,2026-09-27,betmgm,-108,1.92593,2.10299,L,-1,-2.10299,0.497663,,,,0.159204,True
NFL,Mainlines,Total,Over,nfl|main|2026_03_NE_JAX|totals|over|45.5|fanduel,nfl|2026_03_NE_JAX,2026-09-27,fanduel,-105,1.95238,0.81815,L,-1,-0.81815,0.488396,,,,0.0781295,True
NFL,Mainlines,Moneyline,Underdog,nfl|main|2026_03_NYJ_DET|h2h|away|0.0|fanduel,nfl|2026_03_NYJ_DET,2026-09-27,fanduel,270,3.7,0.498473,L,-1,-0.498473,0.244896,,,,0.173929,True
NFL,Mainlines,Spread,Underdog,nfl|main|2026_03_NYJ_DET|spreads|away|6.5|mybookieag,nfl|2026_03_NYJ_DET,2026-09-27,mybookieag,100,2,1.60249,L,-1,-1.60249,0.476771,,,,0.132304,True
NFL,Mainlines,Total,Under,nfl|main|2026_03_NYJ_DET|totals|under|48.0|bovada,nfl|2026_03_NYJ_DET,2026-09-27,bovada,-105,1.95238,0.707682,L,-1,-0.707682,0.488396,,,,0.0707937,True
NFL,Mainlines,Total,Over,nfl|main|2026_03_TEN_NYG|totals|over|40.0|betrivers,nfl|2026_03_TEN_NYG,2026-09-27,betrivers,-112,1.89286,1.28482,L,-1,-1.28482,0.503468,,,,0.107336,True
NFL,Mainlines,Moneyline,Underdog,nfl|main|2026_03_PHI_CHI|h2h|home|0.0|mybookieag,nfl|2026_03_PHI_CHI,2026-09-28,mybookieag,146,2.46,0.630226,W,1.46,0.920129,0.371758,,,,0.187501,True
NFL,Mainlines,Spread,Underdog,nfl|main|2026_03_PHI_CHI|spreads|home|3.0|lowvig,nfl|2026_03_PHI_CHI,2026-09-28,lowvig,104,2.04,2.23748,W,1.04,2.32698,0.477395,,,,0.168083,True
NFL,Mainlines,Total,Over,nfl|main|2026_03_PHI_CHI|totals|over|43.5|fanduel,nfl|2026_03_PHI_CHI,2026-09-28,fanduel,-105,1.95238,0.806103,L,-1,-0.806103,0.488396,,,,0.0773295,True
NFL,Mainlines,Spread,Underdog,nfl|main|2026_04_PIT_CLE|spreads|home|3.0|betmgm,nfl|2026_04_PIT_CLE,2026-10-01,betmgm,-125,1.8,0.759216,W,0.8,0.607373,0.522426,0.50722,-0.0152054,-0.0291053,0.0792714,False
NFL,Mainlines,Total,Over,nfl|main|2026_04_PIT_CLE|totals|over|38.5|fanduel,nfl|2026_04_PIT_CLE,2026-10-01,fanduel,-102,1.98039,0.837199,W,0.980392,0.820783,0.479247,0.476051,-0.00319613,-0.00666907,0.0823777,False
NFL,Mainlines,Spread,Underdog,nfl|main|2026_04_ARI_NYG|spreads|home|1.0|bovada,nfl|2026_04_ARI_NYG,2026-10-04,bovada,-105,1.95238,0.912336,W,0.952381,0.868891,0.488396,0.443554,-0.0448419,-0.0918147,0.0846567,False
NFL,Mainlines,Total,Under,nfl|main|2026_04_DAL_HOU|totals|under|47.5|draftkings,nfl|2026_04_DAL_HOU,2026-10-04,draftkings,-105,1.95238,0.783751,L,-1,-0.783751,0.488396,0.468097,-0.0202989,-0.0415623,0.0760795,False
NFL,Mainlines,Moneyline,Favorite,nfl|main|2026_04_DEN_SF|h2h|home|0.0|fanduel,nfl|2026_04_DEN_SF,2026-10-04,fanduel,-142,1.70423,0.485745,W,0.704225,0.342074,0.567437,0.590915,0.0234784,0.0413763,0.101683,False
NFL,Mainlines,Spread,Favorite,nfl|main|2026_04_DEN_SF|spreads|home|-3.0|betus,nfl|2026_04_DEN_SF,2026-10-04,betus,100,2,1.12575,W,1,1.12575,0.476771,0.488396,0.0116246,0.0243819,0.100199,False
NFL,Mainlines,Total,Under,nfl|main|2026_04_DET_CAR|totals|under|50.5|draftkings,nfl|2026_04_DET_CAR,2026-10-04,draftkings,-108,1.92593,2.06897,L,-1,-2.06897,0.495359,0.450345,-0.0450145,-0.0908725,0.159891,False
NFL,Mainlines,Total,Over,nfl|main|2026_04_GB_TB|totals|over|39.5|lowvig,nfl|2026_04_GB_TB,2026-10-04,lowvig,-105,1.95238,1.36055,L,-1,-1.36055,0.495257,0.486391,-0.00886639,-0.0179026,0.107693,False
NFL,Mainlines,Moneyline,Underdog,nfl|main|2026_04_IND_WAS|h2h|home|0.0|fanduel,nfl|2026_04_IND_WAS,2026-10-04,fanduel,166,2.66,0.418569,L,-1,-0.418569,0.3529,0.315579,-0.0373215,-0.105756,0.130198,False
NFL,Mainlines,Spread,Underdog,nfl|main|2026_04_IND_WAS|spreads|home|3.0|lowvig,nfl|2026_04_IND_WAS,2026-10-04,lowvig,112,2.12,1.64588,L,-1,-1.64588,0.459632,0.421392,-0.0382405,-0.0831981,0.130968,False
NFL,Mainlines,Total,Under,nfl|main|2026_04_IND_WAS|totals|under|47.0|williamhill_us,nfl|2026_04_IND_WAS,2026-10-04,williamhill_us,-109,1.91743,1.53362,W,0.917431,1.40699,0.496532,0.508971,0.0124387,0.0250511,0.125341,False
NFL,Mainlines,Moneyline,Underdog,nfl|main|2026_04_KC_LV|h2h|home|0.0|draftkings,nfl|2026_04_KC_LV,2026-10-04,draftkings,185,2.85,0.233978,L,-1,-0.233978,0.325617,0.325617,0,0,0.0875665,False
NFL,Mainlines,Spread,Underdog,nfl|main|2026_04_KC_LV|spreads|home|4.5|betrivers,nfl|2026_04_KC_LV,2026-10-04,betrivers,-108,1.92593,1.01371,W,0.925926,0.938624,0.49422,0.49422,0,0,0.0916553,False
NFL,Mainlines,Total,Over,nfl|main|2026_04_LA_PHI|totals|over|44.0|betmgm,nfl|2026_04_LA_PHI,2026-10-04,betmgm,-110,1.90909,1.03844,P,0,0,0.502337,0.473753,-0.0285838,-0.0569017,0.0890921,False
NFL,Mainlines,Moneyline,Underdog,nfl|main|2026_04_MIA_MIN|h2h|away|0.0|draftkings,nfl|2026_04_MIA_MIN,2026-10-04,draftkings,525,6.25,0.30684,L,-1,-0.30684,0.130049,0.171275,0.0412253,0.316998,0.135687,False
NFL,Mainlines,Spread,Underdog,nfl|main|2026_04_MIA_MIN|spreads|away|11.5|betrivers,nfl|2026_04_MIA_MIN,2026-10-04,betrivers,-109,1.91743,2.11215,W,0.917431,1.93775,0.496532,0.569017,0.0724855,0.145984,0.163193,False
NFL,Mainlines,Total,Over,nfl|main|2026_04_MIA_MIN|totals|over|38.5|lowvig,nfl|2026_04_MIA_MIN,2026-10-04,lowvig,-104,1.96154,2.00981,L,-1,-2.00981,0.492886,0.486391,-0.00649463,-0.0131768,0.151639,False
NFL,Mainlines,Moneyline,Underdog,nfl|main|2026_04_NE_BUF|h2h|away|0.0|fanduel,nfl|2026_04_NE_BUF,2026-10-04,fanduel,265,3.65,0.21602,W,2.65,0.572454,0.248017,0.23725,-0.0107667,-0.0434111,0.0902958,False
NFL,Mainlines,Spread,Underdog,nfl|main|2026_04_NE_BUF|spreads|away|6.5|betmgm,nfl|2026_04_NE_BUF,2026-10-04,betmgm,-102,1.98039,1.0296,W,0.980392,1.00942,0.481425,0.488863,0.00743847,0.0154509,0.0932255,False
NFL,Mainlines,Total,Under,nfl|main|2026_04_ATL_NO|totals|under|48.5|draftkings,nfl|2026_04_ATL_NO,2026-10-05,draftkings,-108,1.92593,1.69516,L,-1,-1.69516,0.495359,0.523949,0.0285895,0.0577147,0.135316,False
NFL,Mainlines,Moneyline,Underdog,nfl|main|2026_05_TB_DAL|h2h|away|0.0|mybookieag,nfl|2026_05_TB_DAL,2026-10-08,mybookieag,400,5,0.219143,,0,0,0.166829,,,,0.104624,False
NFL,Mainlines,Spread,Underdog,nfl|main|2026_05_TB_DAL|spreads|away|8.5|draftkings,nfl|2026_05_TB_DAL,2026-10-08,draftkings,-108,1.92593,0.910488,,0,0,0.495359,,,,0.0833407,False
NFL,Mainlines,Total,Under,nfl|main|2026_05_TB_DAL|totals|under|47.5|draftkings,nfl|2026_05_TB_DAL,2026-10-08,draftkings,-105,1.95238,1.67726,,0,0,0.488396,,,,0.134954,False
NFL,Mainlines,Moneyline,Favorite,nfl|main|2026_05_BAL_ATL|h2h|home|0.0|betrivers,nfl|2026_05_BAL_ATL,2026-10-11,betrivers,-141,1.70922,0.933421,,0,0,0.562485,,,,0.180434,False
NFL,Mainlines,Spread,Favorite,nfl|main|2026_05_BAL_ATL|spreads|home|-3.0|betus,nfl|2026_05_BAL_ATL,2026-10-11,betus,100,2,2.33795,,0,0,0.476771,,,,0.182042,False
NFL,Mainlines,Total,Under,nfl|main|2026_05_BAL_ATL|totals|under|44.5|betrivers,nfl|2026_05_BAL_ATL,2026-10-11,betrivers,-113,1.88496,1.44959,,0,0,0.50578,,,,0.117195,False
NFL,Mainlines,Moneyline,Underdog,nfl|main|2026_05_CHI_GB|h2h|home|0.0|betmgm,nfl|2026_05_CHI_GB,2026-10-11,betmgm,135,2.35,0.87208,,0,0,0.407392,,,,0.222326,False
NFL,Mainlines,Spread,Underdog,nfl|main|2026_05_CHI_GB|spreads|home|3.0|betus,nfl|2026_05_CHI_GB,2026-10-11,betus,-115,1.86957,3.0979,,0,0,0.511604,,,,0.219033,False
NFL,Mainlines,Total,Under,nfl|main|2026_05_CHI_GB|totals|under|45.5|williamhill_us,nfl|2026_05_CHI_GB,2026-10-11,williamhill_us,-108,1.92593,1.00541,,0,0,0.495359,,,,0.0895407,False
NFL,Mainlines,Moneyline,Underdog,nfl|main|2026_05_CIN_MIA|h2h|home|0.0|williamhill_us,nfl|2026_05_CIN_MIA,2026-10-11,williamhill_us,305,4.05,0.397318,,0,0,0.219324,,,,0.149541,False
NFL,Mainlines,Spread,Underdog,nfl|main|2026_05_CIN_MIA|spreads|home|7.0|betus,nfl|2026_05_CIN_MIA,2026-10-11,betus,-105,1.95238,1.80451,,0,0,0.488396,,,,0.143388,False
NFL,Mainlines,Moneyline,Underdog,nfl|main|2026_05_DEN_LAC|h2h|home|0.0|betmgm,nfl|2026_05_DEN_LAC,2026-10-11,betmgm,155,2.55,0.455569,,0,0,0.365407,,,,0.139612,False
NFL,Mainlines,Spread,Underdog,nfl|main|2026_05_DEN_LAC|spreads|home|3.5|betrivers,nfl|2026_05_DEN_LAC,2026-10-11,betrivers,-107,1.93458,1.89874,,0,0,0.491907,,,,0.149618,False
NFL,Mainlines,Total,Over,nfl|main|2026_05_DEN_LAC|totals|over|42.0|lowvig,nfl|2026_05_DEN_LAC,2026-10-11,lowvig,-102,1.98039,1.60107,,0,0,0.487001,,,,0.125631,False
NFL,Mainlines,Moneyline,Underdog,nfl|main|2026_05_DET_ARI|h2h|home|0.0|betus,nfl|2026_05_DET_ARI,2026-10-11,betus,203,3.03,0.253168,,0,0,0.308749,,,,0.0904136,False
NFL,Mainlines,Spread,Underdog,nfl|main|2026_05_DET_ARI|spreads|home|5.0|williamhill_us,nfl|2026_05_DET_ARI,2026-10-11,williamhill_us,-105,1.95238,1.12406,,0,0,0.49179,,,,0.0948983,False
NFL,Mainlines,Total,Under,nfl|main|2026_05_DET_ARI|totals|under|54.0|betmgm,nfl|2026_05_DET_ARI,2026-10-11,betmgm,-110,1.90909,2.71019,,0,0,0.488796,,,,0.210346,False
NFL,Mainlines,Moneyline,Underdog,nfl|main|2026_05_HOU_TEN|h2h|home|0.0|fanduel,nfl|2026_05_HOU_TEN,2026-10-11,fanduel,265,3.65,0.345391,,0,0,0.248017,,,,0.12816,False
NFL,Mainlines,Spread,Underdog,nfl|main|2026_05_HOU_TEN|spreads|home|7.0|mybookieag,nfl|2026_05_HOU_TEN,2026-10-11,mybookieag,-110,1.90909,1.84561,,0,0,0.5,,,,0.143209,False
NFL,Mainlines,Total,Over,nfl|main|2026_05_IND_PIT|totals|over|44.5|fanduel,nfl|2026_05_IND_PIT,2026-10-11,fanduel,-104,1.96154,0.704182,,0,0,0.483865,,,,0.0728351,False
NFL,Mainlines,Total,Under,nfl|main|2026_05_LV_NE|totals|under|45.5|betmgm,nfl|2026_05_LV_NE,2026-10-11,betmgm,-110,1.90909,2.007,,0,0,0.502337,,,,0.151313,False
NFL,Mainlines,Spread,Underdog,nfl|main|2026_05_PHI_JAX|spreads|away|7.0|betonlineag,nfl|2026_05_PHI_JAX,2026-10-11,betonlineag,-110,1.90909,0.946642,,0,0,0.5,,,,0.0850513,False
NFL,Mainlines,Total,Under,nfl|main|2026_05_BUF_LA|totals|under|54.5|draftkings,nfl|2026_05_BUF_LA,2026-10-12,draftkings,-105,1.95238,0.994089,,0,0,0.488396,,,,0.0896795,False
NFL,Props,Anytime TD,Yes,nfl|props|2026_03_ATL_GB|props|anytime_td|00-0039811|Yes|0.5|betmgm,nfl|2026_03_ATL_GB,2026-09-24,betmgm,220,3.2,0.126486,L,-1,-0.126486,,,,,0.0238161,True
NFL,Props,Pass Yds,Under,nfl|props|2026_03_ATL_GB|props|pass_yds|00-0039917|Under|209.5|betonlineag,nfl|2026_03_ATL_GB,2026-09-24,betonlineag,-110,1.90909,1.26965,L,-1,-1.26965,0.490975,0.490975,0,0,0.115626,True
NFL,Props,Reception Yds,Under,nfl|props|2026_03_ATL_GB|props|reception_yds|00-0037238|Under|61.5|bovada,nfl|2026_03_ATL_GB,2026-09-24,bovada,110,2.1,1.60931,L,-1,-1.60931,0.440173,0.440173,0,0,0.151452,True
NFL,Props,Reception Yds,Under,nfl|props|2026_03_ATL_GB|props|reception_yds|00-0038090|Under|10.5|fanduel,nfl|2026_03_ATL_GB,2026-09-24,fanduel,-106,1.9434,2.68616,L,-1,-2.68616,0.484091,0.484091,0,0,0.209034,True
NFL,Props,Reception Yds,Under,nfl|props|2026_03_ATL_GB|props|reception_yds|00-0038542|Under|41.5|draftkings,nfl|2026_03_ATL_GB,2026-09-24,draftkings,-115,1.86957,2.07822,W,0.869565,1.80715,0.506863,0.506863,0,0,0.160387,True
NFL,Props,Receptions,Under,nfl|props|2026_03_ATL_GB|props|receptions|00-0036970|Under|3.5|bovada,nfl|2026_03_ATL_GB,2026-09-24,bovada,-105,1.95238,1.88987,W,0.952381,1.79987,0.477574,0.477574,0,0,0.160862,True
NFL,Props,Receptions,Under,nfl|props|2026_03_ATL_GB|props|receptions|00-0037238|Under|5.5|bovada,nfl|2026_03_ATL_GB,2026-09-24,bovada,-120,1.83333,2.89255,L,-1,-2.89255,0.511204,0.511204,0,0,0.214296,True
NFL,Props,Receptions,Under,nfl|props|2026_03_ATL_GB|props|receptions|00-0038090|Under|1.5|betmgm,nfl|2026_03_ATL_GB,2026-09-24,betmgm,-165,1.60606,2.61218,L,-1,-2.61218,0.592153,0.574047,-0.0181059,-0.0305764,0.165472,True
NFL,Props,Rush Attempts,Over,nfl|props|2026_03_ATL_GB|props|rush_attempts|00-0039811|Over|7.5|draftkings,nfl|2026_03_ATL_GB,2026-09-24,draftkings,107,2.07,2.35287,L,-1,-2.35287,0.451059,0.451059,0,0,0.198579,True
NFL,Props,Rush Attempts,Alt Over,nfl|props|2026_03_ATL_GB|props|rush_attempts|00-0039811|Over|9.5|draftkings,nfl|2026_03_ATL_GB,2026-09-24,draftkings,288,3.88,2.11047,L,-1,-2.11047,,,,,0.214518,True
NFL,Props,Rush Attempts,Under,nfl|props|2026_03_ATL_GB|props|rush_attempts|00-0040142|Under|9.5|betonlineag,nfl|2026_03_ATL_GB,2026-09-24,betonlineag,100,2,5.24112,W,1,5.24112,0.466316,0.466316,0,0,0.392538,True
NFL,Props,Rush Yds,Over,nfl|props|2026_03_ATL_GB|props|rush_yds|00-0039811|Over|23.5|draftkings,nfl|2026_03_ATL_GB,2026-09-24,draftkings,-113,1.88496,2.05164,L,-1,-2.05164,0.502288,0.502288,0,0,0.160129,True
NFL,Props,Rush Yds,Under,nfl|props|2026_03_ATL_GB|props|rush_yds|00-0040142|Under|32.5|bovada,nfl|2026_03_ATL_GB,2026-09-24,bovada,125,2.25,4.32022,W,1.25,5.40028,0.407847,0.399382,-0.00846545,-0.0207564,0.365266,True
NFL,Props,Anytime TD,Yes,nfl|props|2026_03_ARI_SF|props|anytime_td|00-0038559|Yes|0.5|fanatics,nfl|2026_03_ARI_SF,2026-09-27,fanatics,325,4.25,0.2271,W,3.25,0.738076,,,,,0.0475626,True
NFL,Props,Anytime TD,Yes,nfl|props|2026_03_ARI_SF|props|anytime_td|00-0041052|Yes|0.5|fanatics,nfl|2026_03_ARI_SF,2026-09-27,fanatics,310,4.1,0.273048,L,-1,-0.273048,,,,,0.0565419,True
NFL,Props,Pass Yds,Under,nfl|props|2026_03_ARI_SF|props|pass_yds|00-0033119|Under|225.5|betrivers,nfl|2026_03_ARI_SF,2026-09-27,betrivers,-114,1.87719,1.07117,L,-1,-1.07117,0.496651,,,,0.104603,True
NFL,Props,Pass Yds,Over,nfl|props|2026_03_ARI_SF|props|pass_yds|00-0037834|Over|235.5|fanatics,nfl|2026_03_ARI_SF,2026-09-27,fanatics,-110,1.90909,1.02294,W,0.909091,0.929946,0.488796,,,,0.101718,True
NFL,Props,Receptions,Under,nfl|props|2026_03_ARI_SF|props|receptions|00-0037744|Under|7.5|bovada,nfl|2026_03_ARI_SF,2026-09-27,bovada,-145,1.68966,2.85435,L,-1,-2.85435,0.559827,0.533684,-0.0261435,-0.0466993,0.191548,True
NFL,Props,Anytime TD,Yes,nfl|props|2026_03_BAL_DAL|props|anytime_td|00-0032398|Yes|0.5|betmgm,nfl|2026_03_BAL_DAL,2026-09-27,betmgm,700,8,0.133564,W,7,0.934945,,,,,0.0320074,True
NFL,Props,Anytime TD,Yes,nfl|props|2026_03_BAL_DAL|props|anytime_td|00-0034975|Yes|0.5|betrivers,nfl|2026_03_BAL_DAL,2026-09-27,betrivers,500,6,0.239539,L,-1,-0.239539,,,,,0.0546699,True
NFL,Props,Anytime TD,Yes,nfl|props|2026_03_BAL_DAL|props|anytime_td|00-0039410|Yes|0.5|bovada,nfl|2026_03_BAL_DAL,2026-09-27,bovada,400,5,0.167707,L,-1,-0.167707,,,,,0.0367448,True
NFL,Props,Pass Completions,Under,nfl|props|2026_03_BAL_DAL|props|pass_completions|00-0034796|Under|19.5|betonlineag,nfl|2026_03_BAL_DAL,2026-09-27,betonlineag,-120,1.83333,1.67558,W,0.833333,1.39631,0.51354,0.51354,0,0,0.13621,True
NFL,Props,Receptions,Under,nfl|props|2026_03_BAL_DAL|props|receptions|00-0036358|Under|6.5|draftkings,nfl|2026_03_BAL_DAL,2026-09-27,draftkings,-101,1.9901,1.98883,L,-1,-1.98883,0.471657,0.497728,0.0260715,0.0552765,0.166326,True
NFL,Props,Receptions,Under,nfl|props|2026_03_BAL_DAL|props|receptions|00-0038041|Under|3.5|draftkings,nfl|2026_03_BAL_DAL,2026-09-27,draftkings,102,2.02,2.16098,W,1.02,2.2042,0.463858,0.458457,-0.00540073,-0.0116431,0.180617,True
NFL,Props,Receptions,Under,nfl|props|2026_03_BAL_DAL|props|receptions|00-0039064|Under|5.5|bovada,nfl|2026_03_BAL_DAL,2026-09-27,bovada,-160,1.625,4.09145,W,0.625,2.55716,0.583305,,,,0.24757,True
NFL,Props,Rush Attempts,Over,nfl|props|2026_03_BAL_DAL|props|rush_attempts|00-0032764|Over|18.5|bovada,nfl|2026_03_BAL_DAL,2026-09-27,bovada,-105,1.95238,2.47539,W,0.952381,2.35751,0.477574,0.477574,0,0,0.199974,True
NFL,Props,Rush Attempts,Alt Over,nfl|props|2026_03_BAL_DAL|props|rush_attempts|00-0032764|Over|21.5|draftkings,nfl|2026_03_BAL_DAL,2026-09-27,draftkings,231,3.31,2.52844,W,2.31,5.84069,,,,,0.241635,True
NFL,Props,Rush Attempts,Under,nfl|props|2026_03_BAL_DAL|props|rush_attempts|00-0036997|Under|14.5|fanatics,nfl|2026_03_BAL_DAL,2026-09-27,fanatics,-110,1.90909,1.91582,L,-1,-1.91582,0.488796,0.488796,0,0,0.159941,True
NFL,Props,Rush Yds,Under,nfl|props|2026_03_BAL_DAL|props|rush_yds|00-0034796|Under|33.5|bovada,nfl|2026_03_BAL_DAL,2026-09-27,bovada,120,2.2,2.23603,L,-1,-2.23603,0.416695,,,,0.204867,True
NFL,Props,Rush Yds,Under,nfl|props|2026_03_BAL_DAL|props|rush_yds|00-0036997|Under|52.5|bovada,nfl|2026_03_BAL_DAL,2026-09-27,bovada,120,2.2,1.6662,L,-1,-1.6662,0.416695,,,,0.162305,True
NFL,Props,Anytime TD,Yes,nfl|props|2026_03_CAR_CLE|props|anytime_td|00-0036407|Yes|0.5|betmgm,nfl|2026_03_CAR_CLE,2026-09-27,betmgm,525,6.25,0.106112,L,-1,-0.106112,,,,,0.0244116,True
NFL,Props,Anytime TD,Yes,nfl|props|2026_03_CAR_CLE|props|anytime_td|00-0040663|Yes|0.5|fanatics,nfl|2026_03_CAR_CLE,2026-09-27,fanatics,275,3.75,0.127867,W,2.75,0.351635,,,,,0.0256812,True
NFL,Props,Anytime TD,Yes,nfl|props|2026_03_CAR_CLE|props|anytime_td|00-0041547|Yes|0.5|fanatics,nfl|2026_03_CAR_CLE,2026-09-27,fanatics,340,4.4,0.227741,L,-1,-0.227741,,,,,0.0481971,True
NFL,Props,Pass Attempts,Under,nfl|props|2026_03_CAR_CLE|props|pass_attempts|00-0039150|Under|33.5|fanatics,nfl|2026_03_CAR_CLE,2026-09-27,fanatics,-120,1.83333,1.58873,L,-1,-1.58873,0.511204,,,,0.13314,True
NFL,Props,Pass Rush Yds,Under,nfl|props|2026_03_CAR_CLE|props|pass_rush_yds|00-0039150|Under|246.5|draftkings,nfl|2026_03_CAR_CLE,2026-09-27,draftkings,-114,1.87719,1.92865,L,-1,-1.92865,0.502272,,,,0.153852,True
NFL,Props,Pass Yds,Under,nfl|props|2026_03_CAR_CLE|props|pass_yds|00-0039150|Under|227.5|draftkings,nfl|2026_03_CAR_CLE,2026-09-27,draftkings,-113,1.88496,1.98697,L,-1,-1.98697,0.502288,,,,0.155972,True
NFL,Props,Reception Yds,Under,nfl|props|2026_03_CAR_CLE|props|reception_yds|00-0036555|Under|15.5|draftkings,nfl|2026_03_CAR_CLE,2026-09-27,draftkings,-114,1.87719,2.91906,L,-1,-2.91906,0.504575,,,,0.214925,True
NFL,Props,Reception Yds,Under,nfl|props|2026_03_CAR_CLE|props|reception_yds|00-0039491|Under|60.5|bovada,nfl|2026_03_CAR_CLE,2026-09-27,bovada,-110,1.90909,1.92368,W,0.909091,1.7488,0.488796,,,,0.160454,True
NFL,Props,Reception Yds,Under,nfl|props|2026_03_CAR_CLE|props|reception_yds|00-0040124|Under|60.5|fanatics,nfl|2026_03_CAR_CLE,2026-09-27,fanatics,-110,1.90909,1.92368,W,0.909091,1.7488,0.488796,0.488796,0,0,0.160454,True
NFL,Props,Receptions,Under,nfl|props|2026_03_CAR_CLE|props|receptions|00-0036555|Under|2.5|fanduel,nfl|2026_03_CAR_CLE,2026-09-27,fanduel,-140,1.71429,2.44563,L,-1,-2.44563,0.550664,0.5,-0.0506639,-0.0920051,0.172211,True
NFL,Props,Rush Attempts,Under,nfl|props|2026_03_CAR_CLE|props|rush_attempts|00-0033537|Under|5.5|draftkings,nfl|2026_03_CAR_CLE,2026-09-27,draftkings,107,2.07,1.82517,L,-1,-1.82517,0.452027,0.468353,0.0163257,0.0361167,0.160258,True
NFL,Props,Rush Attempts,Under,nfl|props|2026_03_CAR_CLE|props|rush_attempts|00-0036555|Under|17.5|draftkings,nfl|2026_03_CAR_CLE,2026-09-27,draftkings,-124,1.80645,3.08406,L,-1,-3.08406,0.523796,,,,0.218313,True
NFL,Props,Rush Attempts,Under,nfl|props|2026_03_CAR_CLE|props|rush_attempts|00-0039150|Under|3.5|draftkings,nfl|2026_03_CAR_CLE,2026-09-27,draftkings,-103,1.97087,2.35065,W,0.970874,2.28218,0.476204,0.492021,0.015817,0.0332147,0.189753,True
NFL,Props,Rush Yds,Under,nfl|props|2026_03_CAR_CLE|props|rush_yds|00-0036555|Under|72.5|draftkings,nfl|2026_03_CAR_CLE,2026-09-27,draftkings,-114,1.87719,2.4876,L,-1,-2.4876,0.504575,,,,0.187316,True
NFL,Props,Anytime TD,Yes,nfl|props|2026_03_CIN_PIT|props|anytime_td|00-0034829|Yes|0.5|bovada,nfl|2026_03_CIN_PIT,2026-09-27,bovada,500,6,0.249606,W,5,1.24803,,,,,0.0569676,True
NFL,Props,Anytime TD,Yes,nfl|props|2026_03_CIN_PIT|props|anytime_td|00-0036410|Yes|0.5|fanatics,nfl|2026_03_CIN_PIT,2026-09-27,fanatics,190,2.9,0.363388,W,1.9,0.690438,,,,,0.0326025,True
NFL,Props,Anytime TD,Yes,nfl|props|2026_03_CIN_PIT|props|anytime_td|00-0038597|Yes|0.5|fanatics,nfl|2026_03_CIN_PIT,2026-09-27,fanatics,-110,1.90909,0.522408,L,-1,-0.522408,,,,,0.0340655,True
NFL,Props,Anytime TD,Yes,nfl|props|2026_03_CIN_PIT|props|anytime_td|00-0041489|Yes|0.5|betrivers,nfl|2026_03_CIN_PIT,2026-09-27,betrivers,650,7.5,0.240291,L,-1,-0.240291,,,,,0.0570352,True
NFL,Props,Pass TDs,Over,nfl|props|2026_03_CIN_PIT|props|pass_tds|00-0036442|Over|1.5|fanduel,nfl|2026_03_CIN_PIT,2026-09-27,fanduel,-102,1.98039,0.987217,W,0.980392,0.96786,0.468788,0.48646,0.0176727,0.0376986,0.103087,True
NFL,Props,Reception Yds,Under,nfl|props|2026_03_CIN_PIT|props|reception_yds|00-0036894|Under|36.5|betrivers,nfl|2026_03_CIN_PIT,2026-09-27,betrivers,-118,1.84746,2.81523,W,0.847458,2.38579,0.505582,0.505582,0,0,0.212543,True
NFL,Props,Receptions,Under,nfl|props|2026_03_CIN_PIT|props|receptions|00-0036894|Under|3.5|betonlineag,nfl|2026_03_CIN_PIT,2026-09-27,betonlineag,115,2.15,3.55663,W,1.15,4.09013,0.431222,0.431222,0,0,0.294403,True
NFL,Props,Receptions,Over,nfl|props|2026_03_CIN_PIT|props|receptions|00-0038597|Over|3.5|draftkings,nfl|2026_03_CIN_PIT,2026-09-27,draftkings,112,2.12,1.62444,L,-1,-1.62444,0.438923,0.456293,0.0173699,0.039574,0.150295,True
NFL,Props,Anytime TD,Yes,nfl|props|2026_03_HOU_IND|props|anytime_td|00-0035535|Yes|0.5|betrivers,nfl|2026_03_HOU_IND,2026-09-27,betrivers,550,6.5,0.222685,V,0,0,,,,,0.0516054,True
NFL,Props,Anytime TD,Yes,nfl|props|2026_03_HOU_IND|props|anytime_td|00-0036223|Yes|0.5|betmgm,nfl|2026_03_HOU_IND,2026-09-27,betmgm,-145,1.68966,0.65819,L,-1,-0.65819,,,,,0.0367883,True
NFL,Props,Anytime TD,Yes,nfl|props|2026_03_HOU_IND|props|anytime_td|00-0040583|Yes|0.5|betmgm,nfl|2026_03_HOU_IND,2026-09-27,betmgm,270,3.7,0.269443,W,2.7,0.727497,,,,,0.0538497,True
NFL,Props,Pass Attempts,Over,nfl|props|2026_03_HOU_IND|props|pass_attempts|00-0039163|Over|32.5|fanatics,nfl|2026_03_HOU_IND,2026-09-27,fanatics,-105,1.95238,3.06819,L,-1,-3.06819,0.477574,0.522426,0.0448516,0.0939155,0.239573,True
NFL,Props,Pass Completions,Over,nfl|props|2026_03_HOU_IND|props|pass_completions|00-0039163|Over|20.5|bovada,nfl|2026_03_HOU_IND,2026-09-27,bovada,-105,1.95238,2.16129,L,-1,-2.16129,0.477574,0.533684,0.0561093,0.117488,0.178993,True
NFL,Props,Pass Rush Yds,Over,nfl|props|2026_03_HOU_IND|props|pass_rush_yds|00-0035710|Over|230.5|betrivers,nfl|2026_03_HOU_IND,2026-09-27,betrivers,-114,1.87719,2.28435,W,0.877193,2.00381,0.498876,,,,0.180009,True
NFL,Props,Pass Yds,Over,nfl|props|2026_03_HOU_IND|props|pass_yds|00-0035710|Over|220.5|betonlineag,nfl|2026_03_HOU_IND,2026-09-27,betonlineag,-111,1.9009,1.05528,W,0.900901,0.950698,0.494341,,,,0.100213,True
NFL,Props,Reception Yds,Under,nfl|props|2026_03_HOU_IND|props|reception_yds|00-0038608|Under|35.5|betrivers,nfl|2026_03_HOU_IND,2026-09-27,betrivers,-113,1.88496,2.33292,W,0.884956,2.06453,0.494418,,,,0.186082,True
NFL,Props,Reception Yds,Under,nfl|props|2026_03_HOU_IND|props|reception_yds|00-0038997|Under|53.5|betrivers,nfl|2026_03_HOU_IND,2026-09-27,betrivers,-118,1.84746,1.91379,L,-1,-1.91379,0.505582,,,,0.155918,True
NFL,Props,Reception Yds,Under,nfl|props|2026_03_HOU_IND|props|reception_yds|00-0040138|Under|25.5|betrivers,nfl|2026_03_HOU_IND,2026-09-27,betrivers,-117,1.8547,4.6245,W,0.854701,3.95257,0.503349,0.503349,0,0,0.327651,True
NFL,Props,Receptions,Under,nfl|props|2026_03_HOU_IND|props|receptions|00-0034383|Under|5.5|draftkings,nfl|2026_03_HOU_IND,2026-09-27,draftkings,-135,1.74074,2.83212,W,0.740741,2.09787,0.545851,0.557204,0.0113536,0.0207999,0.193649,True
NFL,Props,Receptions,Under,nfl|props|2026_03_HOU_IND|props|receptions|00-0036223|Under|2.5|betonlineag,nfl|2026_03_HOU_IND,2026-09-27,betonlineag,125,2.25,2.15047,W,1.25,2.68809,0.40866,0.403521,-0.00513848,-0.012574,0.199385,True
NFL,Props,Receptions,Under,nfl|props|2026_03_HOU_IND|props|receptions|00-0038608|Under|2.5|fanduel,nfl|2026_03_HOU_IND,2026-09-27,fanduel,-104,1.96154,2.48157,W,0.961538,2.38613,0.473261,0.473261,0,0,0.203122,True
NFL,Props,Receptions,Under,nfl|props|2026_03_HOU_IND|props|receptions|00-0038997|Under|5.5|draftkings,nfl|2026_03_HOU_IND,2026-09-27,draftkings,-156,1.64103,2.9257,W,0.641026,1.87545,0.581852,,,,0.184023,True
NFL,Props,Receptions,Under,nfl|props|2026_03_HOU_IND|props|receptions|00-0040128|Under|4.5|fanduel,nfl|2026_03_HOU_IND,2026-09-27,fanduel,104,2.04,1.69894,L,-1,-1.69894,0.453579,0.453579,0,0,0.155223,True
NFL,Props,Receptions,Under,nfl|props|2026_03_HOU_IND|props|receptions|00-0040138|Under|2.5|betonlineag,nfl|2026_03_HOU_IND,2026-09-27,betonlineag,-133,1.75188,4.89283,W,0.75188,3.67882,0.540352,0.547794,0.00744194,0.0137724,0.318023,True
NFL,Props,Rush Attempts,Under,nfl|props|2026_03_HOU_IND|props|rush_attempts|00-0035685|Under|12.5|draftkings,nfl|2026_03_HOU_IND,2026-09-27,draftkings,-128,1.78125,2.65551,W,0.78125,2.07462,0.532885,0.545851,0.0129656,0.0243309,0.18801,True
NFL,Props,Rush Attempts,Alt Over,nfl|props|2026_03_HOU_IND|props|rush_attempts|00-0040583|Over|11.5|draftkings,nfl|2026_03_HOU_IND,2026-09-27,draftkings,322,4.22,2.89777,L,-1,-2.89777,,,,,0.302783,True
NFL,Props,Rush Attempts,Over,nfl|props|2026_03_HOU_IND|props|rush_attempts|00-0040583|Over|8.5|draftkings,nfl|2026_03_HOU_IND,2026-09-27,draftkings,-118,1.84746,3.26002,L,-1,-3.26002,0.511361,0.494301,-0.0170597,-0.0333614,0.234704,True
NFL,Props,Rush Yds,Under,nfl|props|2026_03_HOU_IND|props|rush_yds|00-0035685|Under|48.5|betrivers,nfl|2026_03_HOU_IND,2026-09-27,betrivers,-114,1.87719,2.09279,W,0.877193,1.83578,0.496651,,,,0.169976,True
NFL,Props,Rush Yds,Alt Over,nfl|props|2026_03_HOU_IND|props|rush_yds|00-0035710|Over|14.5|fanduel,nfl|2026_03_HOU_IND,2026-09-27,fanduel,174,2.74,2.45555,L,-1,-2.45555,,,,,0.213536,True
NFL,Props,Rush Yds,Over,nfl|props|2026_03_HOU_IND|props|rush_yds|00-0035710|Over|9.5|betrivers,nfl|2026_03_HOU_IND,2026-09-27,betrivers,-113,1.88496,2.59496,L,-1,-2.59496,0.494418,0.496651,0.00223282,0.00451605,0.202929,True
NFL,Props,Rush Yds,Over,nfl|props|2026_03_HOU_IND|props|rush_yds|00-0040583|Over|28.5|bovada,nfl|2026_03_HOU_IND,2026-09-27,bovada,-110,1.90909,2.04171,L,-1,-2.04171,0.488796,,,,0.168151,True
NFL,Props,Anytime TD,Yes,nfl|props|2026_03_KC_MIA|props|anytime_td|00-0039880|Yes|0.5|betrivers,nfl|2026_03_KC_MIA,2026-09-27,betrivers,380,4.8,0.172553,L,-1,-0.172553,,,,,0.0374127,True
NFL,Props,Pass Attempts,Over,nfl|props|2026_03_KC_MIA|props|pass_attempts|00-0033873|Over|30.5|draftkings,nfl|2026_03_KC_MIA,2026-09-27,draftkings,-121,1.82645,1.1553,L,-1,-1.1553,0.518185,,,,0.100913,True
NFL,Props,Pass Attempts,Under,nfl|props|2026_03_KC_MIA|props|pass_attempts|00-0038128|Under|27.5|betonlineag,nfl|2026_03_KC_MIA,2026-09-27,betonlineag,-108,1.92593,1.04836,L,-1,-1.04836,0.48646,0.479681,-0.00677969,-0.0139368,0.10179,True
NFL,Props,Pass Rush Yds,Alt Over,nfl|props|2026_03_KC_MIA|props|pass_rush_yds|00-0033873|Over|309.5|draftkings,nfl|2026_03_KC_MIA,2026-09-27,draftkings,327,4.27,1.71688,L,-1,-1.71688,,,,,0.180046,True
NFL,Props,Pass Yds,Over,nfl|props|2026_03_KC_MIA|props|pass_yds|00-0038128|Over|175.5|fanatics,nfl|2026_03_KC_MIA,2026-09-27,fanatics,-110,1.90909,1.51876,W,0.909091,1.38069,0.488796,0.5,0.011204,0.0229217,0.134049,True
NFL,Props,Reception Yds,Under,nfl|props|2026_03_KC_MIA|props|reception_yds|00-0041013|Under|10.5|betrivers,nfl|2026_03_KC_MIA,2026-09-27,betrivers,-110,1.90909,2.49493,W,0.909091,2.26811,0.487717,0.514518,0.0268007,0.0549512,0.198783,True
NFL,Props,Receptions,Over,nfl|props|2026_03_KC_MIA|props|receptions|00-0038134|Over|3.5|draftkings,nfl|2026_03_KC_MIA,2026-09-27,draftkings,129,2.29,1.61561,L,-1,-1.61561,0.404243,0.431089,0.0268464,0.0664115,0.157066,True
NFL,Props,Receptions,Under,nfl|props|2026_03_KC_MIA|props|receptions|00-0041013|Under|1.5|betonlineag,nfl|2026_03_KC_MIA,2026-09-27,betonlineag,-120,1.83333,2.82427,W,0.833333,2.35356,0.51354,0.520319,0.00677969,0.0132019,0.20771,True
NFL,Props,Rush Attempts,Over,nfl|props|2026_03_KC_MIA|props|rush_attempts|00-0039040|Over|15.5|betonlineag,nfl|2026_03_KC_MIA,2026-09-27,betonlineag,-108,1.92593,2.2183,L,-1,-2.2183,0.48646,0.479681,-0.00677969,-0.0139368,0.178813,True
NFL,Props,Rush Yds,Over,nfl|props|2026_03_KC_MIA|props|rush_yds|00-0039040|Over|59.5|betrivers,nfl|2026_03_KC_MIA,2026-09-27,betrivers,-117,1.8547,2.02669,L,-1,-2.02669,0.503349,,,,0.163716,True
NFL,Props,Rush Yds,Under,nfl|props|2026_03_KC_MIA|props|rush_yds|00-0041013|Under|23.5|draftkings,nfl|2026_03_KC_MIA,2026-09-27,draftkings,-110,1.90909,3.68656,W,0.909091,3.35141,0.495425,,,,0.26878,True
NFL,Props,Anytime TD,Yes,nfl|props|2026_03_LAC_BUF|props|anytime_td|00-0035537|Yes|0.5|betonlineag,nfl|2026_03_LAC_BUF,2026-09-27,betonlineag,700,8,0.622664,L,-1,-0.622664,,,,,0.149216,True
NFL,Props,Anytime TD,Yes,nfl|props|2026_03_LAC_BUF|props|anytime_td|00-0039391|Yes|0.5|betmgm,nfl|2026_03_LAC_BUF,2026-09-27,betmgm,650,7.5,0.37076,L,-1,-0.37076,,,,,0.0880032,True
NFL,Props,Anytime TD,Yes,nfl|props|2026_03_LAC_BUF|props|anytime_td|00-0039875|Yes|0.5|betrivers,nfl|2026_03_LAC_BUF,2026-09-27,betrivers,750,8.5,0.0902445,L,-1,-0.0902445,,,,,0.0218081,True
NFL,Props,Anytime TD,Yes,nfl|props|2026_03_LAC_BUF|props|anytime_td|00-0039901|Yes|0.5|betrivers,nfl|2026_03_LAC_BUF,2026-09-27,betrivers,420,5.2,0.158909,L,-1,-0.158909,,,,,0.0351518,True
NFL,Props,Pass Rush Yds,Under,nfl|props|2026_03_LAC_BUF|props|pass_rush_yds|00-0036355|Under|247.5|draftkings,nfl|2026_03_LAC_BUF,2026-09-27,draftkings,-114,1.87719,1.31042,W,0.877193,1.14949,0.502272,,,,0.114292,True
NFL,Props,Pass Yds,Under,nfl|props|2026_03_LAC_BUF|props|pass_yds|00-0036355|Under|224.5|draftkings,nfl|2026_03_LAC_BUF,2026-09-27,draftkings,-113,1.88496,2.11512,L,-1,-2.11512,0.502288,,,,0.16421,True
NFL,Props,Reception Yds,Under,nfl|props|2026_03_LAC_BUF|props|reception_yds|00-0034827|Under|50.5|betrivers,nfl|2026_03_LAC_BUF,2026-09-27,betrivers,-114,1.87719,4.69473,L,-1,-4.69473,0.498876,0.5,0.00112398,0.00225302,0.334249,True
NFL,Props,Reception Yds,Under,nfl|props|2026_03_LAC_BUF|props|reception_yds|00-0039915|Under|50.5|fanatics,nfl|2026_03_LAC_BUF,2026-09-27,fanatics,105,2.05,3.59565,L,-1,-3.59565,0.450496,,,,0.289504,True
NFL,Props,Reception Yds,Under,nfl|props|2026_03_LAC_BUF|props|reception_yds|00-0040189|Under|36.5|draftkings,nfl|2026_03_LAC_BUF,2026-09-27,draftkings,-111,1.9009,5.07991,W,0.900901,4.57649,0.497712,,,,0.358038,True
NFL,Props,Reception Yds,Under,nfl|props|2026_03_LAC_BUF|props|reception_yds|00-0040727|Under|30.5|betrivers,nfl|2026_03_LAC_BUF,2026-09-27,betrivers,-117,1.8547,2.81205,L,-1,-2.81205,0.503349,,,,0.213276,True
NFL,Props,Receptions,Under,nfl|props|2026_03_LAC_BUF|props|receptions|00-0034827|Under|3.5|bovada,nfl|2026_03_LAC_BUF,2026-09-27,bovada,115,2.15,5.596,L,-1,-5.596,0.430331,0.430331,0,0,0.444669,True
NFL,Props,Receptions,Under,nfl|props|2026_03_LAC_BUF|props|receptions|00-0038933|Under|4.5|bovada,nfl|2026_03_LAC_BUF,2026-09-27,bovada,-145,1.68966,2.40036,W,0.689655,1.65542,0.559827,0.511204,-0.048623,-0.0868536,0.166173,True
NFL,Props,Receptions,Under,nfl|props|2026_03_LAC_BUF|props|receptions|00-0039915|Under|4.5|fanduel,nfl|2026_03_LAC_BUF,2026-09-27,fanduel,-125,1.8,4.31833,W,0.8,3.45467,0.521229,0.449336,-0.071893,-0.13793,0.297146,True
NFL,Props,Receptions,Under,nfl|props|2026_03_LAC_BUF|props|receptions|00-0040189|Under|3.5|betonlineag,nfl|2026_03_LAC_BUF,2026-09-27,betonlineag,-132,1.75758,5.48555,W,0.757576,4.15572,0.538151,0.568778,0.0306267,0.0569109,0.354599,True
NFL,Props,Receptions,Under,nfl|props|2026_03_LAC_BUF|props|receptions|00-0040727|Under|2.5|fanduel,nfl|2026_03_LAC_BUF,2026-09-27,fanduel,108,2.08,2.7596,L,-1,-2.7596,0.443315,0.443315,0,0,0.233668,True
NFL,Props,Anytime TD,Yes,nfl|props|2026_03_LA_DEN|props|anytime_td|00-0040730|Yes|0.5|fanatics,nfl|2026_03_LA_DEN,2026-09-27,fanatics,325,4.25,0.249775,L,-1,-0.249775,,,,,0.0523115,True
NFL,Props,Pass Completions,Under,nfl|props|2026_03_LA_DEN|props|pass_completions|00-0026498|Under|20.5|betonlineag,nfl|2026_03_LA_DEN,2026-09-27,betonlineag,100,2,1.66316,L,-1,-1.66316,0.466316,0.503395,0.037079,0.0795146,0.147559,True
NFL,Props,Pass TDs,Under,nfl|props|2026_03_LA_DEN|props|pass_tds|00-0026498|Under|1.5|fanatics,nfl|2026_03_LA_DEN,2026-09-27,fanatics,-105,1.95238,1.04687,L,-1,-1.04687,0.477574,0.5,0.0224258,0.0469578,0.104551,True
NFL,Props,Pass Yds,Under,nfl|props|2026_03_LA_DEN|props|pass_yds|00-0026498|Under|239.5|draftkings,nfl|2026_03_LA_DEN,2026-09-27,draftkings,-111,1.9009,1.12267,L,-1,-1.12267,0.497712,,,,0.101215,True
NFL,Props,Pass Yds,Under,nfl|props|2026_03_LA_DEN|props|pass_yds|00-0039732|Under|214.5|betrivers,nfl|2026_03_LA_DEN,2026-09-27,betrivers,-117,1.8547,1.57855,W,0.854701,1.34919,0.503349,,,,0.135436,True
NFL,Props,Reception Yds,Under,nfl|props|2026_03_LA_DEN|props|reception_yds|00-0036613|Under|55.5|fanatics,nfl|2026_03_LA_DEN,2026-09-27,fanatics,-105,1.95238,3.01546,W,0.952381,2.87187,0.477574,,,,0.236051,True
NFL,Props,Receptions,Under,nfl|props|2026_03_LA_DEN|props|receptions|00-0036613|Under|4.5|draftkings,nfl|2026_03_LA_DEN,2026-09-27,draftkings,124,2.24,3.06912,W,1.24,3.80571,0.414562,0.416347,0.00178507,0.00430592,0.264522,True
NFL,Props,Receptions,Under,nfl|props|2026_03_LA_DEN|props|receptions|00-0040134|Under|2.5|betonlineag,nfl|2026_03_LA_DEN,2026-09-27,betonlineag,-108,1.92593,3.85649,W,0.925926,3.57082,0.48646,,,,0.286665,True
NFL,Props,Rush Attempts,Under,nfl|props|2026_03_LA_DEN|props|rush_attempts|00-0039738|Under|11.5|draftkings,nfl|2026_03_LA_DEN,2026-09-27,draftkings,-114,1.87719,2.24861,W,0.877193,1.97246,0.502272,0.523796,0.0215247,0.0428547,0.174327,True
NFL,Props,Rush Yds,Over,nfl|props|2026_03_LA_DEN|props|rush_yds|00-0026498|Over|0.5|bovada,nfl|2026_03_LA_DEN,2026-09-27,bovada,115,2.15,1.84742,W,1.15,2.12453,0.430331,0.416695,-0.013636,-0.0316873,0.170101,True
NFL,Props,Anytime TD,Yes,nfl|props|2026_03_LV_NO|props|anytime_td|00-0037291|Yes|0.5|betmgm,nfl|2026_03_LV_NO,2026-09-27,betmgm,500,6,0.090809,L,-1,-0.090809,,,,,0.0207253,True
NFL,Props,Anytime TD,Yes,nfl|props|2026_03_LV_NO|props|anytime_td|00-0039066|Yes|0.5|betrivers,nfl|2026_03_LV_NO,2026-09-27,betrivers,475,5.75,0.18701,W,4.75,0.888297,,,,,0.0423101,True
NFL,Props,Anytime TD,Yes,nfl|props|2026_03_LV_NO|props|anytime_td|00-0039338|Yes|0.5|bovada,nfl|2026_03_LV_NO,2026-09-27,bovada,220,3.2,0.138861,W,2.2,0.305495,,,,,0.0261462,True
NFL,Props,Anytime TD,Yes,nfl|props|2026_03_LV_NO|props|anytime_td|00-0039424|Yes|0.5|betrivers,nfl|2026_03_LV_NO,2026-09-27,betrivers,310,4.1,0.226721,L,-1,-0.226721,,,,,0.0469486,True
NFL,Props,Reception Yds,Over,nfl|props|2026_03_LV_NO|props|reception_yds|00-0040122|Over|21.5|bovada,nfl|2026_03_LV_NO,2026-09-27,bovada,-110,1.90909,1.79525,W,0.909091,1.63204,0.488796,0.511204,0.022408,0.0458433,0.152079,True
NFL,Props,Receptions,Under,nfl|props|2026_03_LV_NO|props|receptions|00-0038563|Under|3.5|fanduel,nfl|2026_03_LV_NO,2026-09-27,fanduel,-122,1.81967,1.99778,L,-1,-1.99778,0.51569,0.574208,0.0585184,0.113476,0.157091,True
NFL,Props,Anytime TD,Yes,nfl|props|2026_03_MIN_TB|props|anytime_td|00-0036259|Yes|0.5|draftkings,nfl|2026_03_MIN_TB,2026-09-27,draftkings,650,7.5,0.350295,L,-1,-0.350295,,,,,0.0831458,True
NFL,Props,Anytime TD,Yes,nfl|props|2026_03_MIN_TB|props|anytime_td|00-0038129|Yes|0.5|fanatics,nfl|2026_03_MIN_TB,2026-09-27,fanatics,390,4.9,0.0973054,L,-1,-0.0973054,,,,,0.0212109,True
NFL,Props,Anytime TD,Yes,nfl|props|2026_03_MIN_TB|props|anytime_td|00-0041048|Yes|0.5|betrivers,nfl|2026_03_MIN_TB,2026-09-27,betrivers,475,5.75,0.0932909,W,4.75,0.443132,,,,,0.0211066,True
NFL,Props,Pass Completions,Over,nfl|props|2026_03_MIN_TB|props|pass_completions|00-0035228|Over|19.5|draftkings,nfl|2026_03_MIN_TB,2026-09-27,draftkings,104,2.04,1.08584,L,-1,-1.08584,0.458457,0.469381,0.0109239,0.0238275,0.107543,True
NFL,Props,Reception Yds,Under,nfl|props|2026_03_MIN_TB|props|reception_yds|00-0040129|Under|48.5|draftkings,nfl|2026_03_MIN_TB,2026-09-27,draftkings,-109,1.91743,2.52927,L,-1,-2.52927,0.493137,,,,0.194113,True
NFL,Props,Receptions,Over,nfl|props|2026_03_MIN_TB|props|receptions|00-0036259|Over|1.5|fanduel,nfl|2026_03_MIN_TB,2026-09-27,fanduel,106,2.06,2.28554,L,-1,-2.28554,0.449336,0.468788,0.0194515,0.0432894,0.197147,True
NFL,Props,Receptions,Alt Over,nfl|props|2026_03_MIN_TB|props|receptions|00-0036259|Over|2.5|williamhill_us,nfl|2026_03_MIN_TB,2026-09-27,williamhill_us,325,4.25,1.7952,L,-1,-1.7952,,,,,0.187988,True
NFL,Props,Receptions,Under,nfl|props|2026_03_MIN_TB|props|receptions|00-0039855|Under|1.5|fanduel,nfl|2026_03_MIN_TB,2026-09-27,fanduel,100,2,2.00424,W,1,2.00424,0.464306,0.603727,0.139421,0.300278,0.172922,True
NFL,Props,Receptions,Under,nfl|props|2026_03_MIN_TB|props|receptions|00-0040129|Under|4.5|fanduel,nfl|2026_03_MIN_TB,2026-09-27,fanduel,-158,1.63291,2.64894,L,-1,-2.64894,0.579653,0.579653,0,0,0.173347,True
NFL,Props,Anytime TD,Yes,nfl|props|2026_03_NE_JAX|props|anytime_td|00-0033555|Yes|0.5|bovada,nfl|2026_03_NE_JAX,2026-09-27,bovada,350,4.5,0.186875,L,-1,-0.186875,,,,,0.0398071,True
NFL,Props,Anytime TD,Yes,nfl|props|2026_03_NE_JAX|props|anytime_td|00-0036875|Yes|0.5|bovada,nfl|2026_03_NE_JAX,2026-09-27,bovada,150,2.5,0.476189,L,-1,-0.476189,,,,,0.039125,True
NFL,Props,Anytime TD,Yes,nfl|props|2026_03_NE_JAX|props|anytime_td|00-0037816|Yes|0.5|fanatics,nfl|2026_03_NE_JAX,2026-09-27,fanatics,310,4.1,0.303062,L,-1,-0.303062,,,,,0.0627572,True
NFL,Props,Pass Attempts,Over,nfl|props|2026_03_NE_JAX|props|pass_attempts|00-0039851|Over|30.5|betmgm,nfl|2026_03_NE_JAX,2026-09-27,betmgm,-111,1.9009,1.32999,L,-1,-1.32999,0.492131,0.5,0.00786885,0.0159893,0.120251,True
NFL,Props,Pass Rush Yds,Over,nfl|props|2026_03_NE_JAX|props|pass_rush_yds|00-0039851|Over|247.5|draftkings,nfl|2026_03_NE_JAX,2026-09-27,draftkings,-114,1.87719,2.0865,L,-1,-2.0865,0.502272,,,,0.163953,True
NFL,Props,Pass TDs,Over,nfl|props|2026_03_NE_JAX|props|pass_tds|00-0039851|Over|1.5|betmgm,nfl|2026_03_NE_JAX,2026-09-27,betmgm,125,2.25,0.902781,L,-1,-0.902781,0.407847,0.407847,0,0,0.105278,True
NFL,Props,Pass Yds,Over,nfl|props|2026_03_NE_JAX|props|pass_yds|00-0039851|Over|216.5|betrivers,nfl|2026_03_NE_JAX,2026-09-27,betrivers,-114,1.87719,2.29464,L,-1,-2.29464,0.496651,,,,0.182892,True
NFL,Props,Reception Yds,Under,nfl|props|2026_03_NE_JAX|props|reception_yds|00-0040719|Under|9.5|draftkings,nfl|2026_03_NE_JAX,2026-09-27,draftkings,-113,1.88496,4.15085,L,-1,-4.15085,0.502288,,,,0.295087,True
NFL,Props,Receptions,Under,nfl|props|2026_03_NE_JAX|props|receptions|00-0040719|Under|1.5|betonlineag,nfl|2026_03_NE_JAX,2026-09-27,betonlineag,-105,1.95238,4.41518,L,-1,-4.41518,0.479681,0.494341,0.01466,0.030562,0.327444,True
NFL,Props,Receptions,Under,nfl|props|2026_03_NE_JAX|props|receptions|00-0040734|Under|1.5|betmgm,nfl|2026_03_NE_JAX,2026-09-27,betmgm,-110,1.90909,2.19927,W,0.909091,1.99934,0.488796,0.488796,0,0,0.178425,True
NFL,Props,Rush Attempts,Under,nfl|props|2026_03_NE_JAX|props|rush_attempts|00-0039851|Under|5.5|draftkings,nfl|2026_03_NE_JAX,2026-09-27,draftkings,111,2.11,2.08407,W,1.11,2.31332,0.442796,0.459451,0.0166553,0.0376139,0.181271,True
NFL,Props,Rush Attempts,Under,nfl|props|2026_03_NE_JAX|props|rush_attempts|00-0040719|Under|12.5|draftkings,nfl|2026_03_NE_JAX,2026-09-27,draftkings,103,2.03,3.60825,L,-1,-3.60825,0.461643,0.467115,0.00547158,0.0118524,0.281671,True
NFL,Props,Rush Yds,Over,nfl|props|2026_03_NE_JAX|props|rush_yds|00-0038611|Over|19.5|draftkings,nfl|2026_03_NE_JAX,2026-09-27,draftkings,-114,1.87719,2.18902,W,0.877193,1.92019,0.504575,0.512541,0.00796608,0.0157877,0.16821,True
NFL,Props,Rush Yds,Under,nfl|props|2026_03_NE_JAX|props|rush_yds|00-0040719|Under|53.5|betrivers,nfl|2026_03_NE_JAX,2026-09-27,betrivers,-113,1.88496,3.27477,L,-1,-3.27477,0.495519,,,,0.245532,True
NFL,Props,Anytime TD,Yes,nfl|props|2026_03_NYJ_DET|props|anytime_td|00-0039451|Yes|0.5|draftkings,nfl|2026_03_NYJ_DET,2026-09-27,draftkings,550,6.5,0.135251,L,-1,-0.135251,,,,,0.0313433,True
NFL,Props,Anytime TD,Yes,nfl|props|2026_03_NYJ_DET|props|anytime_td|00-0039890|Yes|0.5|fanatics,nfl|2026_03_NYJ_DET,2026-09-27,fanatics,340,4.4,0.261463,V,0,0,,,,,0.0553339,True
NFL,Props,Anytime TD,Yes,nfl|props|2026_03_NYJ_DET|props|anytime_td|00-0040736|Yes|0.5|fanatics,nfl|2026_03_NYJ_DET,2026-09-27,fanatics,525,6.25,0.101038,V,0,0,,,,,0.0232443,True
NFL,Props,Pass Attempts,Over,nfl|props|2026_03_NYJ_DET|props|pass_attempts|00-0033106|Over|32.5|betonlineag,nfl|2026_03_NYJ_DET,2026-09-27,betonlineag,-123,1.81301,1.3843,L,-1,-1.3843,0.520319,0.520319,0,0,0.116256,True
NFL,Props,Receptions,Under,nfl|props|2026_03_NYJ_DET|props|receptions|00-0038120|Under|3.5|fanduel,nfl|2026_03_NYJ_DET,2026-09-27,fanduel,-160,1.625,3.06617,W,0.625,1.91636,0.583305,0.564723,-0.0185823,-0.0318569,0.19357,True
NFL,Props,Rush Attempts,Over,nfl|props|2026_03_NYJ_DET|props|rush_attempts|00-0039139|Over|17.5|draftkings,nfl|2026_03_NYJ_DET,2026-09-27,draftkings,-109,1.91743,2.53517,W,0.917431,2.32584,0.490912,,,,0.196724,True
NFL,Props,Rush Attempts,Alt Over,nfl|props|2026_03_NYJ_DET|props|rush_attempts|00-0039139|Over|19.5|draftkings,nfl|2026_03_NYJ_DET,2026-09-27,draftkings,176,2.76,2.39979,W,1.76,4.22363,,,,,0.209556,True
NFL,Props,Receptions,Under,nfl|props|2026_03_SEA_WAS|props|receptions|00-0039793|Under|2.5|draftkings,nfl|2026_03_SEA_WAS,2026-09-27,draftkings,101,2.01,2.8693,L,-1,-2.8693,0.466094,0.515909,0.0498151,0.106878,0.228854,True
NFL,Props,Anytime TD,Yes,nfl|props|2026_03_TEN_NYG|props|anytime_td|00-0035250|Yes|0.5|betmgm,nfl|2026_03_TEN_NYG,2026-09-27,betmgm,600,7,0.131057,V,0,0,,,,,0.0307657,True
NFL,Props,Anytime TD,Yes,nfl|props|2026_03_TEN_NYG|props|anytime_td|00-0036893|Yes|0.5|bovada,nfl|2026_03_TEN_NYG,2026-09-27,bovada,700,8,0.18548,L,-1,-0.18548,,,,,0.0444488,True
NFL,Props,Anytime TD,Yes,nfl|props|2026_03_TEN_NYG|props|anytime_td|00-0038117|Yes|0.5|betrivers,nfl|2026_03_TEN_NYG,2026-09-27,betrivers,475,5.75,0.153591,W,4.75,0.729556,,,,,0.0347492,True
NFL,Props,Anytime TD,Yes,nfl|props|2026_03_TEN_NYG|props|anytime_td|00-0039384|Yes|0.5|betrivers,nfl|2026_03_TEN_NYG,2026-09-27,betrivers,650,7.5,0.55757,L,-1,-0.55757,,,,,0.132344,True
NFL,Props,Anytime TD,Yes,nfl|props|2026_03_TEN_NYG|props|anytime_td|00-0040170|Yes|0.5|fanduel,nfl|2026_03_TEN_NYG,2026-09-27,fanduel,700,8,0.181666,L,-1,-0.181666,,,,,0.0435346,True
NFL,Props,Anytime TD,Yes,nfl|props|2026_03_TEN_NYG|props|anytime_td|00-0041042|Yes|0.5|fanduel,nfl|2026_03_TEN_NYG,2026-09-27,fanduel,550,6.5,0.117896,L,-1,-0.117896,,,,,0.0273214,True
NFL,Props,Pass Attempts,Under,nfl|props|2026_03_TEN_NYG|props|pass_attempts|00-0031503|Under|30.5|draftkings,nfl|2026_03_TEN_NYG,2026-09-27,draftkings,-112,1.89286,1.14053,W,0.892857,1.01833,0.497728,,,,0.104244,True
NFL,Props,Pass Yds,Under,nfl|props|2026_03_TEN_NYG|props|pass_yds|00-0040676|Under|191.5|betonlineag,nfl|2026_03_TEN_NYG,2026-09-27,betonlineag,-115,1.86957,1.26238,W,0.869565,1.09772,0.503395,,,,0.111892,True
NFL,Props,Reception Yds,Under,nfl|props|2026_03_TEN_NYG|props|reception_yds|00-0040584|Under|22.5|draftkings,nfl|2026_03_TEN_NYG,2026-09-27,draftkings,-111,1.9009,2.49322,W,0.900901,2.24614,0.497712,,,,0.190163,True
NFL,Props,Receptions,Over,nfl|props|2026_03_TEN_NYG|props|receptions|00-0040170|Over|1.5|fanduel,nfl|2026_03_TEN_NYG,2026-09-27,fanduel,112,2.12,1.82164,L,-1,-1.82164,0.435277,0.416695,-0.0185823,-0.0426907,0.168207,True
NFL,Props,Rush Attempts,Over,nfl|props|2026_03_TEN_NYG|props|rush_attempts|00-0035261|Over|11.5|betonlineag,nfl|2026_03_TEN_NYG,2026-09-27,betonlineag,-119,1.84034,3.3196,W,0.840336,2.78958,0.511282,,,,0.239668,True
NFL,Props,Rush Attempts,Alt Over,nfl|props|2026_03_TEN_NYG|props|rush_attempts|00-0035261|Over|14.5|betrivers,nfl|2026_03_TEN_NYG,2026-09-27,betrivers,280,3.8,3.24417,W,2.8,9.08368,,,,,0.327342,True
NFL,Props,Rush Yds,Over,nfl|props|2026_03_TEN_NYG|props|rush_yds|00-0031503|Over|5.5|betrivers,nfl|2026_03_TEN_NYG,2026-09-27,betrivers,-112,1.89286,2.47319,W,0.892857,2.2082,0.491099,,,,0.196955,True
NFL,Props,Rush Yds,Alt Over,nfl|props|2026_03_TEN_NYG|props|rush_yds|00-0031503|Over|9.5|fanduel,nfl|2026_03_TEN_NYG,2026-09-27,fanduel,164,2.64,2.23014,W,1.64,3.65742,,,,,0.189712,True
NFL,Props,Rush Yds,Over,nfl|props|2026_03_TEN_NYG|props|rush_yds|00-0035261|Over|45.5|betrivers,nfl|2026_03_TEN_NYG,2026-09-27,betrivers,-113,1.88496,2.72193,W,0.884956,2.40879,0.494418,,,,0.211092,True
NFL,Props,Rush Yds,Alt Over,nfl|props|2026_03_TEN_NYG|props|rush_yds|00-0035261|Over|59.5|betrivers,nfl|2026_03_TEN_NYG,2026-09-27,betrivers,200,3,2.53842,W,2,5.07684,,,,,0.231737,True
NFL,Props,Rush Yds,Under,nfl|props|2026_03_TEN_NYG|props|rush_yds|00-0040715|Under|57.5|betrivers,nfl|2026_03_TEN_NYG,2026-09-27,betrivers,-114,1.87719,1.97446,L,-1,-1.97446,0.496651,,,,0.162405,True
NFL,Props,Anytime TD,Yes,nfl|props|2026_03_PHI_CHI|props|anytime_td|00-0039919|Yes|0.5|fanduel,nfl|2026_03_PHI_CHI,2026-09-28,fanduel,470,5.7,0.378419,L,-1,-0.378419,,,,,0.0854575,True
NFL,Props,Anytime TD,Yes,nfl|props|2026_03_PHI_CHI|props|anytime_td|00-0040126|Yes|0.5|fanduel,nfl|2026_03_PHI_CHI,2026-09-28,fanduel,400,5,0.447078,L,-1,-0.447078,,,,,0.0979551,True
NFL,Props,Pass Attempts,Over,nfl|props|2026_03_PHI_CHI|props|pass_attempts|00-0036389|Over|28.5|draftkings,nfl|2026_03_PHI_CHI,2026-09-28,draftkings,-102,1.98039,2.23052,L,-1,-2.23052,0.473931,0.484091,0.0101597,0.0214371,0.182229,True
NFL,Props,Pass Completions,Over,nfl|props|2026_03_PHI_CHI|props|pass_completions|00-0036389|Over|17.5|draftkings,nfl|2026_03_PHI_CHI,2026-09-28,draftkings,-122,1.81967,1.97459,L,-1,-1.97459,0.520462,,,,0.150888,True
NFL,Props,Reception Yds,Under,nfl|props|2026_03_PHI_CHI|props|reception_yds|00-0034844|Under|13.5|draftkings,nfl|2026_03_PHI_CHI,2026-09-28,draftkings,-107,1.93458,2.56738,W,0.934579,2.39943,0.488559,0.495425,0.00686548,0.0140525,0.198191,True
NFL,Props,Reception Yds,Under,nfl|props|2026_03_PHI_CHI|props|reception_yds|00-0038393|Under|40.5|draftkings,nfl|2026_03_PHI_CHI,2026-09-28,draftkings,-113,1.88496,2.13071,W,0.884956,1.88558,0.502288,,,,0.165212,True
NFL,Props,Receptions,Under,nfl|props|2026_03_PHI_CHI|props|receptions|00-0034844|Under|2.5|fanduel,nfl|2026_03_PHI_CHI,2026-09-28,fanduel,-154,1.64935,3.68561,W,0.649351,2.39325,0.574208,0.611659,0.0374512,0.0652224,0.230792,True
NFL,Props,Rush Attempts,Under,nfl|props|2026_03_PHI_CHI|props|rush_attempts|00-0034844|Under|17.5|draftkings,nfl|2026_03_PHI_CHI,2026-09-28,draftkings,-115,1.86957,1.98044,W,0.869565,1.72213,0.505699,0.493185,-0.0125143,-0.0247465,0.155323,True
NFL,Props,Rush Attempts,Under,nfl|props|2026_03_PHI_CHI|props|rush_attempts|00-0036389|Under|6.5|draftkings,nfl|2026_03_PHI_CHI,2026-09-28,draftkings,-102,1.98039,1.77118,W,0.980392,1.73645,0.472889,0.495457,0.0225677,0.0477231,0.152131,True
NFL,Props,Anytime TD,Yes,nfl|props|2026_04_PIT_CLE|props|anytime_td|00-0036407|Yes|0.5|betmgm,nfl|2026_04_PIT_CLE,2026-10-01,betmgm,750,8.5,0.143487,,0,0,,,,,0.0346253,False
NFL,Props,Anytime TD,Yes,nfl|props|2026_04_PIT_CLE|props|anytime_td|00-0040663|Yes|0.5|betrivers,nfl|2026_04_PIT_CLE,2026-10-01,betrivers,280,3.8,0.172155,W,2.8,0.482033,,,,,0.0344671,False
NFL,Props,Anytime TD,Yes,nfl|props|2026_04_PIT_CLE|props|anytime_td|00-0040663|Yes|0.5|fanatics,nfl|2026_04_PIT_CLE,2026-10-01,fanatics,290,3.9,0.297494,,0,0,,,,,0.0604994,False
NFL,Props,Anytime TD,Yes,nfl|props|2026_04_PIT_CLE|props|anytime_td|00-0041037|Yes|0.5|betmgm,nfl|2026_04_PIT_CLE,2026-10-01,betmgm,320,4.2,0.155322,L,-1,-0.155322,,,,,0.0321548,False
NFL,Props,Anytime TD,Yes,nfl|props|2026_04_PIT_CLE|props|anytime_td|00-0041547|Yes|0.5|bovada,nfl|2026_04_PIT_CLE,2026-10-01,bovada,330,4.3,0.245603,,0,0,,,,,0.051549,False
NFL,Props,Anytime TD,Yes,nfl|props|2026_04_PIT_CLE|props|anytime_td|00-0041547|Yes|0.5|fanatics,nfl|2026_04_PIT_CLE,2026-10-01,fanatics,340,4.4,0.176115,L,-1,-0.176115,,,,,0.0369773,False
NFL,Props,Pass Attempts,Over,nfl|props|2026_04_PIT_CLE|props|pass_attempts|00-0033537|Over|28.5|fanatics,nfl|2026_04_PIT_CLE,2026-10-01,fanatics,-110,1.90909,0.999335,W,0.909091,0.908487,0.488796,0.538662,0.0498656,0.102017,0.146137,False
NFL,Props,Pass Completions,Over,nfl|props|2026_04_PIT_CLE|props|pass_completions|00-0033537|Over|18.5|draftkings,nfl|2026_04_PIT_CLE,2026-10-01,draftkings,103,2.03,1.00189,,0,0,0.461643,,,,0.100482,False
NFL,Props,Pass Rush Yds,Over,nfl|props|2026_04_PIT_CLE|props|pass_rush_yds|00-0033537|Over|216.5|betrivers,nfl|2026_04_PIT_CLE,2026-10-01,betrivers,-115,1.86957,0.58659,W,0.869565,0.510079,0.5,0.5,0,0,0.1055,False
NFL,Props,Pass Rush Yds,Over,nfl|props|2026_04_PIT_CLE|props|pass_rush_yds|00-0033537|Over|221.5|draftkings,nfl|2026_04_PIT_CLE,2026-10-01,draftkings,-112,1.89286,1.09678,,0,0,0.497728,,,,0.101318,False
NFL,Props,Pass Yds,Over,nfl|props|2026_04_PIT_CLE|props|pass_yds|00-0033537|Over|180.5|fanatics,nfl|2026_04_PIT_CLE,2026-10-01,fanatics,-120,1.83333,1.02652,W,0.833333,0.855431,0.511204,0.511204,0,0,0.143171,False
NFL,Props,Pass Yds,Over,nfl|props|2026_04_PIT_CLE|props|pass_yds|00-0033537|Over|185.5|fanatics,nfl|2026_04_PIT_CLE,2026-10-01,fanatics,-110,1.90909,1.69062,,0,0,0.488796,,,,0.145101,False
NFL,Props,Reception Yds,Under,nfl|props|2026_04_PIT_CLE|props|reception_yds|00-0037228|Under|25.5|draftkings,nfl|2026_04_PIT_CLE,2026-10-01,draftkings,-111,1.9009,0.168472,L,-1,-0.168472,0.497712,0.497712,0,0,0.150163,False
NFL,Props,Reception Yds,Under,nfl|props|2026_04_PIT_CLE|props|reception_yds|00-0040466|Under|12.5|betmgm,nfl|2026_04_PIT_CLE,2026-10-01,betmgm,-111,1.9009,2.43116,,0,0,0.492131,,,,0.191494,False
NFL,Props,Reception Yds,Under,nfl|props|2026_04_PIT_CLE|props|reception_yds|00-0040466|Under|12.5|betonlineag,nfl|2026_04_PIT_CLE,2026-10-01,betonlineag,-115,1.86957,2.3539,,0,0,0.503395,0.503395,0,0,0.18023,False
NFL,Props,Reception Yds,Under,nfl|props|2026_04_PIT_CLE|props|reception_yds|00-0040466|Under|12.5|draftkings,nfl|2026_04_PIT_CLE,2026-10-01,draftkings,-116,1.86207,0.280817,W,0.862069,0.242084,0.509152,0.504575,-0.00457643,-0.00898834,0.174473,False
NFL,Props,Reception Yds,Over,nfl|props|2026_04_PIT_CLE|props|reception_yds|00-0041037|Over|33.5|draftkings,nfl|2026_04_PIT_CLE,2026-10-01,draftkings,-110,1.90909,2.58484,,0,0,0.495425,,,,0.1967,False
NFL,Props,Reception Yds,Over,nfl|props|2026_04_PIT_CLE|props|reception_yds|00-0041037|Over|36.5|betmgm,nfl|2026_04_PIT_CLE,2026-10-01,betmgm,-110,1.90909,1.95712,,0,0,0.488796,0.488796,0,0,0.161627,False
NFL,Props,Reception Yds,Over,nfl|props|2026_04_PIT_CLE|props|reception_yds|00-0041037|Over|36.5|betonlineag,nfl|2026_04_PIT_CLE,2026-10-01,betonlineag,-108,1.92593,0.153615,W,0.925926,0.142236,0.48646,0.48646,0,0,0.163963,False
NFL,Props,Reception Yds,Alt Over,nfl|props|2026_04_PIT_CLE|props|reception_yds|00-0041037|Over|49.5|draftkings,nfl|2026_04_PIT_CLE,2026-10-01,draftkings,207,3.07,2.04189,,0,0,,,,,0.188267,False
NFL,Props,Receptions,Over,nfl|props|2026_04_PIT_CLE|props|receptions|00-0036407|Over|1.5|bovada,nfl|2026_04_PIT_CLE,2026-10-01,bovada,125,2.25,0.181035,W,1.25,0.226294,0.407847,0.440173,0.0323259,0.0792598,0.192528,False
NFL,Props,Receptions,Over,nfl|props|2026_04_PIT_CLE|props|receptions|00-0036407|Over|1.5|fanduel,nfl|2026_04_PIT_CLE,2026-10-01,fanduel,124,2.24,2.31127,,0,0,0.407963,,,,0.213424,False
NFL,Props,Receptions,Under,nfl|props|2026_04_PIT_CLE|props|receptions|00-0036894|Under|3.5|draftkings,nfl|2026_04_PIT_CLE,2026-10-01,draftkings,-121,1.82645,2.53191,,0,0,0.518185,,,,0.185989,False
NFL,Props,Receptions,Under,nfl|props|2026_04_PIT_CLE|props|receptions|00-0036894|Under|3.5|fanduel,nfl|2026_04_PIT_CLE,2026-10-01,fanduel,-140,1.71429,0.131178,W,0.714286,0.0936984,0.550664,0.592037,0.0413727,0.0751324,0.153586,False
NFL,Props,Receptions,Under,nfl|props|2026_04_PIT_CLE|props|receptions|00-0039739|Under|2.5|fanduel,nfl|2026_04_PIT_CLE,2026-10-01,fanduel,-130,1.76923,2.17951,,0,0,0.531212,,,,0.163586,False
NFL,Props,Receptions,Under,nfl|props|2026_04_PIT_CLE|props|receptions|00-0040466|Under|1.5|draftkings,nfl|2026_04_PIT_CLE,2026-10-01,draftkings,128,2.28,0.374268,L,-1,-0.374268,0.405941,0.378262,-0.0276789,-0.0681845,0.234434,False
NFL,Props,Rush Attempts,Under,nfl|props|2026_04_PIT_CLE|props|rush_attempts|00-0037228|Under|16.5|draftkings,nfl|2026_04_PIT_CLE,2026-10-01,draftkings,101,2.01,0.393621,L,-1,-0.393621,0.466094,0.466094,0,0,0.223281,False
NFL,Props,Rush Yds,Under,nfl|props|2026_04_PIT_CLE|props|rush_yds|00-0037228|Under|73.5|betonlineag,nfl|2026_04_PIT_CLE,2026-10-01,betonlineag,-114,1.87719,0.133961,L,-1,-0.133961,0.5,0.5,0,0,0.157875,False
NFL,Props,Rush Yds,Under,nfl|props|2026_04_PIT_CLE|props|rush_yds|00-0040784|Under|55.5|draftkings,nfl|2026_04_PIT_CLE,2026-10-01,draftkings,-111,1.9009,1.91378,,0,0,0.497712,,,,0.152382,False
NFL,Props,Rush Yds,Under,nfl|props|2026_04_PIT_CLE|props|rush_yds|00-0040784|Under|55.5|fanatics,nfl|2026_04_PIT_CLE,2026-10-01,fanatics,-110,1.90909,0.162756,W,0.909091,0.14796,0.488796,0.511204,0.022408,0.0458433,0.174454,False
NFL,Props,Rush Yds,Under,nfl|props|2026_04_PIT_CLE|props|rush_yds|00-0041547|Under|0.5|fanduel,nfl|2026_04_PIT_CLE,2026-10-01,fanduel,-120,1.83333,0.340482,W,0.833333,0.283735,0.515909,0.484091,-0.0318181,-0.0616739,0.193716,False
NFL,Props,Anytime TD,Yes,nfl|props|2026_04_ARI_NYG|props|anytime_td|00-0035250|Yes|0.5|fanatics,nfl|2026_04_ARI_NYG,2026-10-04,fanatics,750,8.5,0.104706,,0,0,,,,,0.0251029,False
NFL,Props,Anytime TD,Yes,nfl|props|2026_04_ARI_NYG|props|anytime_td|00-0037744|Yes|0.5|fanatics,nfl|2026_04_ARI_NYG,2026-10-04,fanatics,190,2.9,0.456325,,0,0,,,,,0.0408828,False
NFL,Props,Anytime TD,Yes,nfl|props|2026_04_ARI_NYG|props|anytime_td|00-0038559|Yes|0.5|fanatics,nfl|2026_04_ARI_NYG,2026-10-04,fanatics,310,4.1,0.361761,,0,0,,,,,0.0748067,False
NFL,Props,Anytime TD,Yes,nfl|props|2026_04_ARI_NYG|props|anytime_td|00-0039384|Yes|0.5|betrivers,nfl|2026_04_ARI_NYG,2026-10-04,betrivers,700,8,0.190326,L,-1,-0.190326,,,,,0.04525,False
NFL,Props,Anytime TD,Yes,nfl|props|2026_04_ARI_NYG|props|anytime_td|00-0039384|Yes|0.5|fanatics,nfl|2026_04_ARI_NYG,2026-10-04,fanatics,750,8.5,0.21941,,0,0,,,,,0.0526029,False
NFL,Props,Anytime TD,Yes,nfl|props|2026_04_ARI_NYG|props|anytime_td|00-0039849|Yes|0.5|fanatics,nfl|2026_04_ARI_NYG,2026-10-04,fanatics,450,5.5,0.0900998,,0,0,,,,,0.0201611,False
NFL,Props,Reception Yds,Under,nfl|props|2026_04_ARI_NYG|props|reception_yds|00-0033307|Under|19.5|fanduel,nfl|2026_04_ARI_NYG,2026-10-04,fanduel,-114,1.87719,0.103633,,0,0,0.5,,,,0.1505,False
NFL,Props,Receptions,Under,nfl|props|2026_04_ARI_NYG|props|receptions|00-0039337|Under|4.5|draftkings,nfl|2026_04_ARI_NYG,2026-10-04,draftkings,114,2.14,0.0959543,L,-1,-0.0959543,0.434969,0.435883,0.000913162,0.00209937,0.150406,False
NFL,Props,Rush Attempts,Under,nfl|props|2026_04_ARI_NYG|props|rush_attempts|00-0040715|Under|16.5|betonlineag,nfl|2026_04_ARI_NYG,2026-10-04,betonlineag,-119,1.84034,0.457723,L,-1,-0.457723,0.511282,0.490975,-0.0203063,-0.0397164,0.231718,False
NFL,Props,Rush Attempts,Under,nfl|props|2026_04_ARI_NYG|props|rush_attempts|00-0040715|Under|16.5|draftkings,nfl|2026_04_ARI_NYG,2026-10-04,draftkings,-111,1.9009,3.36921,,0,0,0.495457,,,,0.247543,False
NFL,Props,Rush Attempts,Under,nfl|props|2026_04_ARI_NYG|props|rush_attempts|00-0041027|Under|15.5|draftkings,nfl|2026_04_ARI_NYG,2026-10-04,draftkings,104,2.04,0.130618,W,1.04,0.135843,0.459451,,,,0.152424,False
NFL,Props,Rush Yds,Over,nfl|props|2026_04_ARI_NYG|props|rush_yds|00-0031503|Over|4.5|betrivers,nfl|2026_04_ARI_NYG,2026-10-04,betrivers,-108,1.92593,0.239495,L,-1,-0.239495,0.482189,0.505582,0.0233928,0.0485137,0.201811,False
NFL,Props,Rush Yds,Under,nfl|props|2026_04_ARI_NYG|props|rush_yds|00-0037263|Under|18.5|draftkings,nfl|2026_04_ARI_NYG,2026-10-04,draftkings,-108,1.92593,0.172412,L,-1,-0.172412,0.490848,,,,0.151857,False
NFL,Props,Rush Yds,Under,nfl|props|2026_04_ARI_NYG|props|rush_yds|00-0040715|Under|60.5|fanatics,nfl|2026_04_ARI_NYG,2026-10-04,fanatics,100,2,0.0972946,W,1,0.0972946,0.461338,0.494673,0.033335,0.0722571,0.173412,False
NFL,Props,Anytime TD,Yes,nfl|props|2026_04_DAL_HOU|props|anytime_td|00-0039410|Yes|0.5|fanatics,nfl|2026_04_DAL_HOU,2026-10-04,fanatics,525,6.25,0.238049,,0,0,,,,,0.0546872,False
NFL,Props,Pass Completions,Under,nfl|props|2026_04_DAL_HOU|props|pass_completions|00-0033077|Under|24.5|betonlineag,nfl|2026_04_DAL_HOU,2026-10-04,betonlineag,-114,1.87719,0.752059,L,-1,-0.752059,0.5,0.520319,0.0203194,0.0406388,0.11797,False
NFL,Props,Pass Rush Yds,Under,nfl|props|2026_04_DAL_HOU|props|pass_rush_yds|00-0033077|Under|286.5|fanduel,nfl|2026_04_DAL_HOU,2026-10-04,fanduel,-114,1.87719,0.636897,L,-1,-0.636897,0.5,,,,0.10725,False
NFL,Props,Pass Yds,Under,nfl|props|2026_04_DAL_HOU|props|pass_yds|00-0033077|Under|273.5|fanduel,nfl|2026_04_DAL_HOU,2026-10-04,fanduel,-114,1.87719,0.721496,L,-1,-0.721496,0.5,,,,0.115125,False
NFL,Props,Reception Yds,Under,nfl|props|2026_04_DAL_HOU|props|reception_yds|00-0040138|Under|11.5|draftkings,nfl|2026_04_DAL_HOU,2026-10-04,draftkings,-113,1.88496,0.263301,L,-1,-0.263301,0.502288,0.494301,-0.0079866,-0.0159005,0.172462,False
NFL,Props,Receptions,Under,nfl|props|2026_04_DAL_HOU|props|receptions|00-0034383|Under|4.5|bovada,nfl|2026_04_DAL_HOU,2026-10-04,bovada,110,2.1,0.559844,W,1.1,0.615829,0.440173,0.569669,0.129496,0.294194,0.290577,False
NFL,Props,Receptions,Under,nfl|props|2026_04_DAL_HOU|props|receptions|00-0035685|Under|1.5|betmgm,nfl|2026_04_DAL_HOU,2026-10-04,betmgm,100,2,0.145334,W,1,0.145334,0.461338,0.5,0.0386616,0.0838031,0.185912,False
NFL,Props,Receptions,Under,nfl|props|2026_04_DAL_HOU|props|receptions|00-0036358|Under|5.5|bovada,nfl|2026_04_DAL_HOU,2026-10-04,bovada,110,2.1,0.04626,L,-1,-0.04626,0.440173,0.440173,0,0,0.150577,False
NFL,Props,Receptions,Under,nfl|props|2026_04_DAL_HOU|props|receptions|00-0036554|Under|5.5|bovada,nfl|2026_04_DAL_HOU,2026-10-04,bovada,-120,1.83333,0.235565,L,-1,-0.235565,0.511204,0.522426,0.0112218,0.0219517,0.186921,False
NFL,Props,Rush Attempts,Under,nfl|props|2026_04_DAL_HOU|props|rush_attempts|00-0039163|Under|3.5|draftkings,nfl|2026_04_DAL_HOU,2026-10-04,draftkings,-130,1.76923,0.188869,W,0.769231,0.145284,0.536142,0.536142,0,0,0.154108,False
NFL,Props,Anytime TD,Yes,nfl|props|2026_04_DEN_SF|props|anytime_td|00-0034348|Yes|0.5|fanatics,nfl|2026_04_DEN_SF,2026-10-04,fanatics,275,3.75,0.17896,,0,0,,,,,0.0358921,False
NFL,Props,Pass Rush Yds,Over,nfl|props|2026_04_DEN_SF|props|pass_rush_yds|00-0037834|Over|248.5|fanduel,nfl|2026_04_DEN_SF,2026-10-04,fanduel,-114,1.87719,0.65704,W,0.877193,0.576351,0.5,,,,0.109125,False
NFL,Props,Pass Yds,Over,nfl|props|2026_04_DEN_SF|props|pass_yds|00-0037834|Over|225.5|fanatics,nfl|2026_04_DEN_SF,2026-10-04,fanatics,-120,1.83333,0.731095,L,-1,-0.731095,0.511204,,,,0.116421,False
NFL,Props,Rush Attempts,Under,nfl|props|2026_04_DEN_SF|props|rush_attempts|00-0033280|Under|15.5|draftkings,nfl|2026_04_DEN_SF,2026-10-04,draftkings,100,2,0.302959,W,1,0.302959,0.469381,,,,0.196119,False
NFL,Props,Rush Yds,Under,nfl|props|2026_04_DEN_SF|props|rush_yds|00-0033280|Under|65.5|betonlineag,nfl|2026_04_DEN_SF,2026-10-04,betonlineag,-114,1.87719,0.140643,W,0.877193,0.123371,0.5,,,,0.1595,False
NFL,Props,Pass Rush Yds,Under,nfl|props|2026_04_DET_CAR|props|pass_rush_yds|00-0039150|Under|267.5|betrivers,nfl|2026_04_DET_CAR,2026-10-04,betrivers,-115,1.86957,0.55852,L,-1,-0.55852,0.501124,,,,0.101251,False
NFL,Props,Pass TDs,Under,nfl|props|2026_04_DET_CAR|props|pass_tds|00-0033106|Under|1.5|fanduel,nfl|2026_04_DET_CAR,2026-10-04,fanduel,124,2.24,1.27244,,0,0,0.407963,,,,0.134787,False
NFL,Props,Pass TDs,Under,nfl|props|2026_04_DET_CAR|props|pass_tds|00-0039150|Under|1.5|draftkings,nfl|2026_04_DET_CAR,2026-10-04,draftkings,106,2.06,0.649717,L,-1,-0.649717,0.454149,0.452027,-0.00212244,-0.00467344,0.112476,False
NFL,Props,Receptions,Under,nfl|props|2026_04_DET_CAR|props|receptions|00-0036963|Under|6.5|fanduel,nfl|2026_04_DET_CAR,2026-10-04,fanduel,112,2.12,0.132163,L,-1,-0.132163,0.435277,0.435277,0,0,0.175848,False
NFL,Props,Anytime TD,Yes,nfl|props|2026_04_GB_TB|props|anytime_td|00-0033921|Yes|0.5|betonlineag,nfl|2026_04_GB_TB,2026-10-04,betonlineag,400,5,0.166203,,0,0,,,,,0.0363638,False
NFL,Props,Anytime TD,Yes,nfl|props|2026_04_GB_TB|props|anytime_td|00-0036919|Yes|0.5|betonlineag,nfl|2026_04_GB_TB,2026-10-04,betonlineag,400,5,0.177807,,0,0,,,,,0.0389026,False
NFL,Props,Anytime TD,Yes,nfl|props|2026_04_GB_TB|props|anytime_td|00-0038129|Yes|0.5|betonlineag,nfl|2026_04_GB_TB,2026-10-04,betonlineag,400,5,0.399836,,0,0,,,,,0.0874808,False
NFL,Props,Anytime TD,Yes,nfl|props|2026_04_GB_TB|props|anytime_td|00-0038129|Yes|0.5|fanduel,nfl|2026_04_GB_TB,2026-10-04,fanduel,600,7,0.31674,L,-1,-0.31674,,,,,0.0737679,False
NFL,Props,Anytime TD,Yes,nfl|props|2026_04_GB_TB|props|anytime_td|00-0039811|Yes|0.5|betmgm,nfl|2026_04_GB_TB,2026-10-04,betmgm,280,3.8,0.335733,L,-1,-0.335733,,,,,0.0672171,False
NFL,Props,Anytime TD,Yes,nfl|props|2026_04_GB_TB|props|anytime_td|00-0040129|Yes|0.5|betonlineag,nfl|2026_04_GB_TB,2026-10-04,betonlineag,270,3.7,0.234196,,0,0,,,,,0.0467394,False
NFL,Props,Anytime TD,Yes,nfl|props|2026_04_GB_TB|props|anytime_td|00-0041048|Yes|0.5|betonlineag,nfl|2026_04_GB_TB,2026-10-04,betonlineag,450,5.5,0.123407,,0,0,,,,,0.027614,False
NFL,Props,Reception Yds,Under,nfl|props|2026_04_GB_TB|props|reception_yds|00-0038090|Under|20.5|fanduel,nfl|2026_04_GB_TB,2026-10-04,fanduel,-114,1.87719,0.760552,W,0.877193,0.667151,0.5,,,,0.31025,False
NFL,Props,Reception Yds,Over,nfl|props|2026_04_GB_TB|props|reception_yds|00-0038129|Over|25.5|betonlineag,nfl|2026_04_GB_TB,2026-10-04,betonlineag,-114,1.87719,0.135595,W,0.877193,0.118943,0.5,,,,0.158272,False
NFL,Props,Rush Attempts,Under,nfl|props|2026_04_GB_TB|props|rush_attempts|00-0040142|Under|8.5|draftkings,nfl|2026_04_GB_TB,2026-10-04,draftkings,-106,1.9434,0.765697,W,0.943396,0.722356,0.484091,,,,0.310159,False
NFL,Props,Rush Yds,Under,nfl|props|2026_04_GB_TB|props|rush_yds|00-0040142|Under|31.5|betonlineag,nfl|2026_04_GB_TB,2026-10-04,betonlineag,-114,1.87719,0.564074,L,-1,-0.564074,0.5,0.503395,0.00339548,0.00679095,0.26247,False
NFL,Props,Anytime TD,Yes,nfl|props|2026_04_IND_WAS|props|anytime_td|00-0035659|Yes|0.5|fanatics,nfl|2026_04_IND_WAS,2026-10-04,fanatics,265,3.65,0.137077,,0,0,,,,,0.0272181,False
NFL,Props,Pass TDs,Under,nfl|props|2026_04_IND_WAS|props|pass_tds|00-0035710|Under|1.5|betonlineag,nfl|2026_04_IND_WAS,2026-10-04,betonlineag,-123,1.81301,1.17394,,0,0,0.520319,,,,0.103236,False
NFL,Props,Pass TDs,Under,nfl|props|2026_04_IND_WAS|props|pass_tds|00-0035710|Under|1.5|draftkings,nfl|2026_04_IND_WAS,2026-10-04,draftkings,-115,1.86957,0.746969,W,0.869565,0.649539,0.504543,0.547973,0.0434298,0.0860774,0.113698,False
NFL,Props,Reception Yds,Under,nfl|props|2026_04_IND_WAS|props|reception_yds|00-0038997|Under|62.5|betmgm,nfl|2026_04_IND_WAS,2026-10-04,betmgm,100,2,0.17752,W,1,0.17752,0.461338,,,,0.194287,False
NFL,Props,Reception Yds,Under,nfl|props|2026_04_IND_WAS|props|reception_yds|00-0038997|Under|64.5|betrivers,nfl|2026_04_IND_WAS,2026-10-04,betrivers,-117,1.8547,2.21499,,0,0,0.504481,,,,0.174269,False
NFL,Props,Receptions,Under,nfl|props|2026_04_IND_WAS|props|receptions|00-0031588|Under|4.5|betonlineag,nfl|2026_04_IND_WAS,2026-10-04,betonlineag,-152,1.65789,0.246454,L,-1,-0.246454,0.573479,,,,0.164646,False
NFL,Props,Receptions,Under,nfl|props|2026_04_IND_WAS|props|receptions|00-0038997|Under|5.5|betonlineag,nfl|2026_04_IND_WAS,2026-10-04,betonlineag,-149,1.67114,2.34636,,0,0,0.568778,,,,0.158472,False
NFL,Props,Receptions,Under,nfl|props|2026_04_IND_WAS|props|receptions|00-0038997|Under|5.5|draftkings,nfl|2026_04_IND_WAS,2026-10-04,draftkings,-148,1.67568,0.217937,W,0.675676,0.147255,0.568911,,,,0.152464,False
NFL,Props,Anytime TD,Yes,nfl|props|2026_04_JAX_CIN|props|anytime_td|00-0034960|Yes|0.5|betmgm,nfl|2026_04_JAX_CIN,2026-10-04,betmgm,270,3.7,0.146205,,0,0,,,,,0.0291786,False
NFL,Props,Anytime TD,Yes,nfl|props|2026_04_JAX_CIN|props|anytime_td|00-0036410|Yes|0.5|fanatics,nfl|2026_04_JAX_CIN,2026-10-04,fanatics,160,2.6,0.296153,,0,0,,,,,0.0247596,False
NFL,Props,Pass Attempts,Over,nfl|props|2026_04_JAX_CIN|props|pass_attempts|00-0036442|Over|35.5|fanatics,nfl|2026_04_JAX_CIN,2026-10-04,fanatics,-115,1.86957,0.716999,W,0.869565,0.623477,0.5,0.5,0,0,0.117583,False
NFL,Props,Pass Attempts,Under,nfl|props|2026_04_JAX_CIN|props|pass_attempts|00-0036971|Under|34.5|draftkings,nfl|2026_04_JAX_CIN,2026-10-04,draftkings,-105,1.95238,0.74752,W,0.952381,0.711924,0.480744,,,,0.118756,False
NFL,Props,Pass Yds,Under,nfl|props|2026_04_JAX_CIN|props|pass_yds|00-0036971|Under|264.5|bovada,nfl|2026_04_JAX_CIN,2026-10-04,bovada,-115,1.86957,0.543419,W,0.869565,0.472538,0.5,,,,0.1015,False
NFL,Props,Reception Yds,Under,nfl|props|2026_04_JAX_CIN|props|reception_yds|00-0034829|Under|28.5|draftkings,nfl|2026_04_JAX_CIN,2026-10-04,draftkings,-109,1.91743,0.181115,L,-1,-0.181115,0.493137,,,,0.153863,False
NFL,Props,Reception Yds,Over,nfl|props|2026_04_JAX_CIN|props|reception_yds|00-0038597|Over|17.5|fanduel,nfl|2026_04_JAX_CIN,2026-10-04,fanduel,-114,1.87719,0.140717,W,0.877193,0.123436,0.5,,,,0.159518,False
NFL,Props,Reception Yds,Alt Over,nfl|props|2026_04_JAX_CIN|props|reception_yds|00-0040718|Over|4.5|fanduel,nfl|2026_04_JAX_CIN,2026-10-04,fanduel,132,2.32,1.12917,,0,0,,,,,0.296717,False
NFL,Props,Reception Yds,Under,nfl|props|2026_04_JAX_CIN|props|reception_yds|00-0040719|Under|10.5|draftkings,nfl|2026_04_JAX_CIN,2026-10-04,draftkings,-109,1.91743,0.475294,L,-1,-0.475294,0.493137,0.487459,-0.0056781,-0.0115142,0.227113,False
NFL,Props,Reception Yds,Under,nfl|props|2026_04_JAX_CIN|props|reception_yds|00-0040785|Under|19.5|betrivers,nfl|2026_04_JAX_CIN,2026-10-04,betrivers,-112,1.89286,0.506236,L,-1,-0.506236,0.491099,,,,0.266776,False
NFL,Props,Receptions,Under,nfl|props|2026_04_JAX_CIN|props|receptions|00-0040719|Under|1.5|draftkings,nfl|2026_04_JAX_CIN,2026-10-04,draftkings,121,2.21,0.617089,L,-1,-0.617089,0.419965,0.418148,-0.00181726,-0.00432718,0.30041,False
NFL,Props,Rush Attempts,Under,nfl|props|2026_04_JAX_CIN|props|rush_attempts|00-0038597|Under|16.5|draftkings,nfl|2026_04_JAX_CIN,2026-10-04,draftkings,-103,1.97087,2.0973,,0,0,0.47726,,,,0.17049,False
NFL,Props,Rush Attempts,Under,nfl|props|2026_04_JAX_CIN|props|rush_attempts|00-0038597|Under|16.5|fanatics,nfl|2026_04_JAX_CIN,2026-10-04,fanatics,100,2,0.147256,W,1,0.147256,0.461338,,,,0.186412,False
NFL,Props,Rush Attempts,Under,nfl|props|2026_04_JAX_CIN|props|rush_attempts|00-0040719|Under|12.5|betonlineag,nfl|2026_04_JAX_CIN,2026-10-04,betonlineag,100,2,0.241281,L,-1,-0.241281,0.466316,,,,0.191809,False
NFL,Props,Rush Attempts,Under,nfl|props|2026_04_JAX_CIN|props|rush_attempts|00-0040719|Under|12.5|draftkings,nfl|2026_04_JAX_CIN,2026-10-04,draftkings,100,2,2.17405,,0,0,0.469381,,,,0.179264,False
NFL,Props,Rush Yds,Under,nfl|props|2026_04_JAX_CIN|props|rush_yds|00-0040719|Under|55.5|fanduel,nfl|2026_04_JAX_CIN,2026-10-04,fanduel,-114,1.87719,0.155035,L,-1,-0.155035,0.5,0.5,0,0,0.163,False
NFL,Props,Anytime TD,Yes,nfl|props|2026_04_KC_LV|props|anytime_td|00-0037291|Yes|0.5|fanatics,nfl|2026_04_KC_LV,2026-10-04,fanatics,575,6.75,0.182335,,0,0,,,,,0.042479,False
NFL,Props,Anytime TD,Yes,nfl|props|2026_04_KC_LV|props|anytime_td|00-0038563|Yes|0.5|fanduel,nfl|2026_04_KC_LV,2026-10-04,fanduel,320,4.2,0.150463,,0,0,,,,,0.0313523,False
NFL,Props,Anytime TD,Yes,nfl|props|2026_04_KC_LV|props|anytime_td|00-0039066|Yes|0.5|fanatics,nfl|2026_04_KC_LV,2026-10-04,fanatics,410,5.1,0.128397,L,-1,-0.128397,,,,,0.0280466,False
NFL,Props,Anytime TD,Yes,nfl|props|2026_04_KC_LV|props|anytime_td|00-0039338|Yes|0.5|fanatics,nfl|2026_04_KC_LV,2026-10-04,fanatics,210,3.1,0.56662,W,2.1,1.1899,,,,,0.104294,False
NFL,Props,Anytime TD,Yes,nfl|props|2026_04_KC_LV|props|anytime_td|00-0039338|Yes|0.5|fanduel,nfl|2026_04_KC_LV,2026-10-04,fanduel,195,2.95,0.972358,,0,0,,,,,0.0878919,False
NFL,Props,Anytime TD,Yes,nfl|props|2026_04_KC_LV|props|anytime_td|00-0039894|Yes|0.5|fanatics,nfl|2026_04_KC_LV,2026-10-04,fanatics,300,4,0.205849,,0,0,,,,,0.0422231,False
NFL,Props,Pass TDs,Over,nfl|props|2026_04_KC_LV|props|pass_tds|00-0029604|Over|1.5|betonlineag,nfl|2026_04_KC_LV,2026-10-04,betonlineag,126,2.26,0.602823,W,1.26,0.759557,0.407744,0.403521,-0.00422272,-0.0103563,0.117881,False
NFL,Props,Reception Yds,Over,nfl|props|2026_04_KC_LV|props|reception_yds|00-0040122|Over|18.5|betrivers,nfl|2026_04_KC_LV,2026-10-04,betrivers,-120,1.83333,0.182073,W,0.833333,0.151727,0.508901,0.496651,-0.01225,-0.0240714,0.183089,False
NFL,Props,Reception Yds,Alt Over,nfl|props|2026_04_KC_LV|props|reception_yds|00-0040122|Over|29.5|betrivers,nfl|2026_04_KC_LV,2026-10-04,betrivers,215,3.15,0.611191,W,2.15,1.31406,,,,,0.192665,False
NFL,Props,Reception Yds,Under,nfl|props|2026_04_KC_LV|props|reception_yds|00-0041013|Under|8.5|draftkings,nfl|2026_04_KC_LV,2026-10-04,draftkings,-116,1.86207,0.384582,L,-1,-0.384582,0.509152,,,,0.199473,False
NFL,Props,Receptions,Under,nfl|props|2026_04_KC_LV|props|receptions|00-0038104|Under|1.5|betonlineag,nfl|2026_04_KC_LV,2026-10-04,betonlineag,-139,1.71942,0.191401,L,-1,-0.191401,0.55086,0.520319,-0.0305402,-0.0554411,0.15939,False
NFL,Props,Receptions,Under,nfl|props|2026_04_KC_LV|props|receptions|00-0039338|Under|6.5|fanduel,nfl|2026_04_KC_LV,2026-10-04,fanduel,120,2.2,0.18915,W,1.2,0.22698,0.416695,0.48431,0.0676155,0.162266,0.19868,False
NFL,Props,Rush Yds,Over,nfl|props|2026_04_KC_LV|props|rush_yds|00-0029604|Over|0.5|fanduel,nfl|2026_04_KC_LV,2026-10-04,fanduel,-102,1.98039,0.0842525,L,-1,-0.0842525,0.470825,0.473931,0.00310617,0.00659728,0.152425,False
NFL,Props,Rush Yds,Under,nfl|props|2026_04_KC_LV|props|rush_yds|00-0038134|Under|86.5|betonlineag,nfl|2026_04_KC_LV,2026-10-04,betonlineag,-114,1.87719,0.141671,L,-1,-0.141671,0.5,,,,0.15975,False
NFL,Props,Rush Yds,Under,nfl|props|2026_04_KC_LV|props|rush_yds|00-0038134|Under|87.5|draftkings,nfl|2026_04_KC_LV,2026-10-04,draftkings,-110,1.90909,1.98174,,0,0,0.495425,,,,0.157429,False
NFL,Props,Rush Yds,Under,nfl|props|2026_04_KC_LV|props|rush_yds|00-0041013|Under|17.5|betrivers,nfl|2026_04_KC_LV,2026-10-04,betrivers,-112,1.89286,0.103445,W,0.892857,0.0923619,0.491099,,,,0.167901,False
NFL,Props,Anytime TD,Yes,nfl|props|2026_04_LAC_SEA|props|anytime_td|00-0038544|Yes|0.5|betonlineag,nfl|2026_04_LAC_SEA,2026-10-04,betonlineag,325,4.25,0.151892,,0,0,,,,,0.0317664,False
NFL,Props,Anytime TD,Yes,nfl|props|2026_04_LAC_SEA|props|anytime_td|00-0038544|Yes|0.5|bovada,nfl|2026_04_LAC_SEA,2026-10-04,bovada,400,5,0.169641,L,-1,-0.169641,,,,,0.036875,False
NFL,Props,Anytime TD,Yes,nfl|props|2026_04_LAC_SEA|props|anytime_td|00-0039391|Yes|0.5|fanatics,nfl|2026_04_LAC_SEA,2026-10-04,fanatics,750,8.5,0.244373,,0,0,,,,,0.0589707,False
NFL,Props,Pass Attempts,Over,nfl|props|2026_04_LAC_SEA|props|pass_attempts|00-0036355|Over|29.5|draftkings,nfl|2026_04_LAC_SEA,2026-10-04,draftkings,-123,1.81301,1.58966,W,0.813008,1.29241,0.521525,,,,0.186059,False
NFL,Props,Pass Completions,Over,nfl|props|2026_04_LAC_SEA|props|pass_completions|00-0036355|Over|18.5|betonlineag,nfl|2026_04_LAC_SEA,2026-10-04,betonlineag,-112,1.89286,1.45638,W,0.892857,1.30034,0.496605,,,,0.183328,False
NFL,Props,Receptions,Under,nfl|props|2026_04_LAC_SEA|props|receptions|00-0038543|Under|6.5|fanduel,nfl|2026_04_LAC_SEA,2026-10-04,fanduel,104,2.04,0.101894,W,1.04,0.105969,0.453579,0.435277,-0.0183019,-0.04035,0.167296,False
NFL,Props,Receptions,Over,nfl|props|2026_04_LAC_SEA|props|receptions|00-0038544|Over|2.5|betonlineag,nfl|2026_04_LAC_SEA,2026-10-04,betonlineag,-164,1.60976,0.185082,L,-1,-0.185082,0.59134,,,,0.15091,False
NFL,Props,Receptions,Alt Over,nfl|props|2026_04_LAC_SEA|props|receptions|00-0038544|Over|3.5|betrivers,nfl|2026_04_LAC_SEA,2026-10-04,betrivers,160,2.6,0.665908,L,-1,-0.665908,,,,,0.18926,False
NFL,Props,Anytime TD,Yes,nfl|props|2026_04_LA_PHI|props|anytime_td|00-0030061|Yes|0.5|fanatics,nfl|2026_04_LA_PHI,2026-10-04,fanatics,650,7.5,0.181717,,0,0,,,,,0.0427917,False
NFL,Props,Anytime TD,Yes,nfl|props|2026_04_LA_PHI|props|anytime_td|00-0030061|Yes|0.5|fanduel,nfl|2026_04_LA_PHI,2026-10-04,fanduel,650,7.5,0.181717,L,-1,-0.181717,,,,,0.0427917,False
NFL,Props,Anytime TD,Yes,nfl|props|2026_04_LA_PHI|props|anytime_td|00-0033110|Yes|0.5|fanatics,nfl|2026_04_LA_PHI,2026-10-04,fanatics,475,5.75,0.13163,,0,0,,,,,0.0297387,False
NFL,Props,Anytime TD,Yes,nfl|props|2026_04_LA_PHI|props|anytime_td|00-0038555|Yes|0.5|fanatics,nfl|2026_04_LA_PHI,2026-10-04,fanatics,750,8.5,0.100535,L,-1,-0.100535,,,,,0.0241029,False
NFL,Props,Reception Yds,Under,nfl|props|2026_04_LA_PHI|props|reception_yds|00-0040867|Under|25.5|fanatics,nfl|2026_04_LA_PHI,2026-10-04,fanatics,100,2,0.270236,L,-1,-0.270236,0.461338,,,,0.218412,False
NFL,Props,Reception Yds,Under,nfl|props|2026_04_LA_PHI|props|reception_yds|00-0040867|Under|26.5|betonlineag,nfl|2026_04_LA_PHI,2026-10-04,betonlineag,-114,1.87719,2.60953,,0,0,0.5,,,,0.198375,False
NFL,Props,Receptions,Under,nfl|props|2026_04_LA_PHI|props|receptions|00-0036912|Under|5.5|betonlineag,nfl|2026_04_LA_PHI,2026-10-04,betonlineag,118,2.18,0.11095,,0,0,0.423773,,,,0.165102,False
NFL,Props,Receptions,Under,nfl|props|2026_04_LA_PHI|props|receptions|00-0040867|Under|2.5|draftkings,nfl|2026_04_LA_PHI,2026-10-04,draftkings,131,2.31,0.443013,L,-1,-0.443013,0.40089,,,,0.25336,False
NFL,Props,Rush Yds,Under,nfl|props|2026_04_LA_PHI|props|rush_yds|00-0034844|Under|78.5|draftkings,nfl|2026_04_LA_PHI,2026-10-04,draftkings,-109,1.91743,0.255915,W,0.917431,0.234784,0.493137,,,,0.172488,False
NFL,Props,Anytime TD,Yes,nfl|props|2026_04_MIA_MIN|props|anytime_td|00-0036259|Yes|0.5|fanatics,nfl|2026_04_MIA_MIN,2026-10-04,fanatics,450,5.5,0.216169,L,-1,-0.216169,,,,,0.0480568,False
NFL,Props,Anytime TD,Yes,nfl|props|2026_04_MIA_MIN|props|anytime_td|00-0039880|Yes|0.5|fanduel,nfl|2026_04_MIA_MIN,2026-10-04,fanduel,470,5.7,0.210054,L,-1,-0.210054,,,,,0.0470614,False
NFL,Props,Anytime TD,Yes,nfl|props|2026_04_MIA_MIN|props|anytime_td|00-0041523|Yes|0.5|betonlineag,nfl|2026_04_MIA_MIN,2026-10-04,betonlineag,500,6,0.116851,,0,0,,,,,0.0264583,False
NFL,Props,Anytime TD,Yes,nfl|props|2026_04_MIA_MIN|props|anytime_td|00-0041523|Yes|0.5|fanatics,nfl|2026_04_MIA_MIN,2026-10-04,fanatics,430,5.3,0.105666,,0,0,,,,,0.0234459,False
NFL,Props,Pass Attempts,Over,nfl|props|2026_04_MIA_MIN|props|pass_attempts|00-0035228|Over|27.5|draftkings,nfl|2026_04_MIA_MIN,2026-10-04,draftkings,-125,1.8,0.672793,W,0.8,0.538234,0.526069,,,,0.102803,False
NFL,Props,Pass Attempts,Under,nfl|props|2026_04_MIA_MIN|props|pass_attempts|00-0038128|Under|28.5|draftkings,nfl|2026_04_MIA_MIN,2026-10-04,draftkings,-117,1.8547,0.882916,W,0.854701,0.754629,0.509088,0.50114,-0.00794787,-0.015612,0.125162,False
NFL,Props,Pass Rush Yds,Over,nfl|props|2026_04_MIA_MIN|props|pass_rush_yds|00-0038128|Over|195.5|betrivers,nfl|2026_04_MIA_MIN,2026-10-04,betrivers,-115,1.86957,0.996236,L,-1,-0.996236,0.5,,,,0.143455,False
NFL,Props,Pass TDs,Over,nfl|props|2026_04_MIA_MIN|props|pass_tds|00-0038128|Over|0.5|fanduel,nfl|2026_04_MIA_MIN,2026-10-04,fanduel,102,2.02,1.68833,L,-1,-1.68833,0.457907,0.533684,0.0757768,0.165485,0.22429,False
NFL,Props,Pass Yds,Over,nfl|props|2026_04_MIA_MIN|props|pass_yds|00-0038128|Over|163.5|betrivers,nfl|2026_04_MIA_MIN,2026-10-04,betrivers,-114,1.87719,1.03546,L,-1,-1.03546,0.498876,,,,0.145999,False
NFL,Props,Receptions,Under,nfl|props|2026_04_MIA_MIN|props|receptions|00-0041525|Under|2.5|draftkings,nfl|2026_04_MIA_MIN,2026-10-04,draftkings,-110,1.90909,0.453995,W,0.909091,0.412723,0.493185,0.484091,-0.00909387,-0.0184391,0.229815,False
NFL,Props,Rush Yds,Under,nfl|props|2026_04_MIA_MIN|props|rush_yds|00-0039880|Under|6.5|draftkings,nfl|2026_04_MIA_MIN,2026-10-04,draftkings,-120,1.83333,0.646147,W,0.833333,0.538456,0.518313,,,,0.256812,False
NFL,Props,Anytime TD,Yes,nfl|props|2026_04_NE_BUF|props|anytime_td|00-0035689|Yes|0.5|fanduel,nfl|2026_04_NE_BUF,2026-10-04,fanduel,700,8,0.109562,,0,0,,,,,0.0262186,False
NFL,Props,Anytime TD,Yes,nfl|props|2026_04_NE_BUF|props|anytime_td|00-0037248|Yes|0.5|betmgm,nfl|2026_04_NE_BUF,2026-10-04,betmgm,-118,1.84746,0.410634,W,0.847458,0.347995,,,,,0.0255906,False
NFL,Props,Anytime TD,Yes,nfl|props|2026_04_NE_BUF|props|anytime_td|00-0037248|Yes|0.5|fanatics,nfl|2026_04_NE_BUF,2026-10-04,fanatics,-115,1.86957,0.506277,,0,0,,,,,0.0319913,False
NFL,Props,Reception Yds,Under,nfl|props|2026_04_NE_BUF|props|reception_yds|00-0035537|Under|14.5|betrivers,nfl|2026_04_NE_BUF,2026-10-04,betrivers,-114,1.87719,0.377692,W,0.877193,0.331309,0.496651,,,,0.229974,False
NFL,Props,Reception Yds,Over,nfl|props|2026_04_NE_BUF|props|reception_yds|00-0037248|Over|7.5|bovada,nfl|2026_04_NE_BUF,2026-10-04,bovada,-105,1.95238,0.189402,W,0.952381,0.180383,0.477574,,,,0.180698,False
NFL,Props,Reception Yds,Under,nfl|props|2026_04_NE_BUF|props|reception_yds|00-0038621|Under|28.5|betrivers,nfl|2026_04_NE_BUF,2026-10-04,betrivers,-117,1.8547,0.218121,W,0.854701,0.186428,0.503349,,,,0.189526,False
NFL,Props,Reception Yds,Under,nfl|props|2026_04_NE_BUF|props|reception_yds|00-0038933|Under|55.5|betrivers,nfl|2026_04_NE_BUF,2026-10-04,betrivers,-118,1.84746,0.281324,W,0.847458,0.23841,0.505582,,,,0.203918,False
NFL,Props,Reception Yds,Over,nfl|props|2026_04_NE_BUF|props|reception_yds|00-0039901|Over|12.5|fanduel,nfl|2026_04_NE_BUF,2026-10-04,fanduel,-114,1.87719,0.15013,W,0.877193,0.131693,0.5,0.5,0,0,0.161807,False
NFL,Props,Receptions,Under,nfl|props|2026_04_NE_BUF|props|receptions|00-0034827|Under|3.5|fanduel,nfl|2026_04_NE_BUF,2026-10-04,fanduel,118,2.18,0.243376,W,1.18,0.287183,0.420347,0.407963,-0.0123839,-0.029461,0.215528,False
NFL,Props,Receptions,Under,nfl|props|2026_04_NE_BUF|props|receptions|00-0035537|Under|1.5|fanduel,nfl|2026_04_NE_BUF,2026-10-04,fanduel,118,2.18,0.271776,L,-1,-0.271776,0.420347,0.457907,0.0375594,0.0893533,0.223528,False
NFL,Props,Receptions,Under,nfl|props|2026_04_NE_BUF|props|receptions|00-0038621|Under|2.5|fanduel,nfl|2026_04_NE_BUF,2026-10-04,fanduel,102,2.02,0.227628,W,1.02,0.23218,0.457907,0.435277,-0.0226295,-0.0494194,0.202093,False
NFL,Props,Receptions,Under,nfl|props|2026_04_NE_BUF|props|receptions|00-0038933|Under|4.5|fanduel,nfl|2026_04_NE_BUF,2026-10-04,fanduel,-112,1.89286,0.5716,W,0.892857,0.510357,0.493279,0.564723,0.071444,0.144835,0.274471,False
NFL,Props,Rush Attempts,Over,nfl|props|2026_04_NE_BUF|props|rush_attempts|00-0036875|Over|7.5|betonlineag,nfl|2026_04_NE_BUF,2026-10-04,betonlineag,-120,1.83333,0.404606,W,0.833333,0.337171,0.51354,,,,0.21796,False
NFL,Props,Rush Attempts,Alt Over,nfl|props|2026_04_NE_BUF|props|rush_attempts|00-0036875|Over|9.5|betrivers,nfl|2026_04_NE_BUF,2026-10-04,betrivers,185,2.85,0.789282,W,1.85,1.46017,,,,,0.236623,False
NFL,Props,Rush Attempts,Under,nfl|props|2026_04_NE_BUF|props|rush_attempts|00-0039851|Under|5.5|betonlineag,nfl|2026_04_NE_BUF,2026-10-04,betonlineag,-120,1.83333,0.171038,L,-1,-0.171038,0.51354,0.533684,0.0201438,0.0392254,0.16271,False
NFL,Props,Anytime TD,Yes,nfl|props|2026_04_NYJ_CHI|props|anytime_td|00-0039919|Yes|0.5|betmgm,nfl|2026_04_NYJ_CHI,2026-10-04,betmgm,340,4.4,0.144562,L,-1,-0.144562,,,,,0.0303523,False
NFL,Props,Anytime TD,Yes,nfl|props|2026_04_NYJ_CHI|props|anytime_td|00-0039919|Yes|0.5|fanatics,nfl|2026_04_NYJ_CHI,2026-10-04,fanatics,290,3.9,0.155239,,0,0,,,,,0.03157,False
NFL,Props,Anytime TD,Yes,nfl|props|2026_04_NYJ_CHI|props|anytime_td|00-0040126|Yes|0.5|fanatics,nfl|2026_04_NYJ_CHI,2026-10-04,fanatics,300,4,0.19916,,0,0,,,,,0.040851,False
NFL,Props,Anytime TD,Yes,nfl|props|2026_04_NYJ_CHI|props|anytime_td|00-0040736|Yes|0.5|betonlineag,nfl|2026_04_NYJ_CHI,2026-10-04,betonlineag,700,8,0.105678,,0,0,,,,,0.025125,False
NFL,Props,Anytime TD,Yes,nfl|props|2026_04_NYJ_CHI|props|anytime_td|00-0040736|Yes|0.5|fanatics,nfl|2026_04_NYJ_CHI,2026-10-04,fanatics,750,8.5,0.135467,,0,0,,,,,0.0324779,False
NFL,Props,Pass Attempts,Under,nfl|props|2026_04_NYJ_CHI|props|pass_attempts|00-0030565|Under|33.5|betmgm,nfl|2026_04_NYJ_CHI,2026-10-04,betmgm,-105,1.95238,0.580259,W,0.952381,0.552628,0.472427,,,,0.114698,False
NFL,Props,Pass Completions,Under,nfl|props|2026_04_NYJ_CHI|props|pass_completions|00-0038416|Under|19.5|draftkings,nfl|2026_04_NYJ_CHI,2026-10-04,draftkings,-120,1.83333,0.902863,L,-1,-0.902863,0.515909,0.528343,0.012434,0.0241011,0.125075,False
NFL,Props,Pass Rush Yds,Under,nfl|props|2026_04_NYJ_CHI|props|pass_rush_yds|00-0030565|Under|242.5|draftkings,nfl|2026_04_NYJ_CHI,2026-10-04,draftkings,-113,1.88496,1.15209,,0,0,0.50114,,,,0.10286,False
NFL,Props,Pass Rush Yds,Under,nfl|props|2026_04_NYJ_CHI|props|pass_rush_yds|00-0030565|Under|243.5|draftkings,nfl|2026_04_NYJ_CHI,2026-10-04,draftkings,-114,1.87719,0.667076,W,0.877193,0.585154,0.502272,,,,0.106728,False
NFL,Props,Pass Yds,Under,nfl|props|2026_04_NYJ_CHI|props|pass_yds|00-0030565|Under|224.5|betmgm,nfl|2026_04_NYJ_CHI,2026-10-04,betmgm,-105,1.95238,0.514372,W,0.952381,0.489878,0.477574,,,,0.100748,False
NFL,Props,Reception Yds,Under,nfl|props|2026_04_NYJ_CHI|props|reception_yds|00-0032464|Under|33.5|betonlineag,nfl|2026_04_NYJ_CHI,2026-10-04,betonlineag,-114,1.87719,0.768263,W,0.877193,0.673915,0.5,,,,0.312125,False
NFL,Props,Reception Yds,Under,nfl|props|2026_04_NYJ_CHI|props|reception_yds|00-0032464|Under|33.5|draftkings,nfl|2026_04_NYJ_CHI,2026-10-04,draftkings,-109,1.91743,4.47045,,0,0,0.493137,,,,0.318988,False
NFL,Props,Reception Yds,Under,nfl|props|2026_04_NYJ_CHI|props|reception_yds|00-0039794|Under|10.5|draftkings,nfl|2026_04_NYJ_CHI,2026-10-04,draftkings,-106,1.9434,3.0923,,0,0,0.485177,,,,0.233323,False
NFL,Props,Reception Yds,Under,nfl|props|2026_04_NYJ_CHI|props|reception_yds|00-0039794|Under|11.5|draftkings,nfl|2026_04_NYJ_CHI,2026-10-04,draftkings,-118,1.84746,0.515137,W,0.847458,0.436557,0.513731,,,,0.228519,False
NFL,Props,Reception Yds,Over,nfl|props|2026_04_NYJ_CHI|props|reception_yds|00-0039919|Over|27.5|draftkings,nfl|2026_04_NYJ_CHI,2026-10-04,draftkings,-110,1.90909,0.19643,W,0.909091,0.178573,0.495425,,,,0.157407,False
NFL,Props,Reception Yds,Under,nfl|props|2026_04_NYJ_CHI|props|reception_yds|00-0040735|Under|48.5|draftkings,nfl|2026_04_NYJ_CHI,2026-10-04,draftkings,-112,1.89286,0.442869,L,-1,-0.442869,0.5,,,,0.217125,False
NFL,Props,Receptions,Under,nfl|props|2026_04_NYJ_CHI|props|receptions|00-0032464|Under|3.5|betmgm,nfl|2026_04_NYJ_CHI,2026-10-04,betmgm,-120,1.83333,0.674693,W,0.833333,0.562244,0.511204,0.554174,0.0429697,0.0840558,0.290796,False
NFL,Props,Receptions,Under,nfl|props|2026_04_NYJ_CHI|props|receptions|00-0037740|Under|6.5|draftkings,nfl|2026_04_NYJ_CHI,2026-10-04,draftkings,-105,1.95238,0.289659,W,0.952381,0.275866,0.480744,0.516987,0.036243,0.0753893,0.194006,False
NFL,Props,Receptions,Under,nfl|props|2026_04_NYJ_CHI|props|receptions|00-0039794|Under|1.5|fanduel,nfl|2026_04_NYJ_CHI,2026-10-04,fanduel,112,2.12,0.604553,L,-1,-0.604553,0.435277,0.435277,0,0,0.305723,False
NFL,Props,Rush Attempts,Under,nfl|props|2026_04_NYJ_CHI|props|rush_attempts|00-0039794|Under|13.5|betonlineag,nfl|2026_04_NYJ_CHI,2026-10-04,betonlineag,-102,1.98039,0.522528,L,-1,-0.522528,0.471854,0.466316,-0.00553719,-0.011735,0.261396,False
NFL,Props,Rush Attempts,Under,nfl|props|2026_04_NYJ_CHI|props|rush_attempts|00-0039794|Under|13.5|draftkings,nfl|2026_04_NYJ_CHI,2026-10-04,draftkings,102,2.02,3.47226,,0,0,0.463858,,,,0.269392,False
NFL,Props,Rush Yds,Under,nfl|props|2026_04_NYJ_CHI|props|rush_yds|00-0039794|Under|55.5|betmgm,nfl|2026_04_NYJ_CHI,2026-10-04,betmgm,-115,1.86957,0.251345,L,-1,-0.251345,0.5,,,,0.194462,False
NFL,Props,Anytime TD,Yes,nfl|props|2026_04_TEN_BAL|props|anytime_td|00-0032398|Yes|0.5|draftkings,nfl|2026_04_TEN_BAL,2026-10-04,draftkings,750,8.5,0.101056,,0,0,,,,,0.0242279,False
NFL,Props,Anytime TD,Yes,nfl|props|2026_04_TEN_BAL|props|anytime_td|00-0032764|Yes|0.5|draftkings,nfl|2026_04_TEN_BAL,2026-10-04,draftkings,-210,1.47619,0.532362,W,0.47619,0.253506,,,,,0.0233306,False
NFL,Props,Anytime TD,Yes,nfl|props|2026_04_TEN_BAL|props|anytime_td|00-0034975|Yes|0.5|betonlineag,nfl|2026_04_TEN_BAL,2026-10-04,betonlineag,500,6,0.138554,,0,0,,,,,0.0315776,False
NFL,Props,Anytime TD,Yes,nfl|props|2026_04_TEN_BAL|props|anytime_td|00-0034975|Yes|0.5|draftkings,nfl|2026_04_TEN_BAL,2026-10-04,draftkings,550,6.5,0.112125,L,-1,-0.112125,,,,,0.0257788,False
NFL,Props,Anytime TD,Yes,nfl|props|2026_04_TEN_BAL|props|anytime_td|00-0035261|Yes|0.5|fanatics,nfl|2026_04_TEN_BAL,2026-10-04,fanatics,220,3.2,0.125132,W,2.2,0.27529,,,,,0.023375,False
NFL,Props,Anytime TD,Yes,nfl|props|2026_04_TEN_BAL|props|anytime_td|00-0038117|Yes|0.5|draftkings,nfl|2026_04_TEN_BAL,2026-10-04,draftkings,550,6.5,0.146921,W,5.5,0.808066,,,,,0.0337788,False
NFL,Props,Anytime TD,Yes,nfl|props|2026_04_TEN_BAL|props|anytime_td|00-0040170|Yes|0.5|betonlineag,nfl|2026_04_TEN_BAL,2026-10-04,betonlineag,750,8.5,0.188655,,0,0,,,,,0.0455251,False
NFL,Props,Anytime TD,Yes,nfl|props|2026_04_TEN_BAL|props|anytime_td|00-0040170|Yes|0.5|draftkings,nfl|2026_04_TEN_BAL,2026-10-04,draftkings,750,8.5,0.11774,L,-1,-0.11774,,,,,0.0282279,False
NFL,Props,Anytime TD,Yes,nfl|props|2026_04_TEN_BAL|props|anytime_td|00-0041438|Yes|0.5|betonlineag,nfl|2026_04_TEN_BAL,2026-10-04,betonlineag,350,4.5,0.105232,,0,0,,,,,0.0223844,False
NFL,Props,Pass Attempts,Under,nfl|props|2026_04_TEN_BAL|props|pass_attempts|00-0034796|Under|28.5|betonlineag,nfl|2026_04_TEN_BAL,2026-10-04,betonlineag,-125,1.8,1.14783,W,0.8,0.918263,0.524846,,,,0.146654,False
NFL,Props,Pass Completions,Under,nfl|props|2026_04_TEN_BAL|props|pass_completions|00-0034796|Under|18.5|betonlineag,nfl|2026_04_TEN_BAL,2026-10-04,betonlineag,-118,1.84746,1.10367,W,0.847458,0.935318,0.509025,0.51354,0.00451517,0.00887024,0.148155,False
NFL,Props,Pass Completions,Over,nfl|props|2026_04_TEN_BAL|props|pass_completions|00-0040676|Over|19.5|draftkings,nfl|2026_04_TEN_BAL,2026-10-04,draftkings,104,2.04,1.44956,W,1.04,1.50754,0.459451,0.471657,0.0122059,0.0265662,0.192293,False
NFL,Props,Receptions,Under,nfl|props|2026_04_TEN_BAL|props|receptions|00-0034753|Under|3.5|draftkings,nfl|2026_04_TEN_BAL,2026-10-04,draftkings,122,2.22,0.282755,L,-1,-0.282755,0.418148,0.419965,0.00181726,0.00434598,0.204602,False
NFL,Props,Receptions,Under,nfl|props|2026_04_TEN_BAL|props|receptions|00-0039064|Under|5.5|betmgm,nfl|2026_04_TEN_BAL,2026-10-04,betmgm,-140,1.71429,0.728826,L,-1,-0.728826,0.549504,,,,0.287621,False
NFL,Props,Rush Attempts,Over,nfl|props|2026_04_TEN_BAL|props|rush_attempts|00-0032764|Over|19.5|draftkings,nfl|2026_04_TEN_BAL,2026-10-04,draftkings,-119,1.84034,0.244825,W,0.840336,0.205735,0.513634,,,,0.172116,False
NFL,Props,Rush Attempts,Alt Over,nfl|props|2026_04_TEN_BAL|props|rush_attempts|00-0032764|Over|25.5|draftkings,nfl|2026_04_TEN_BAL,2026-10-04,draftkings,610,7.1,0.652801,L,-1,-0.652801,,,,,0.25903,False
NFL,Props,Pass Attempts,Over,nfl|props|2026_04_ATL_NO|props|pass_attempts|00-0040743|Over|34.5|draftkings,nfl|2026_04_ATL_NO,2026-10-05,draftkings,-110,1.90909,1.3307,W,0.909091,1.20973,0.493185,,,,0.171136,False
NFL,Props,Pass Completions,Under,nfl|props|2026_04_ATL_NO|props|pass_completions|00-0039917|Under|20.5|betonlineag,nfl|2026_04_ATL_NO,2026-10-05,betonlineag,-114,1.87719,0.633737,W,0.877193,0.555909,0.5,,,,0.106956,False
NFL,Props,Pass Completions,Over,nfl|props|2026_04_ATL_NO|props|pass_completions|00-0040743|Over|23.5|draftkings,nfl|2026_04_ATL_NO,2026-10-05,draftkings,-107,1.93458,0.836941,W,0.934579,0.782188,0.48528,0.511361,0.0260807,0.0537437,0.12692,False
NFL,Props,Pass Rush Yds,Over,nfl|props|2026_04_ATL_NO|props|pass_rush_yds|00-0040743|Over|274.5|fanduel,nfl|2026_04_ATL_NO,2026-10-05,fanduel,-114,1.87719,0.674497,W,0.877193,0.591664,0.5,,,,0.11075,False
NFL,Props,Pass Yds,Over,nfl|props|2026_04_ATL_NO|props|pass_yds|00-0040743|Over|254.5|fanduel,nfl|2026_04_ATL_NO,2026-10-05,fanduel,-114,1.87719,0.634212,W,0.877193,0.556326,0.5,,,,0.107,False
NFL,Props,Reception Yds,Under,nfl|props|2026_04_ATL_NO|props|reception_yds|00-0035644|Under|18.5|betonlineag,nfl|2026_04_ATL_NO,2026-10-05,betonlineag,-112,1.89286,0.28405,,0,0,0.496605,,,,0.191145,False
NFL,Props,Rush Yds,Under,nfl|props|2026_04_ATL_NO|props|rush_yds|00-0037746|Under|30.5|fanatics,nfl|2026_04_ATL_NO,2026-10-05,fanatics,-105,1.95238,0.104128,L,-1,-0.104128,0.477574,,,,0.159051,False
NFL,Props,Rush Yds,Under,nfl|props|2026_04_ATL_NO|props|rush_yds|00-0037746|Under|31.5|betrivers,nfl|2026_04_ATL_NO,2026-10-05,betrivers,-112,1.89286,1.8776,,0,0,0.491099,,,,0.157526,False
NFL,Props,Anytime TD,Yes,nfl|props|2026_05_TB_DAL|props|anytime_td|00-0033921|Yes|0.5|bovada,nfl|2026_05_TB_DAL,2026-10-08,bovada,500,6,0.199659,,0,0,,,,,0.0452083,False
NFL,Props,Anytime TD,Yes,nfl|props|2026_05_TB_DAL|props|anytime_td|00-0038129|Yes|0.5|fanatics,nfl|2026_05_TB_DAL,2026-10-08,fanatics,525,6.25,0.267263,,0,0,,,,,0.061,False
NFL,Props,Pass Completions,Over,nfl|props|2026_05_TB_DAL|props|pass_completions|00-0041251|Over|17.5|draftkings,nfl|2026_05_TB_DAL,2026-10-08,draftkings,-108,1.92593,1.42791,,0,0,0.488639,,,,0.181611,False
NFL,Props,Pass Completions,Alt Over,nfl|props|2026_05_TB_DAL|props|pass_completions|00-0041251|Over|19.5|betrivers,nfl|2026_05_TB_DAL,2026-10-08,betrivers,230,3.3,0.704333,,0,0,,,,,0.22672,False
NFL,Props,Reception Yds,Under,nfl|props|2026_05_TB_DAL|props|reception_yds|00-0040237|Under|12.5|betmgm,nfl|2026_05_TB_DAL,2026-10-08,betmgm,-115,1.86957,0.291267,,0,0,0.5,,,,0.204125,False
NFL,Props,Reception Yds,Under,nfl|props|2026_05_TB_DAL|props|reception_yds|00-0041048|Under|23.5|betmgm,nfl|2026_05_TB_DAL,2026-10-08,betmgm,-120,1.83333,0.0647939,,0,0,0.510049,,,,0.150951,False
NFL,Props,Receptions,Over,nfl|props|2026_05_TB_DAL|props|receptions|00-0038129|Over|3.5|betmgm,nfl|2026_05_TB_DAL,2026-10-08,betmgm,115,2.15,0.0849813,,0,0,0.425953,,,,0.173672,False
NFL,Props,Rush Attempts,Under,nfl|props|2026_05_TB_DAL|props|rush_attempts|00-0036997|Under|17.5|betonlineag,nfl|2026_05_TB_DAL,2026-10-08,betonlineag,-106,1.9434,0.201782,,0,0,0.481942,,,,0.175933,False
NFL,Props,Rush Attempts,Over,nfl|props|2026_05_TB_DAL|props|rush_attempts|00-0039361|Over|13.5|betonlineag,nfl|2026_05_TB_DAL,2026-10-08,betonlineag,103,2.03,0.60817,,0,0,0.459648,,,,0.286852,False
NFL,Props,Rush Attempts,Alt Over,nfl|props|2026_05_TB_DAL|props|rush_attempts|00-0039361|Over|15.5|draftkings,nfl|2026_05_TB_DAL,2026-10-08,draftkings,192,2.92,0.925841,,0,0,,,,,0.281159,False
NFL,Props,Rush Yds,Under,nfl|props|2026_05_TB_DAL|props|rush_yds|00-0036997|Under|73.5|fanduel,nfl|2026_05_TB_DAL,2026-10-08,fanduel,-114,1.87719,0.180737,,0,0,0.5,,,,0.16925,False
NFL,Props,Rush Yds,Under,nfl|props|2026_05_TB_DAL|props|rush_yds|00-0037120|Under|16.5|draftkings,nfl|2026_05_TB_DAL,2026-10-08,draftkings,-111,1.9009,0.879534,,0,0,0.497712,,,,0.325538,False
NFL,Props,Rush Yds,Over,nfl|props|2026_05_TB_DAL|props|rush_yds|00-0039361|Over|51.5|betonlineag,nfl|2026_05_TB_DAL,2026-10-08,betonlineag,-108,1.92593,0.198219,,0,0,0.48646,,,,0.175122,False
NFL,Props,Pass Yds,Over,nfl|props|2026_05_BAL_ATL|props|pass_yds|00-0039917|Over|215.5|betonlineag,nfl|2026_05_BAL_ATL,2026-10-11,betonlineag,-116,1.86207,0.60811,,0,0,0.505659,,,,0.102092,False
NFL,Props,Rush Attempts,Under,nfl|props|2026_05_BAL_ATL|props|rush_attempts|00-0037746|Under|8.5|draftkings,nfl|2026_05_BAL_ATL,2026-10-11,draftkings,111,2.11,0.224198,,0,0,0.441859,,,,0.206266,False
NFL,Props,Rush Yds,Under,nfl|props|2026_05_BAL_ATL|props|rush_yds|00-0034975|Under|10.5|fanatics,nfl|2026_05_BAL_ATL,2026-10-11,fanatics,100,2,0.269866,,0,0,0.461338,,,,0.244412,False
NFL,Props,Rush Yds,Under,nfl|props|2026_05_BAL_ATL|props|rush_yds|00-0037746|Under|35.5|fanduel,nfl|2026_05_BAL_ATL,2026-10-11,fanduel,-114,1.87719,0.192045,,0,0,0.5,,,,0.172,False
NFL,Props,Rush Yds,Under,nfl|props|2026_05_BAL_ATL|props|rush_yds|00-0037746|Under|37.5|betrivers,nfl|2026_05_BAL_ATL,2026-10-11,betrivers,-113,1.88496,0.167816,,0,0,0.494418,,,,0.200707,False
NFL,Props,Anytime TD,Yes,nfl|props|2026_05_CHI_GB|props|anytime_td|00-0040667|Yes|0.5|fanatics,nfl|2026_05_CHI_GB,2026-10-11,fanatics,265,3.65,0.105324,,0,0,,,,,0.0207774,False
NFL,Props,Pass Attempts,Under,nfl|props|2026_05_CHI_GB|props|pass_attempts|00-0036264|Under|34.5|betonlineag,nfl|2026_05_CHI_GB,2026-10-11,betonlineag,-137,1.72993,0.599287,,0,0,0.547794,,,,0.147831,False
NFL,Props,Pass Attempts,Under,nfl|props|2026_05_CHI_GB|props|pass_attempts|00-0038416|Under|31.5|bovada,nfl|2026_05_CHI_GB,2026-10-11,bovada,-120,1.83333,0.401266,,0,0,0.511204,,,,0.135046,False
NFL,Props,Pass Completions,Under,nfl|props|2026_05_CHI_GB|props|pass_completions|00-0036264|Under|20.5|draftkings,nfl|2026_05_CHI_GB,2026-10-11,draftkings,-103,1.97087,0.659355,,0,0,0.476204,,,,0.172296,False
NFL,Props,Pass Completions,Under,nfl|props|2026_05_CHI_GB|props|pass_completions|00-0038416|Under|20.5|betmgm,nfl|2026_05_CHI_GB,2026-10-11,betmgm,-110,1.90909,1.31907,,0,0,0.488796,,,,0.275329,False
NFL,Props,Pass TDs,Under,nfl|props|2026_05_CHI_GB|props|pass_tds|00-0038416|Under|1.5|fanduel,nfl|2026_05_CHI_GB,2026-10-11,fanduel,-128,1.78125,0.398373,,0,0,0.526739,,,,0.13361,False
NFL,Props,Pass Yds,Under,nfl|props|2026_05_CHI_GB|props|pass_yds|00-0036264|Under|234.5|betmgm,nfl|2026_05_CHI_GB,2026-10-11,betmgm,-115,1.86957,0.437123,,0,0,0.5,,,,0.142996,False
NFL,Props,Pass Yds,Under,nfl|props|2026_05_CHI_GB|props|pass_yds|00-0036264|Under|235.5|betrivers,nfl|2026_05_CHI_GB,2026-10-11,betrivers,-114,1.87719,1.07464,,0,0,0.496651,,,,0.152908,False
NFL,Props,Pass Yds,Under,nfl|props|2026_05_CHI_GB|props|pass_yds|00-0038416|Under|219.5|betonlineag,nfl|2026_05_CHI_GB,2026-10-11,betonlineag,-114,1.87719,1.3696,,0,0,0.5,,,,0.27375,False
NFL,Props,Reception Yds,Under,nfl|props|2026_05_CHI_GB|props|reception_yds|00-0032464|Under|29.5|betonlineag,nfl|2026_05_CHI_GB,2026-10-11,betonlineag,-114,1.87719,0.729934,,0,0,0.5,,,,0.339,False
NFL,Props,Reception Yds,Under,nfl|props|2026_05_CHI_GB|props|reception_yds|00-0036275|Under|13.5|fanduel,nfl|2026_05_CHI_GB,2026-10-11,fanduel,-114,1.87719,0.22075,,0,0,0.5,,,,0.200375,False
NFL,Props,Reception Yds,Under,nfl|props|2026_05_CHI_GB|props|reception_yds|00-0038124|Under|60.5|betonlineag,nfl|2026_05_CHI_GB,2026-10-11,betonlineag,-114,1.87719,0.137646,,0,0,0.5,,,,0.17775,False
NFL,Props,Reception Yds,Under,nfl|props|2026_05_CHI_GB|props|reception_yds|00-0040735|Under|48.5|fanduel,nfl|2026_05_CHI_GB,2026-10-11,fanduel,-114,1.87719,0.561431,,0,0,0.5,,,,0.293125,False
NFL,Props,Receptions,Under,nfl|props|2026_05_CHI_GB|props|receptions|00-0032464|Under|3.5|fanduel,nfl|2026_05_CHI_GB,2026-10-11,fanduel,-152,1.65789,0.660314,,0,0,0.570397,,,,0.293228,False
NFL,Props,Receptions,Under,nfl|props|2026_05_CHI_GB|props|receptions|00-0038124|Under|4.5|betmgm,nfl|2026_05_CHI_GB,2026-10-11,betmgm,-135,1.74074,0.0238368,,0,0,0.538662,,,,0.159463,False
NFL,Props,Receptions,Under,nfl|props|2026_05_CHI_GB|props|receptions|00-0040735|Under|4.5|fanduel,nfl|2026_05_CHI_GB,2026-10-11,fanduel,-104,1.96154,0.357683,,0,0,0.473261,,,,0.258864,False
NFL,Props,Anytime TD,Yes,nfl|props|2026_05_CIN_MIA|props|anytime_td|00-0041529|Yes|0.5|fanatics,nfl|2026_05_CIN_MIA,2026-10-11,fanatics,750,8.5,0.201863,,0,0,,,,,0.0483961,False
NFL,Props,Rush Attempts,Under,nfl|props|2026_05_CLE_NYJ|props|rush_attempts|00-0039794|Under|17.5|betonlineag,nfl|2026_05_CLE_NYJ,2026-10-11,betonlineag,-118,1.84746,0.40273,,0,0,0.509025,,,,0.245975,False
NFL,Props,Rush Yds,Under,nfl|props|2026_05_CLE_NYJ|props|rush_yds|00-0039794|Under|69.5|betonlineag,nfl|2026_05_CLE_NYJ,2026-10-11,betonlineag,-114,1.87719,0.134432,,0,0,0.5,,,,0.176875,False
NFL,Props,Rush Yds,Under,nfl|props|2026_05_CLE_NYJ|props|rush_yds|00-0039794|Under|69.5|betrivers,nfl|2026_05_CLE_NYJ,2026-10-11,betrivers,-113,1.88496,1.135,,0,0,0.494418,,,,0.415582,False
NFL,Props,Rush Yds,Under,nfl|props|2026_05_CLE_NYJ|props|rush_yds|00-0039798|Under|12.5|draftkings,nfl|2026_05_CLE_NYJ,2026-10-11,draftkings,-112,1.89286,0.517215,,0,0,0.5,,,,0.235375,False
NFL,Props,Anytime TD,Yes,nfl|props|2026_05_DEN_LAC|props|anytime_td|00-0039391|Yes|0.5|betrivers,nfl|2026_05_DEN_LAC,2026-10-11,betrivers,550,6.5,0.26956,,0,0,,,,,0.061975,False
NFL,Props,Anytime TD,Yes,nfl|props|2026_05_DEN_LAC|props|anytime_td|00-0039391|Yes|0.5|fanatics,nfl|2026_05_DEN_LAC,2026-10-11,fanatics,500,6,0.217087,,0,0,,,,,0.0491545,False
NFL,Props,Receptions,Under,nfl|props|2026_05_DEN_LAC|props|receptions|00-0036613|Under|4.5|fanduel,nfl|2026_05_DEN_LAC,2026-10-11,fanduel,-114,1.87719,0.0655616,,0,0,0.5,,,,0.158125,False
NFL,Props,Rush Attempts,Under,nfl|props|2026_05_DEN_LAC|props|rush_attempts|00-0038454|Under|7.5|betonlineag,nfl|2026_05_DEN_LAC,2026-10-11,betonlineag,-102,1.98039,0.737071,,0,0,0.471854,,,,0.354521,False
NFL,Props,Rush Yds,Under,nfl|props|2026_05_DEN_LAC|props|rush_yds|00-0038454|Under|30.5|betonlineag,nfl|2026_05_DEN_LAC,2026-10-11,betonlineag,-114,1.87719,0.426903,,0,0,0.5,,,,0.2565,False
NFL,Props,Rush Yds,Over,nfl|props|2026_05_DEN_LAC|props|rush_yds|00-0040730|Over|15.5|bovada,nfl|2026_05_DEN_LAC,2026-10-11,bovada,-110,1.90909,0.0536431,,0,0,0.488796,,,,0.165036,False
NFL,Props,Rush Yds,Alt Over,nfl|props|2026_05_DEN_LAC|props|rush_yds|00-0040730|Over|24.5|draftkings,nfl|2026_05_DEN_LAC,2026-10-11,draftkings,234,3.34,0.631949,,0,0,,,,,0.193849,False
NFL,Props,Anytime TD,Yes,nfl|props|2026_05_DET_ARI|props|anytime_td|00-0037744|Yes|0.5|fanatics,nfl|2026_05_DET_ARI,2026-10-11,fanatics,160,2.6,0.797024,,0,0,,,,,0.0666346,False
NFL,Props,Anytime TD,Yes,nfl|props|2026_05_DET_ARI|props|anytime_td|00-0038559|Yes|0.5|fanatics,nfl|2026_05_DET_ARI,2026-10-11,fanatics,250,3.5,0.360214,,0,0,,,,,0.0699107,False
NFL,Props,Pass Rush Yds,Under,nfl|props|2026_05_DET_ARI|props|pass_rush_yds|00-0033119|Under|280.5|fanduel,nfl|2026_05_DET_ARI,2026-10-11,fanduel,-114,1.87719,0.535821,,0,0,0.5,,,,0.152654,False
NFL,Props,Pass Yds,Under,nfl|props|2026_05_DET_ARI|props|pass_yds|00-0033119|Under|272.5|betmgm,nfl|2026_05_DET_ARI,2026-10-11,betmgm,-115,1.86957,0.800665,,0,0,0.5,,,,0.195551,False
NFL,Props,Reception Yds,Under,nfl|props|2026_05_DET_ARI|props|reception_yds|00-0033307|Under|24.5|betmgm,nfl|2026_05_DET_ARI,2026-10-11,betmgm,-111,1.9009,0.219731,,0,0,0.489951,,,,0.215549,False
NFL,Props,Receptions,Under,nfl|props|2026_05_HOU_TEN|props|receptions|00-0036554|Under|5.5|bovada,nfl|2026_05_HOU_TEN,2026-10-11,bovada,-120,1.83333,0.104465,,0,0,0.511204,,,,0.174546,False
NFL,Props,Anytime TD,Yes,nfl|props|2026_05_IND_PIT|props|anytime_td|00-0030279|Yes|0.5|bovada,nfl|2026_05_IND_PIT,2026-10-11,bovada,400,5,0.0931587,,0,0,,,,,0.02025,False
NFL,Props,Anytime TD,Yes,nfl|props|2026_05_IND_PIT|props|anytime_td|00-0036252|Yes|0.5|fanduel,nfl|2026_05_IND_PIT,2026-10-11,fanduel,410,5.1,0.100929,,0,0,,,,,0.0220466,False
NFL,Props,Anytime TD,Yes,nfl|props|2026_05_IND_PIT|props|anytime_td|00-0037228|Yes|0.5|betrivers,nfl|2026_05_IND_PIT,2026-10-11,betrivers,106,2.06,1.29012,,0,0,,,,,0.0901881,False
NFL,Props,Anytime TD,Yes,nfl|props|2026_05_IND_PIT|props|anytime_td|00-0037228|Yes|0.5|fanatics,nfl|2026_05_IND_PIT,2026-10-11,fanatics,-110,1.90909,0.800935,,0,0,,,,,0.0518155,False
NFL,Props,Reception Yds,Over,nfl|props|2026_05_IND_PIT|props|reception_yds|00-0036252|Over|25.5|fanduel,nfl|2026_05_IND_PIT,2026-10-11,fanduel,-114,1.87719,0.0375541,,0,0,0.5,,,,0.1505,False
NFL,Props,Reception Yds,Under,nfl|props|2026_05_IND_PIT|props|reception_yds|00-0038997|Under|58.5|fanduel,nfl|2026_05_IND_PIT,2026-10-11,fanduel,-114,1.87719,0.0811723,,0,0,0.5,,,,0.162375,False
NFL,Props,Reception Yds,Under,nfl|props|2026_05_IND_PIT|props|reception_yds|00-0039739|Under|34.5|draftkings,nfl|2026_05_IND_PIT,2026-10-11,draftkings,-110,1.90909,0.445957,,0,0,0.495425,,,,0.24545,False
NFL,Props,Receptions,Over,nfl|props|2026_05_IND_PIT|props|receptions|00-0036252|Over|2.5|draftkings,nfl|2026_05_IND_PIT,2026-10-11,draftkings,-105,1.95238,0.139963,,0,0,0.481815,,,,0.17006,False
NFL,Props,Receptions,Under,nfl|props|2026_05_IND_PIT|props|receptions|00-0038997|Under|5.5|draftkings,nfl|2026_05_IND_PIT,2026-10-11,draftkings,-154,1.64935,0.271074,,0,0,0.578201,,,,0.182674,False
NFL,Props,Receptions,Under,nfl|props|2026_05_IND_PIT|props|receptions|00-0039739|Under|2.5|draftkings,nfl|2026_05_IND_PIT,2026-10-11,draftkings,125,2.25,0.469514,,0,0,0.412792,,,,0.287708,False
NFL,Props,Pass Completions,Under,nfl|props|2026_05_LV_NE|props|pass_completions|00-0039851|Under|19.5|betonlineag,nfl|2026_05_LV_NE,2026-10-11,betonlineag,-103,1.97087,0.656244,,0,0,0.475154,,,,0.174221,False
NFL,Props,Pass Yds,Under,nfl|props|2026_05_LV_NE|props|pass_yds|00-0029604|Under|228.5|draftkings,nfl|2026_05_LV_NE,2026-10-11,draftkings,-111,1.9009,0.876494,,0,0,0.497712,,,,0.193976,False
NFL,Props,Pass Yds,Under,nfl|props|2026_05_LV_NE|props|pass_yds|00-0029604|Under|229.5|draftkings,nfl|2026_05_LV_NE,2026-10-11,draftkings,-111,1.9009,1.67426,,0,0,0.497712,,,,0.199644,False
NFL,Props,Pass Yds,Under,nfl|props|2026_05_LV_NE|props|pass_yds|00-0039851|Under|227.5|betonlineag,nfl|2026_05_LV_NE,2026-10-11,betonlineag,-112,1.89286,0.373648,,0,0,0.496605,,,,0.127295,False
NFL,Props,Anytime TD,Yes,nfl|props|2026_05_MIN_NO|props|anytime_td|00-0035229|Yes|0.5|fanduel,nfl|2026_05_MIN_NO,2026-10-11,fanduel,310,4.1,0.238376,,0,0,,,,,0.0489726,False
NFL,Props,Anytime TD,Yes,nfl|props|2026_05_MIN_NO|props|anytime_td|00-0036259|Yes|0.5|betonlineag,nfl|2026_05_MIN_NO,2026-10-11,betonlineag,325,4.25,0.203127,,0,0,,,,,0.0422059,False
NFL,Props,Anytime TD,Yes,nfl|props|2026_05_MIN_NO|props|anytime_td|00-0036259|Yes|0.5|fanduel,nfl|2026_05_MIN_NO,2026-10-11,fanduel,550,6.5,0.537832,,0,0,,,,,0.123654,False
NFL,Props,Anytime TD,Yes,nfl|props|2026_05_MIN_NO|props|anytime_td|00-0038994|Yes|0.5|fanduel,nfl|2026_05_MIN_NO,2026-10-11,fanduel,240,3.4,0.222277,,0,0,,,,,0.0426324,False
NFL,Props,Pass Yds,Under,nfl|props|2026_05_MIN_NO|props|pass_yds|00-0035228|Under|212.5|fanduel,nfl|2026_05_MIN_NO,2026-10-11,fanduel,-114,1.87719,0.393919,,0,0,0.5,,,,0.132045,False
NFL,Props,Receptions,Under,nfl|props|2026_05_MIN_NO|props|receptions|00-0037239|Under|6.5|fanduel,nfl|2026_05_MIN_NO,2026-10-11,fanduel,-106,1.9434,0.267088,,0,0,0.481942,,,,0.215433,False
NFL,Props,Anytime TD,Yes,nfl|props|2026_05_NYG_WAS|props|anytime_td|00-0033699|Yes|0.5|fanatics,nfl|2026_05_NYG_WAS,2026-10-11,fanatics,370,4.7,0.0963479,,0,0,,,,,0.020609,False
NFL,Props,Reception Yds,Under,nfl|props|2026_05_PHI_JAX|props|reception_yds|00-0040719|Under|9.5|betrivers,nfl|2026_05_PHI_JAX,2026-10-11,betrivers,-109,1.91743,0.272362,,0,0,0.485482,,,,0.230518,False
NFL,Props,Reception Yds,Under,nfl|props|2026_05_PHI_JAX|props|reception_yds|00-0040719|Under|9.5|draftkings,nfl|2026_05_PHI_JAX,2026-10-11,draftkings,-106,1.9434,0.460566,,0,0,0.486269,,,,0.224731,False
NFL,Props,Reception Yds,Under,nfl|props|2026_05_PHI_JAX|props|reception_yds|00-0041100|Under|12.5|betonlineag,nfl|2026_05_PHI_JAX,2026-10-11,betonlineag,-114,1.87719,0.155553,,0,0,0.5,,,,0.182625,False
NFL,Props,Receptions,Under,nfl|props|2026_05_PHI_JAX|props|receptions|00-0038606|Under|4.5|draftkings,nfl|2026_05_PHI_JAX,2026-10-11,draftkings,108,2.08,0.122413,,0,0,0.448963,,,,0.154912,False
NFL,Props,Receptions,Under,nfl|props|2026_05_PHI_JAX|props|receptions|00-0040719|Under|1.5|betonlineag,nfl|2026_05_PHI_JAX,2026-10-11,betonlineag,-112,1.89286,0.226381,,0,0,0.496605,,,,0.198145,False
NFL,Props,Receptions,Under,nfl|props|2026_05_PHI_JAX|props|receptions|00-0040719|Under|1.5|draftkings,nfl|2026_05_PHI_JAX,2026-10-11,draftkings,-103,1.97087,0.407453,,0,0,0.47726,,,,0.219865,False
NFL,Props,Receptions,Under,nfl|props|2026_05_PHI_JAX|props|receptions|00-0041100|Under|1.5|betonlineag,nfl|2026_05_PHI_JAX,2026-10-11,betonlineag,-135,1.74074,0.183047,,0,0,0.543513,,,,0.159112,False
NFL,Props,Rush Attempts,Under,nfl|props|2026_05_PHI_JAX|props|rush_attempts|00-0040719|Under|14.5|draftkings,nfl|2026_05_PHI_JAX,2026-10-11,draftkings,-106,1.9434,0.0762329,,0,0,0.483013,,,,0.156862,False
NFL,Props,Rush Yds,Under,nfl|props|2026_05_PHI_JAX|props|rush_yds|00-0040719|Under|62.5|betonlineag,nfl|2026_05_PHI_JAX,2026-10-11,betonlineag,-114,1.87719,0.104436,,0,0,0.5,,,,0.168709,False
NFL,Props,Pass Attempts,Under,nfl|props|2026_05_SF_SEA|props|pass_attempts|00-0037834|Under|31.5|draftkings,nfl|2026_05_SF_SEA,2026-10-11,draftkings,-107,1.93458,0.759597,,0,0,0.486366,,,,0.117884,False
NFL,Props,Pass Completions,Under,nfl|props|2026_05_SF_SEA|props|pass_completions|00-0037834|Under|20.5|betmgm,nfl|2026_05_SF_SEA,2026-10-11,betmgm,100,2,0.368965,,0,0,0.461338,,,,0.145787,False
NFL,Props,Pass Completions,Under,nfl|props|2026_05_SF_SEA|props|pass_completions|00-0037834|Under|20.5|draftkings,nfl|2026_05_SF_SEA,2026-10-11,draftkings,102,2.02,0.969593,,0,0,0.463858,,,,0.143267,False
NFL,Props,Receptions,Under,nfl|props|2026_05_SF_SEA|props|receptions|00-0031408|Under|3.5|betonlineag,nfl|2026_05_SF_SEA,2026-10-11,betonlineag,126,2.26,0.104833,,0,0,0.407744,,,,0.183006,False
NFL,Props,Receptions,Under,nfl|props|2026_05_SF_SEA|props|receptions|00-0033280|Under|4.5|draftkings,nfl|2026_05_SF_SEA,2026-10-11,draftkings,106,2.06,0.137767,,0,0,0.454149,,,,0.175476,False
NFL,Props,Rush Yds,Under,nfl|props|2026_05_SF_SEA|props|rush_yds|00-0039299|Under|21.5|betmgm,nfl|2026_05_SF_SEA,2026-10-11,betmgm,-115,1.86957,0.066991,,0,0,0.5,,,,0.16775,False
NFL,Props,Pass Attempts,Under,nfl|props|2026_05_BUF_LA|props|pass_attempts|00-0026498|Under|36.5|betmgm,nfl|2026_05_BUF_LA,2026-10-12,betmgm,105,2.05,0.321226,,0,0,0.445826,,,,0.147174,False
NFL,Props,Pass Completions,Under,nfl|props|2026_05_BUF_LA|props|pass_completions|00-0026498|Under|23.5|bovada,nfl|2026_05_BUF_LA,2026-10-12,bovada,-120,1.83333,0.439312,,0,0,0.511204,,,,0.140421,False
NFL,Props,Reception Yds,Over,nfl|props|2026_05_BUF_LA|props|reception_yds|00-0037840|Over|19.5|betonlineag,nfl|2026_05_BUF_LA,2026-10-12,betonlineag,-114,1.87719,0.179194,,0,0,0.5,,,,0.168875,False
NFL,Props,Reception Yds,Over,nfl|props|2026_05_BUF_LA|props|reception_yds|00-0037840|Over|19.5|fanduel,nfl|2026_05_BUF_LA,2026-10-12,fanduel,-114,1.87719,0.160144,,0,0,0.5,,,,0.183875,False
NFL,Props,Reception Yds,Alt Over,nfl|props|2026_05_BUF_LA|props|reception_yds|00-0037840|Over|39.5|betrivers,nfl|2026_05_BUF_LA,2026-10-12,betrivers,440,5.4,0.528905,,0,0,,,,,0.18869,False
NFL,Props,Reception Yds,Under,nfl|props|2026_05_BUF_LA|props|reception_yds|00-0038933|Under|47.5|betonlineag,nfl|2026_05_BUF_LA,2026-10-12,betonlineag,-114,1.87719,0.26298,,0,0,0.5,,,,0.18925,False
NFL,Props,Reception Yds,Under,nfl|props|2026_05_BUF_LA|props|reception_yds|00-0038933|Under|51.5|betmgm,nfl|2026_05_BUF_LA,2026-10-12,betmgm,-115,1.86957,0.27134,,0,0,0.5,,,,0.223125,False
NFL,Props,Receptions,Under,nfl|props|2026_05_BUF_LA|props|receptions|00-0038933|Under|3.5|bovada,nfl|2026_05_BUF_LA,2026-10-12,bovada,110,2.1,0.341582,,0,0,0.440173,,,,0.258702,False
NFL,Props,Receptions,Under,nfl|props|2026_05_BUF_LA|props|receptions|00-0038933|Under|3.5|fanduel,nfl|2026_05_BUF_LA,2026-10-12,fanduel,106,2.06,0.450004,,0,0,0.449336,,,,0.258789,False
NFL,Props,Receptions,Under,nfl|props|2026_05_BUF_LA|props|receptions|00-0039075|Under|6.5|fanduel,nfl|2026_05_BUF_LA,2026-10-12,fanduel,120,2.2,0.0381089,,0,0,0.416695,,,,0.17443,False
WNBA,Mainlines,Spread,Favorite,wnba|g|2026-06-16|Indiana Fever|Toronto Tempo|home_ats,wnba|2026-06-16|Indiana Fever|Toronto Tempo,2026-06-16,mybookieag,-110,1.90909,3.22,W,0.909091,2.92727,0.5,,,,0.322,True
WNBA,Mainlines,Moneyline,Favorite,wnba|g|2026-06-16|Indiana Fever|Toronto Tempo|home_ml,wnba|2026-06-16|Indiana Fever|Toronto Tempo,2026-06-16,betrivers,-295,1.33898,2.12637,W,0.338983,0.720804,0.711363,0.732184,0.0208213,0.0292696,0.212637,True
WNBA,Mainlines,Spread,Underdog,wnba|g|2026-06-17|Chicago Sky|New York Liberty|home_ats,wnba|2026-06-17|Chicago Sky|New York Liberty,2026-06-17,bovada,-110,1.90909,3.1296,W,0.909091,2.84509,0.5,0.510834,0.0108342,0.0216685,0.31296,True
WNBA,Mainlines,Moneyline,Underdog,wnba|g|2026-06-17|Chicago Sky|New York Liberty|home_ml,wnba|2026-06-17|Chicago Sky|New York Liberty,2026-06-17,bovada,400,5,2.22859,L,-1,-2.22859,0.190141,0.190141,5.55112e-17,2.22045e-16,0.222859,True
WNBA,Mainlines,Spread,Underdog,wnba|g|2026-06-17|Phoenix Mercury|Las Vegas Aces|home_ats,wnba|2026-06-17|Phoenix Mercury|Las Vegas Aces,2026-06-17,mybookieag,-110,1.90909,2.1996,L,-1,-2.1996,0.5,0.5,0,0,0.21996,True
WNBA,Mainlines,Moneyline,Underdog,wnba|g|2026-06-17|Phoenix Mercury|Las Vegas Aces|home_ml,wnba|2026-06-17|Phoenix Mercury|Las Vegas Aces,2026-06-17,mybookieag,260,3.6,2.29457,L,-1,-2.29457,0.264423,0.264423,0,0,0.229457,True
WNBA,Mainlines,Total,Under,wnba|g|2026-06-17|Phoenix Mercury|Las Vegas Aces|under,wnba|2026-06-17|Phoenix Mercury|Las Vegas Aces,2026-06-17,mybookieag,-110,1.90909,0.7552,W,0.909091,0.686545,0.5,0.5,0,0,0.07552,True
WNBA,Mainlines,Spread,Underdog,wnba|g|2026-06-17|Portland Fire|Seattle Storm|away_ats,wnba|2026-06-17|Portland Fire|Seattle Storm,2026-06-17,fanduel,-106,1.9434,1.71744,L,-1,-1.71744,0.491336,0.491336,5.55112e-17,2.22045e-16,0.171744,True
WNBA,Mainlines,Spread,Underdog,wnba|g|2026-06-19|Connecticut Sun|Toronto Tempo|home_ats,wnba|2026-06-19|Connecticut Sun|Toronto Tempo,2026-06-19,bovada,-110,1.90909,1.912,L,-1,-1.912,0.5,,,,0.1912,True
WNBA,Mainlines,Total,Under,wnba|g|2026-06-19|Connecticut Sun|Toronto Tempo|under,wnba|2026-06-19|Connecticut Sun|Toronto Tempo,2026-06-19,bovada,-105,1.95238,0.842342,L,-1,-0.842342,0.489166,,,,0.0842342,True
WNBA,Mainlines,Spread,Favorite,wnba|g|2026-06-20|Atlanta Dream|Indiana Fever|home_ats,wnba|2026-06-20|Atlanta Dream|Indiana Fever,2026-06-20,lowvig,-103,1.97087,1.77181,W,0.970874,1.72021,0.488859,0.508909,0.0200508,0.0410155,0.177181,True
WNBA,Mainlines,Moneyline,Favorite,wnba|g|2026-06-20|Atlanta Dream|Indiana Fever|home_ml,wnba|2026-06-20|Atlanta Dream|Indiana Fever,2026-06-20,betus,-180,1.55556,1.7317,W,0.555556,0.962058,0.62111,0.632772,0.0116623,0.0187766,0.17317,True
WNBA,Mainlines,Total,Under,wnba|g|2026-06-20|Atlanta Dream|Indiana Fever|under,wnba|2026-06-20|Atlanta Dream|Indiana Fever,2026-06-20,lowvig,-106,1.9434,0.681324,L,-1,-0.681324,0.495548,,,,0.0681324,True
WNBA,Mainlines,Spread,Underdog,wnba|g|2026-06-20|Phoenix Mercury|Seattle Storm|away_ats,wnba|2026-06-20|Phoenix Mercury|Seattle Storm,2026-06-20,fanduel,-110,1.90909,2.598,L,-1,-2.598,0.5,0.5,0,0,0.2598,True
WNBA,Mainlines,Moneyline,Underdog,wnba|g|2026-06-20|Phoenix Mercury|Seattle Storm|away_ml,wnba|2026-06-20|Phoenix Mercury|Seattle Storm,2026-06-20,williamhill_us,240,3.4,2.3326,L,-1,-2.3326,0.28086,0.291711,0.0108509,0.0386347,0.23326,True
WNBA,Mainlines,Total,Over,wnba|g|2026-06-20|Phoenix Mercury|Seattle Storm|over,wnba|2026-06-20|Phoenix Mercury|Seattle Storm,2026-06-20,draftkings,-115,1.86957,0.682858,W,0.869565,0.593789,0.510834,0.510834,0,0,0.0682858,True
WNBA,Mainlines,Spread,Favorite,wnba|g|2026-06-21|Los Angeles Sparks|New York Liberty|away_ats,wnba|2026-06-21|Los Angeles Sparks|New York Liberty,2026-06-21,betrivers,-110,1.90909,2.74301,L,-1,-2.74301,0.496819,,,,0.274301,True
WNBA,Mainlines,Moneyline,Favorite,wnba|g|2026-06-21|Los Angeles Sparks|New York Liberty|away_ml,wnba|2026-06-21|Los Angeles Sparks|New York Liberty,2026-06-21,betrivers,-190,1.52632,2.55725,L,-1,-2.55725,0.620915,,,,0.255725,True
WNBA,Mainlines,Spread,Favorite,wnba|g|2026-06-22|Atlanta Dream|Toronto Tempo|home_ats,wnba|2026-06-22|Atlanta Dream|Toronto Tempo,2026-06-22,bovada,-105,1.95238,3.78074,L,-1,-3.78074,0.489166,0.489166,0,0,0.378074,True
WNBA,Mainlines,Spread,Underdog,wnba|g|2026-06-22|Connecticut Sun|Chicago Sky|home_ats,wnba|2026-06-22|Connecticut Sun|Chicago Sky,2026-06-22,williamhill_us,-105,1.95238,1.95834,W,0.952381,1.86509,0.489166,,,,0.195834,True
WNBA,Mainlines,Total,Under,wnba|g|2026-06-22|Connecticut Sun|Chicago Sky|under,wnba|2026-06-22|Connecticut Sun|Chicago Sky,2026-06-22,bovada,-110,1.90909,0.8496,W,0.909091,0.772364,0.5,0.5,0,0,0.08496,True
WNBA,Mainlines,Spread,Favorite,wnba|g|2026-06-22|Indiana Fever|Phoenix Mercury|home_ats,wnba|2026-06-22|Indiana Fever|Phoenix Mercury,2026-06-22,draftkings,-105,1.95238,2.70034,W,0.952381,2.57175,0.489166,0.489166,0,0,0.270034,True
WNBA,Mainlines,Moneyline,Favorite,wnba|g|2026-06-22|Indiana Fever|Phoenix Mercury|home_ml,wnba|2026-06-22|Indiana Fever|Phoenix Mercury,2026-06-22,betmgm,-235,1.42553,2.13996,W,0.425532,0.910622,0.674204,0.674204,0,0,0.213996,True
WNBA,Mainlines,Total,Under,wnba|g|2026-06-22|Indiana Fever|Phoenix Mercury|under,wnba|2026-06-22|Indiana Fever|Phoenix Mercury,2026-06-22,bovada,-110,1.90909,0.9468,W,0.909091,0.860727,0.5,0.510834,0.0108342,0.0216685,0.09468,True
WNBA,Mainlines,Spread,Underdog,wnba|g|2026-06-22|Seattle Storm|Dallas Wings|home_ats,wnba|2026-06-22|Seattle Storm|Dallas Wings,2026-06-22,fanduel,-106,1.9434,1.88544,W,0.943396,1.77872,0.491336,0.491336,5.55112e-17,2.22045e-16,0.188544,True
WNBA,Mainlines,Total,Over,wnba|g|2026-06-22|Seattle Storm|Dallas Wings|over,wnba|2026-06-22|Seattle Storm|Dallas Wings,2026-06-22,draftkings,-105,1.95238,0.916342,W,0.952381,0.872707,0.489166,,,,0.0916342,True
WNBA,Mainlines,Spread,Favorite,wnba|g|2026-06-24|Chicago Sky|Portland Fire|home_ats,wnba|2026-06-24|Chicago Sky|Portland Fire,2026-06-24,betrivers,-112,1.89286,2.2044,W,0.892857,1.96821,0.5,0.5,0,0,0.22044,True
WNBA,Mainlines,Moneyline,Favorite,wnba|g|2026-06-24|Chicago Sky|Portland Fire|home_ml,wnba|2026-06-24|Chicago Sky|Portland Fire,2026-06-24,fanduel,-152,1.65789,2.40331,W,0.657895,1.58112,0.574669,0.574669,0,0,0.240331,True
WNBA,Mainlines,Spread,Favorite,wnba|g|2026-06-24|Indiana Fever|Phoenix Mercury|home_ats,wnba|2026-06-24|Indiana Fever|Phoenix Mercury,2026-06-24,betrivers,-112,1.89286,3.166,L,-1,-3.166,0.5,0.5,0,0,0.3166,True
WNBA,Mainlines,Moneyline,Favorite,wnba|g|2026-06-24|Indiana Fever|Phoenix Mercury|home_ml,wnba|2026-06-24|Indiana Fever|Phoenix Mercury,2026-06-24,fanduel,-320,1.3125,2.04431,L,-1,-2.04431,0.724409,0.724409,0,0,0.204431,True
WNBA,Mainlines,Total,Over,wnba|g|2026-06-24|Washington Mystics|Minnesota Lynx|over,wnba|2026-06-24|Washington Mystics|Minnesota Lynx,2026-06-24,bovada,-115,1.86957,0.536058,L,-1,-0.536058,0.510834,0.510834,0,0,0.0536058,True
WNBA,Mainlines,Spread,Underdog,wnba|g|2026-06-25|Seattle Storm|New York Liberty|home_ats,wnba|2026-06-25|Seattle Storm|New York Liberty,2026-06-25,betrivers,-114,1.87719,3.70938,W,0.877193,3.25384,0.505302,0.505302,0,0,0.370938,True
WNBA,Mainlines,Moneyline,Underdog,wnba|g|2026-06-25|Seattle Storm|New York Liberty|home_ml,wnba|2026-06-25|Seattle Storm|New York Liberty,2026-06-25,williamhill_us,600,7,4.26854,W,6,25.6112,0.136986,0.136986,0,0,0.426854,True
WNBA,Mainlines,Total,Over,wnba|g|2026-06-25|Seattle Storm|New York Liberty|over,wnba|2026-06-25|Seattle Storm|New York Liberty,2026-06-25,betrivers,-113,1.88496,0.757393,W,0.884956,0.67026,0.503181,0.503181,0,0,0.0757393,True
WNBA,Mainlines,Spread,Underdog,wnba|g|2026-06-25|Toronto Tempo|Los Angeles Sparks|away_ats,wnba|2026-06-25|Toronto Tempo|Los Angeles Sparks,2026-06-25,betrivers,-113,1.88496,2.9469,L,-1,-2.9469,0.50427,0.50427,0,0,0.29469,True
WNBA,Mainlines,Moneyline,Underdog,wnba|g|2026-06-25|Toronto Tempo|Los Angeles Sparks|away_ml,wnba|2026-06-25|Toronto Tempo|Los Angeles Sparks,2026-06-25,betrivers,100,2,2.85645,L,-1,-2.85645,0.476395,0.476395,5.55112e-17,2.22045e-16,0.285645,True
WNBA,Mainlines,Spread,Favorite,wnba|g|2026-06-26|Chicago Sky|Portland Fire|home_ats,wnba|2026-06-26|Chicago Sky|Portland Fire,2026-06-26,betrivers,-110,1.90909,3.33621,W,0.909091,3.03292,0.496819,0.494698,-0.00212134,-0.00426984,0.333621,True
WNBA,Mainlines,Moneyline,Favorite,wnba|g|2026-06-26|Chicago Sky|Portland Fire|home_ml,wnba|2026-06-26|Chicago Sky|Portland Fire,2026-06-26,betrivers,-186,1.53763,2.97866,W,0.537634,1.60143,0.619174,0.612584,-0.00659029,-0.0106437,0.297866,True
WNBA,Mainlines,Spread,Favorite,wnba|g|2026-06-27|Indiana Fever|Los Angeles Sparks|home_ats,wnba|2026-06-27|Indiana Fever|Los Angeles Sparks,2026-06-27,mybookieag,-110,1.90909,3.9108,W,0.909091,3.55527,0.5,0.5,0,0,0.39108,True
WNBA,Mainlines,Moneyline,Favorite,wnba|g|2026-06-27|Indiana Fever|Los Angeles Sparks|home_ml,wnba|2026-06-27|Indiana Fever|Los Angeles Sparks,2026-06-27,mybookieag,-248,1.40323,2.81163,W,0.403226,1.13372,0.678397,0.678397,0,0,0.281163,True
WNBA,Mainlines,Spread,Underdog,wnba|g|2026-06-27|Toronto Tempo|Phoenix Mercury|away_ats,wnba|2026-06-27|Toronto Tempo|Phoenix Mercury,2026-06-27,bovada,-105,1.95238,2.76354,W,0.952381,2.63195,0.489166,,,,0.276354,True
WNBA,Mainlines,Moneyline,Underdog,wnba|g|2026-06-27|Toronto Tempo|Phoenix Mercury|away_ml,wnba|2026-06-27|Toronto Tempo|Phoenix Mercury,2026-06-27,bovada,190,2.9,2.72687,W,1.9,5.18105,0.330993,0.315862,-0.0151312,-0.0457146,0.272687,True
WNBA,Mainlines,Spread,Underdog,wnba|g|2026-06-28|Chicago Sky|Las Vegas Aces|home_ats,wnba|2026-06-28|Chicago Sky|Las Vegas Aces,2026-06-28,fanduel,-114,1.87719,2.24896,L,-1,-2.24896,0.508664,0.508664,0,0,0.224896,True
WNBA,Mainlines,Moneyline,Underdog,wnba|g|2026-06-28|Chicago Sky|Las Vegas Aces|home_ml,wnba|2026-06-28|Chicago Sky|Las Vegas Aces,2026-06-28,fanduel,240,3.4,2.32425,L,-1,-2.32425,0.280055,0.280055,5.55112e-17,2.22045e-16,0.232425,True
WNBA,Mainlines,Spread,Favorite,wnba|g|2026-06-28|Dallas Wings|Minnesota Lynx|away_ats,wnba|2026-06-28|Dallas Wings|Minnesota Lynx,2026-06-28,draftkings,-108,1.92593,1.7641,W,0.925926,1.63342,0.49567,0.49567,0,0,0.17641,True
WNBA,Mainlines,Moneyline,Favorite,wnba|g|2026-06-28|Dallas Wings|Minnesota Lynx|away_ml,wnba|2026-06-28|Dallas Wings|Minnesota Lynx,2026-06-28,mybookieag,-169,1.59172,1.79974,W,0.591716,1.06494,0.598226,0.59614,-0.00208574,-0.00348654,0.179974,True
WNBA,Mainlines,Spread,Favorite,wnba|g|2026-06-28|Golden State Valkyries|New York Liberty|home_ats,wnba|2026-06-28|Golden State Valkyries|New York Liberty,2026-06-28,betrivers,-110,1.90909,2.79701,W,0.909091,2.54273,0.496819,0.496819,0,0,0.279701,True
WNBA,Mainlines,Moneyline,Favorite,wnba|g|2026-06-28|Golden State Valkyries|New York Liberty|home_ml,wnba|2026-06-28|Golden State Valkyries|New York Liberty,2026-06-28,draftkings,-115,1.86957,2.94846,W,0.869565,2.56388,0.510834,0.510834,0,0,0.294846,True
WNBA,Mainlines,Spread,Favorite,wnba|g|2026-06-28|Washington Mystics|Portland Fire|home_ats,wnba|2026-06-28|Washington Mystics|Portland Fire,2026-06-28,draftkings,-105,1.95238,2.41474,L,-1,-2.41474,0.489166,0.489166,0,0,0.241474,True
WNBA,Mainlines,Moneyline,Favorite,wnba|g|2026-06-28|Washington Mystics|Portland Fire|home_ml,wnba|2026-06-28|Washington Mystics|Portland Fire,2026-06-28,betmgm,-250,1.4,2.00222,W,0.4,0.800887,0.681818,0.681818,0,0,0.200222,True
WNBA,Mainlines,Total,Over,wnba|g|2026-06-28|Washington Mystics|Portland Fire|over,wnba|2026-06-28|Washington Mystics|Portland Fire,2026-06-28,draftkings,-105,1.95238,0.676342,W,0.952381,0.644136,0.489166,0.489166,0,0,0.0676342,True
WNBA,Mainlines,Total,Under,wnba|g|2026-07-02|Connecticut Sun|Dallas Wings|under,wnba|2026-07-02|Connecticut Sun|Dallas Wings,2026-07-02,lowvig,-103,1.97087,0.853413,W,0.970874,0.828556,0.488859,,,,0.0853413,True
WNBA,Mainlines,Total,Under,wnba|g|2026-07-02|Phoenix Mercury|Seattle Storm|under,wnba|2026-07-02|Phoenix Mercury|Seattle Storm,2026-07-02,fanduel,-118,1.84746,0.739048,W,0.847458,0.626312,0.514975,,,,0.0739048,True
WNBA,Mainlines,Spread,Underdog,wnba|g|2026-07-03|Las Vegas Aces|Chicago Sky|away_ats,wnba|2026-07-03|Las Vegas Aces|Chicago Sky,2026-07-03,fanduel,-118,1.84746,3.38625,W,0.847458,2.8697,0.514975,,,,0.338625,True
WNBA,Mainlines,Moneyline,Underdog,wnba|g|2026-07-03|Las Vegas Aces|Chicago Sky|away_ml,wnba|2026-07-03|Las Vegas Aces|Chicago Sky,2026-07-03,fanatics,275,3.75,3.65681,L,-1,-3.65681,0.255319,,,,0.365681,True
WNBA,Mainlines,Spread,Favorite,wnba|g|2026-07-03|New York Liberty|Minnesota Lynx|away_ats,wnba|2026-07-03|New York Liberty|Minnesota Lynx,2026-07-03,betrivers,-109,1.91743,3.37382,L,-1,-3.37382,0.494698,,,,0.337382,True
WNBA,Mainlines,Moneyline,Favorite,wnba|g|2026-07-03|New York Liberty|Minnesota Lynx|away_ml,wnba|2026-07-03|New York Liberty|Minnesota Lynx,2026-07-03,fanduel,-138,1.72464,3.28023,L,-1,-3.28023,0.551417,,,,0.328023,True
WNBA,Mainlines,Total,Under,wnba|g|2026-07-03|New York Liberty|Minnesota Lynx|under,wnba|2026-07-03|New York Liberty|Minnesota Lynx,2026-07-03,betrivers,-110,1.90909,0.855807,L,-1,-0.855807,0.496819,,,,0.0855807,True
WNBA,Mainlines,Spread,Favorite,wnba|g|2026-07-04|Atlanta Dream|Golden State Valkyries|home_ats,wnba|2026-07-04|Atlanta Dream|Golden State Valkyries,2026-07-04,betus,-110,1.90909,2.6784,L,-1,-2.6784,0.5,,,,0.26784,True
WNBA,Mainlines,Moneyline,Favorite,wnba|g|2026-07-04|Atlanta Dream|Golden State Valkyries|home_ml,wnba|2026-07-04|Atlanta Dream|Golden State Valkyries,2026-07-04,draftkings,-155,1.64516,2.70567,L,-1,-2.70567,0.582993,,,,0.270567,True
WNBA,Mainlines,Total,Over,wnba|g|2026-07-04|Atlanta Dream|Golden State Valkyries|over,wnba|2026-07-04|Atlanta Dream|Golden State Valkyries,2026-07-04,draftkings,-110,1.90909,0.756,W,0.909091,0.687273,0.5,,,,0.0756,True
WNBA,Mainlines,Spread,Favorite,wnba|g|2026-07-04|Seattle Storm|Portland Fire|home_ats,wnba|2026-07-04|Seattle Storm|Portland Fire,2026-07-04,betrivers,-106,1.9434,2.22014,L,-1,-2.22014,0.487346,,,,0.222014,True
WNBA,Mainlines,Moneyline,Favorite,wnba|g|2026-07-04|Seattle Storm|Portland Fire|home_ml,wnba|2026-07-04|Seattle Storm|Portland Fire,2026-07-04,betrivers,-148,1.67568,2.43237,L,-1,-2.43237,0.567643,,,,0.243237,True
WNBA,Mainlines,Total,Under,wnba|g|2026-07-04|Seattle Storm|Portland Fire|under,wnba|2026-07-04|Seattle Storm|Portland Fire,2026-07-04,williamhill_us,-110,1.90909,0.6832,W,0.909091,0.621091,0.5,,,,0.06832,True
WNBA,Mainlines,Spread,Favorite,wnba|g|2026-07-05|Toronto Tempo|Dallas Wings|away_ats,wnba|2026-07-05|Toronto Tempo|Dallas Wings,2026-07-05,betrivers,-109,1.91743,2.63742,W,0.917431,2.41965,0.494698,0.494698,5.55112e-17,2.22045e-16,0.263742,True
WNBA,Mainlines,Moneyline,Favorite,wnba|g|2026-07-05|Toronto Tempo|Dallas Wings|away_ml,wnba|2026-07-05|Toronto Tempo|Dallas Wings,2026-07-05,betrivers,-200,1.5,2.22934,W,0.5,1.11467,0.634146,0.634146,0,0,0.222934,True
WNBA,Mainlines,Spread,Underdog,wnba|g|2026-07-06|Los Angeles Sparks|Seattle Storm|away_ats,wnba|2026-07-06|Los Angeles Sparks|Seattle Storm,2026-07-06,betus,-110,1.90909,3.3184,W,0.909091,3.01673,0.5,0.5,0,0,0.33184,True
WNBA,Mainlines,Moneyline,Underdog,wnba|g|2026-07-06|Los Angeles Sparks|Seattle Storm|away_ml,wnba|2026-07-06|Los Angeles Sparks|Seattle Storm,2026-07-06,bovada,150,2.5,3.08515,W,1.5,4.62773,0.385965,0.385965,0,0,0.308515,True
WNBA,Mainlines,Spread,Underdog,wnba|g|2026-07-06|Washington Mystics|Golden State Valkyries|home_ats,wnba|2026-07-06|Washington Mystics|Golden State Valkyries,2026-07-06,draftkings,-115,1.86957,2.48286,L,-1,-2.48286,0.510834,0.510834,0,0,0.248286,True
WNBA,Mainlines,Moneyline,Underdog,wnba|g|2026-07-06|Washington Mystics|Golden State Valkyries|home_ml,wnba|2026-07-06|Washington Mystics|Golden State Valkyries,2026-07-06,betmgm,200,3,1.88458,L,-1,-1.88458,0.318182,0.318182,0,0,0.188458,True
WNBA,Mainlines,Total,Under,wnba|g|2026-07-06|Washington Mystics|Golden State Valkyries|under,wnba|2026-07-06|Washington Mystics|Golden State Valkyries,2026-07-06,betrivers,-109,1.91743,0.537504,W,0.917431,0.493123,0.49573,0.49573,0,0,0.0537504,True
WNBA,Mainlines,Spread,Favorite,wnba|g|2026-07-07|New York Liberty|Dallas Wings|home_ats,wnba|2026-07-07|New York Liberty|Dallas Wings,2026-07-07,betrivers,-112,1.89286,1.7887,L,-1,-1.7887,0.502135,0.502135,0,0,0.178865,True
WNBA,Mainlines,Total,Under,wnba|g|2026-07-07|New York Liberty|Dallas Wings|under,wnba|2026-07-07|New York Liberty|Dallas Wings,2026-07-07,betrivers,-110,1.90909,0.9326,W,0.909091,0.847818,0.496819,0.496819,0,0,0.0932607,True
WNBA,Mainlines,Spread,Underdog,wnba|g|2026-07-08|Toronto Tempo|Golden State Valkyries|home_ats,wnba|2026-07-08|Toronto Tempo|Golden State Valkyries,2026-07-08,fanduel,-110,1.90909,2.4972,L,-1,-2.4972,0.5,0.5,0,0,0.24972,True
WNBA,Mainlines,Moneyline,Underdog,wnba|g|2026-07-08|Toronto Tempo|Golden State Valkyries|home_ml,wnba|2026-07-08|Toronto Tempo|Golden State Valkyries,2026-07-08,williamhill_us,250,3.5,2.10673,L,-1,-2.10673,0.272727,0.272727,5.55112e-17,2.22045e-16,0.210673,True
WNBA,Mainlines,Total,Under,wnba|g|2026-07-08|Toronto Tempo|Golden State Valkyries|under,wnba|2026-07-08|Toronto Tempo|Golden State Valkyries,2026-07-08,mybookieag,-110,1.90909,0.9928,W,0.909091,0.902545,0.5,,,,0.09928,True
WNBA,Mainlines,Spread,Favorite,wnba|g|2026-07-09|Atlanta Dream|Seattle Storm|home_ats,wnba|2026-07-09|Atlanta Dream|Seattle Storm,2026-07-09,betrivers,-105,1.95238,2.30203,W,0.952381,2.19241,0.484277,0.484277,5.55112e-17,2.22045e-16,0.230203,True
WNBA,Mainlines,Spread,Underdog,wnba|g|2026-07-09|Portland Fire|Las Vegas Aces|home_ats,wnba|2026-07-09|Portland Fire|Las Vegas Aces,2026-07-09,mybookieag,-110,1.90909,2.4012,W,0.909091,2.18291,0.5,,,,0.24012,True
WNBA,Mainlines,Moneyline,Underdog,wnba|g|2026-07-09|Portland Fire|Las Vegas Aces|home_ml,wnba|2026-07-09|Portland Fire|Las Vegas Aces,2026-07-09,bovada,330,4.3,2.24401,L,-1,-2.24401,0.222039,,,,0.224401,True
WNBA,Mainlines,Spread,Underdog,wnba|g|2026-07-10|Connecticut Sun|Golden State Valkyries|home_ats,wnba|2026-07-10|Connecticut Sun|Golden State Valkyries,2026-07-10,draftkings,-112,1.89286,3.0379,L,-1,-3.0379,0.50433,,,,0.30379,True
WNBA,Mainlines,Moneyline,Underdog,wnba|g|2026-07-10|Connecticut Sun|Golden State Valkyries|home_ml,wnba|2026-07-10|Connecticut Sun|Golden State Valkyries,2026-07-10,betrivers,265,3.65,2.99808,L,-1,-2.99808,0.261112,,,,0.299808,True
WNBA,Mainlines,Total,Under,wnba|g|2026-07-10|Connecticut Sun|Golden State Valkyries|under,wnba|2026-07-10|Connecticut Sun|Golden State Valkyries,2026-07-10,draftkings,-115,1.86957,0.566058,W,0.869565,0.492224,0.510834,,,,0.0566058,True
WNBA,Mainlines,Spread,Favorite,wnba|g|2026-07-11|Atlanta Dream|Portland Fire|home_ats,wnba|2026-07-11|Atlanta Dream|Portland Fire,2026-07-11,bovada,-115,1.86957,1.78086,L,-1,-1.78086,0.510834,,,,0.178086,True
WNBA,Mainlines,Spread,Favorite,wnba|g|2026-07-12|Toronto Tempo|New York Liberty|away_ats,wnba|2026-07-12|Toronto Tempo|New York Liberty,2026-07-12,betrivers,-110,1.90909,2.12021,L,-1,-2.12021,0.496819,,,,0.212021,True
WNBA,Mainlines,Moneyline,Favorite,wnba|g|2026-07-12|Toronto Tempo|New York Liberty|away_ml,wnba|2026-07-12|Toronto Tempo|New York Liberty,2026-07-12,betrivers,-250,1.4,1.78599,L,-1,-1.78599,0.678161,,,,0.178599,True
WNBA,Mainlines,Spread,Underdog,wnba|g|2026-07-12|Washington Mystics|Seattle Storm|away_ats,wnba|2026-07-12|Washington Mystics|Seattle Storm,2026-07-12,betmgm,-110,1.90909,2.3912,W,0.909091,2.17382,0.5,,,,0.23912,True
WNBA,Mainlines,Moneyline,Underdog,wnba|g|2026-07-12|Washington Mystics|Seattle Storm|away_ml,wnba|2026-07-12|Washington Mystics|Seattle Storm,2026-07-12,williamhill_us,185,2.85,2.01608,L,-1,-2.01608,0.336352,,,,0.201608,True
WNBA,Mainlines,Spread,Favorite,wnba|g|2026-07-13|Minnesota Lynx|Phoenix Mercury|home_ats,wnba|2026-07-13|Minnesota Lynx|Phoenix Mercury,2026-07-13,betmgm,100,2,1.99419,L,-1,-1.99419,0.478261,,,,0.199419,True
WNBA,Mainlines,Total,Over,wnba|g|2026-07-13|Minnesota Lynx|Phoenix Mercury|over,wnba|2026-07-13|Minnesota Lynx|Phoenix Mercury,2026-07-13,betmgm,-110,1.90909,0.854815,W,0.909091,0.777104,0.489879,,,,0.0854815,True
WNBA,Mainlines,Spread,Underdog,wnba|g|2026-07-14|Connecticut Sun|Portland Fire|home_ats,wnba|2026-07-14|Connecticut Sun|Portland Fire,2026-07-14,betmgm,-115,1.86957,2.08526,W,0.869565,1.81327,0.510834,,,,0.208526,True
WNBA,Mainlines,Moneyline,Favorite,wnba|g|2026-07-14|Connecticut Sun|Portland Fire|home_ml,wnba|2026-07-14|Connecticut Sun|Portland Fire,2026-07-14,mybookieag,-105,1.95238,1.77998,W,0.952381,1.69522,0.488162,,,,0.177998,True
WNBA,Mainlines,Spread,Favorite,wnba|g|2026-07-15|Indiana Fever|Golden State Valkyries|home_ats,wnba|2026-07-15|Indiana Fever|Golden State Valkyries,2026-07-15,betrivers,-110,1.90909,3.28461,L,-1,-3.28461,0.496819,,,,0.328461,True
WNBA,Mainlines,Moneyline,Favorite,wnba|g|2026-07-15|Indiana Fever|Golden State Valkyries|home_ml,wnba|2026-07-15|Indiana Fever|Golden State Valkyries,2026-07-15,betrivers,-125,1.8,3.27924,L,-1,-3.27924,0.528796,,,,0.327924,True
WNBA,Mainlines,Spread,Favorite,wnba|g|2026-07-15|Minnesota Lynx|Los Angeles Sparks|home_ats,wnba|2026-07-15|Minnesota Lynx|Los Angeles Sparks,2026-07-15,betus,-110,1.90909,3.3328,L,-1,-3.3328,0.5,,,,0.33328,True
WNBA,Mainlines,Total,Under,wnba|g|2026-07-15|Minnesota Lynx|Los Angeles Sparks|under,wnba|2026-07-15|Minnesota Lynx|Los Angeles Sparks,2026-07-15,fanduel,-114,1.87719,0.59616,W,0.877193,0.522947,0.508664,,,,0.059616,True
WNBA,Mainlines,Spread,Favorite,wnba|g|2026-07-16|Washington Mystics|Portland Fire|home_ats,wnba|2026-07-16|Washington Mystics|Portland Fire,2026-07-16,betrivers,-114,1.87719,3.55538,L,-1,-3.55538,0.505302,,,,0.355538,True
WNBA,Mainlines,Moneyline,Favorite,wnba|g|2026-07-16|Washington Mystics|Portland Fire|home_ml,wnba|2026-07-16|Washington Mystics|Portland Fire,2026-07-16,betrivers,-235,1.42553,2.76496,L,-1,-2.76496,0.666584,0.688898,0.0223146,0.0334761,0.276496,True
WNBA,Mainlines,Total,Over,wnba|g|2026-07-16|Washington Mystics|Portland Fire|over,wnba|2026-07-16|Washington Mystics|Portland Fire,2026-07-16,fanduel,-112,1.89286,0.679502,L,-1,-0.679502,0.50433,,,,0.0679502,True
WNBA,Mainlines,Spread,Favorite,wnba|g|2026-07-17|Indiana Fever|Seattle Storm|home_ats,wnba|2026-07-17|Indiana Fever|Seattle Storm,2026-07-17,betmgm,-105,1.95238,1.88074,L,-1,-1.88074,0.489166,,,,0.188074,True
WNBA,Mainlines,Spread,Favorite,wnba|g|2026-07-17|Toronto Tempo|Atlanta Dream|away_ats,wnba|2026-07-17|Toronto Tempo|Atlanta Dream,2026-07-17,draftkings,-112,1.89286,1.9023,W,0.892857,1.69848,0.50433,,,,0.19023,True
WNBA,Mainlines,Total,Under,wnba|g|2026-07-17|Toronto Tempo|Atlanta Dream|under,wnba|2026-07-17|Toronto Tempo|Atlanta Dream,2026-07-17,betmgm,-110,1.90909,0.8788,L,-1,-0.8788,0.5,,,,0.08788,True
WNBA,Mainlines,Spread,Underdog,wnba|g|2026-07-18|Golden State Valkyries|Washington Mystics|away_ats,wnba|2026-07-18|Golden State Valkyries|Washington Mystics,2026-07-18,betrivers,-105,1.95238,2.70923,W,0.952381,2.58022,0.484277,,,,0.270923,True
WNBA,Mainlines,Moneyline,Underdog,wnba|g|2026-07-18|Golden State Valkyries|Washington Mystics|away_ml,wnba|2026-07-18|Golden State Valkyries|Washington Mystics,2026-07-18,betrivers,335,4.35,2.2332,L,-1,-2.2332,0.219,,,,0.22332,True
WNBA,Mainlines,Spread,Favorite,wnba|g|2026-07-18|Minnesota Lynx|Portland Fire|home_ats,wnba|2026-07-18|Minnesota Lynx|Portland Fire,2026-07-18,lowvig,-103,1.97087,3.26861,L,-1,-3.26861,0.488859,,,,0.326861,True
WNBA,Mainlines,Total,Under,wnba|g|2026-07-19|Atlanta Dream|Chicago Sky|under,wnba|2026-07-19|Atlanta Dream|Chicago Sky,2026-07-19,betmgm,-105,1.95238,0.593446,L,-1,-0.593446,0.479695,,,,0.0593446,True
WNBA,Mainlines,Spread,Underdog,wnba|g|2026-07-20|Golden State Valkyries|Washington Mystics|away_ats,wnba|2026-07-20|Golden State Valkyries|Washington Mystics,2026-07-20,mybookieag,-110,1.90909,2.9544,W,0.909091,2.68582,0.5,0.5,0,0,0.29544,True
WNBA,Mainlines,Moneyline,Underdog,wnba|g|2026-07-20|Golden State Valkyries|Washington Mystics|away_ml,wnba|2026-07-20|Golden State Valkyries|Washington Mystics,2026-07-20,bovada,280,3.8,2.29639,W,2.8,6.42989,0.251641,0.24132,-0.0103213,-0.0410158,0.229639,True
WNBA,Mainlines,Spread,Underdog,wnba|g|2026-07-20|Seattle Storm|Minnesota Lynx|home_ats,wnba|2026-07-20|Seattle Storm|Minnesota Lynx,2026-07-20,mybookieag,-110,1.90909,1.8892,W,0.909091,1.71745,0.5,,,,0.18892,True
WNBA,Mainlines,Total,Over,wnba|g|2026-07-20|Seattle Storm|Minnesota Lynx|over,wnba|2026-07-20|Seattle Storm|Minnesota Lynx,2026-07-20,bovada,-110,1.90909,0.7552,W,0.909091,0.686545,0.5,,,,0.07552,True
WNBA,Mainlines,Total,Under,wnba|g|2026-07-22|Indiana Fever|Connecticut Sun|under,wnba|2026-07-22|Indiana Fever|Connecticut Sun,2026-07-22,betmgm,-110,1.90909,0.6292,L,-1,-0.6292,0.5,,,,0.06292,True
WNBA,Mainlines,Total,Under,wnba|g|2026-07-22|New York Liberty|Chicago Sky|under,wnba|2026-07-22|New York Liberty|Chicago Sky,2026-07-22,betmgm,-110,1.90909,0.8032,L,-1,-0.8032,0.5,0.5,0,0,0.08032,True
WNBA,Mainlines,Spread,Underdog,wnba|g|2026-07-22|Portland Fire|Dallas Wings|home_ats,wnba|2026-07-22|Portland Fire|Dallas Wings,2026-07-22,bovada,100,2,2.2,W,1,2.2,0.5,,,,0.223,True
WNBA,Mainlines,Moneyline,Underdog,wnba|g|2026-07-22|Portland Fire|Dallas Wings|home_ml,wnba|2026-07-22|Portland Fire|Dallas Wings,2026-07-22,draftkings,187,2.87,2,L,-1,-2,0.348432,0.333008,-0.015424,-0.0442669,0.204,True
WNBA,Mainlines,Total,Under,wnba|g|2026-07-22|Seattle Storm|Minnesota Lynx|under,wnba|2026-07-22|Seattle Storm|Minnesota Lynx,2026-07-22,lowvig,-101,1.9901,0.505745,W,0.990099,0.500738,0.484385,,,,0.0505745,True
WNBA,Mainlines,Spread,Underdog,wnba|g|2026-07-22|Washington Mystics|Las Vegas Aces|home_ats,wnba|2026-07-22|Washington Mystics|Las Vegas Aces,2026-07-22,lowvig,-103,1.97087,3.61901,W,0.970874,3.51361,0.488859,0.511141,0.0222826,0.0455809,0.361901,True
WNBA,Mainlines,Moneyline,Underdog,wnba|g|2026-07-22|Washington Mystics|Las Vegas Aces|home_ml,wnba|2026-07-22|Washington Mystics|Las Vegas Aces,2026-07-22,mybookieag,212,3.12,3.701,W,2.12,7.84612,0.30518,0.311526,0.00634667,0.0207965,0.3701,True
WNBA,Mainlines,Spread,Favorite,wnba|g|2026-07-28|Minnesota Lynx|Toronto Tempo|home_ats,wnba|2026-07-28|Minnesota Lynx|Toronto Tempo,2026-07-28,fanduel,-104,1.96154,3,L,-1,-3,0.485025,,,,0.472335,True
WNBA,Mainlines,Spread,Favorite,wnba|g|2026-07-28|Washington Mystics|Connecticut Sun|home_ats,wnba|2026-07-28|Washington Mystics|Connecticut Sun,2026-07-28,bovada,-110,1.90909,1.7004,W,0.909091,1.54582,0.5,,,,0.17004,True
WNBA,Mainlines,Moneyline,Favorite,wnba|g|2026-07-28|Washington Mystics|Connecticut Sun|home_ml,wnba|2026-07-28|Washington Mystics|Connecticut Sun,2026-07-28,bovada,-225,1.44444,1.87832,W,0.444444,0.834808,0.663648,,,,0.187832,True
WNBA,Mainlines,Spread,Underdog,wnba|g|2026-07-29|Phoenix Mercury|Golden State Valkyries|home_ats,wnba|2026-07-29|Phoenix Mercury|Golden State Valkyries,2026-07-29,draftkings,-118,1.84746,2.12479,W,0.847458,1.80067,0.516161,,,,0.212479,True
WNBA,Mainlines,Spread,Underdog,wnba|g|2026-07-30|Las Vegas Aces|New York Liberty|away_ats,wnba|2026-07-30|Las Vegas Aces|New York Liberty,2026-07-30,lowvig,-102,1.98039,1.86856,W,0.980392,1.83192,0.486624,,,,0.186856,True
WNBA,Mainlines,Moneyline,Underdog,wnba|g|2026-07-30|Las Vegas Aces|New York Liberty|away_ml,wnba|2026-07-30|Las Vegas Aces|New York Liberty,2026-07-30,draftkings,192,2.92,1.95265,L,-1,-1.95265,0.327215,,,,0.195265,True
WNBA,Mainlines,Spread,Favorite,wnba|g|2026-07-30|Toronto Tempo|Minnesota Lynx|away_ats,wnba|2026-07-30|Toronto Tempo|Minnesota Lynx,2026-07-30,draftkings,-104,1.96154,3,W,0.961538,2.88462,0.486993,,,,0.384567,True
WNBA,Mainlines,Spread,Favorite,wnba|g|2026-07-31|Atlanta Dream|Seattle Storm|home_ats,wnba|2026-07-31|Atlanta Dream|Seattle Storm,2026-07-31,betrivers,-109,1.91743,2.3191,L,-1,-2.3191,0.49573,,,,0.23191,True
WNBA,Mainlines,Spread,Favorite,wnba|g|2026-08-02|Minnesota Lynx|Indiana Fever|home_ats,wnba|2026-08-02|Minnesota Lynx|Indiana Fever,2026-08-02,betmgm,-102,1.98039,1.79884,W,0.980392,1.76357,0.482636,,,,0.179884,True
WNBA,Mainlines,Spread,Underdog,wnba|g|2026-08-02|Portland Fire|Los Angeles Sparks|away_ats,wnba|2026-08-02|Portland Fire|Los Angeles Sparks,2026-08-02,fanduel,-114,1.87719,1.99456,W,0.877193,1.74961,0.508664,,,,0.199456,True
WNBA,Mainlines,Moneyline,Underdog,wnba|g|2026-08-02|Portland Fire|Los Angeles Sparks|away_ml,wnba|2026-08-02|Portland Fire|Los Angeles Sparks,2026-08-02,betmgm,100,2,1.84619,W,1,1.84619,0.478261,,,,0.184619,True
WNBA,Mainlines,Spread,Favorite,wnba|g|2026-08-03|Atlanta Dream|Las Vegas Aces|home_ats,wnba|2026-08-03|Atlanta Dream|Las Vegas Aces,2026-08-03,williamhill_us,-105,1.95238,3,L,-1,-3,0.489166,,,,0.327234,True
WNBA,Mainlines,Moneyline,Favorite,wnba|g|2026-08-03|Atlanta Dream|Las Vegas Aces|home_ml,wnba|2026-08-03|Atlanta Dream|Las Vegas Aces,2026-08-03,betmgm,-118,1.84746,3,L,-1,-3,0.517364,,,,0.327956,True
WNBA,Mainlines,Spread,Underdog,wnba|g|2026-08-03|Chicago Sky|Phoenix Mercury|home_ats,wnba|2026-08-03|Chicago Sky|Phoenix Mercury,2026-08-03,draftkings,-110,1.90909,1.9204,L,-1,-1.9204,0.5,,,,0.19204,True
WNBA,Mainlines,Total,Over,wnba|g|2026-08-05|Atlanta Dream|Phoenix Mercury|over,wnba|2026-08-05|Atlanta Dream|Phoenix Mercury,2026-08-05,betrivers,-117,1.8547,0.622199,L,-1,-0.622199,0.51054,,,,0.0622199,True
WNBA,Mainlines,Spread,Underdog,wnba|g|2026-08-05|Washington Mystics|Dallas Wings|home_ats,wnba|2026-08-05|Washington Mystics|Dallas Wings,2026-08-05,betrivers,-106,1.9434,2.88774,W,0.943396,2.72428,0.487346,,,,0.288774,True
WNBA,Mainlines,Moneyline,Underdog,wnba|g|2026-08-05|Washington Mystics|Dallas Wings|home_ml,wnba|2026-08-05|Washington Mystics|Dallas Wings,2026-08-05,betrivers,128,2.28,2.96423,W,1.28,3.79421,0.414977,,,,0.296423,True
WNBA,Mainlines,Spread,Underdog,wnba|g|2026-08-06|Indiana Fever|Las Vegas Aces|home_ats,wnba|2026-08-06|Indiana Fever|Las Vegas Aces,2026-08-06,betmgm,-110,1.90909,2.5556,L,-1,-2.5556,0.5,,,,0.25556,True
WNBA,Mainlines,Moneyline,Underdog,wnba|g|2026-08-06|Indiana Fever|Las Vegas Aces|home_ml,wnba|2026-08-06|Indiana Fever|Las Vegas Aces,2026-08-06,betus,100,2,2.43139,L,-1,-2.43139,0.478261,,,,0.243139,True
WNBA,Mainlines,Spread,Favorite,wnba|g|2026-08-06|Minnesota Lynx|Los Angeles Sparks|home_ats,wnba|2026-08-06|Minnesota Lynx|Los Angeles Sparks,2026-08-06,betus,-110,1.90909,2.8512,L,-1,-2.8512,0.5,,,,0.28512,True
WNBA,Mainlines,Total,Under,wnba|g|2026-08-06|Minnesota Lynx|Los Angeles Sparks|under,wnba|2026-08-06|Minnesota Lynx|Los Angeles Sparks,2026-08-06,lowvig,-103,1.97087,0.769013,W,0.970874,0.746615,0.488859,,,,0.0769013,True
WNBA,Mainlines,Spread,Favorite,wnba|g|2026-08-07|Connecticut Sun|Phoenix Mercury|away_ats,wnba|2026-08-07|Connecticut Sun|Phoenix Mercury,2026-08-07,fanduel,-108,1.92593,2.0285,L,-1,-2.0285,0.49567,,,,0.20285,True
WNBA,Mainlines,Moneyline,Favorite,wnba|g|2026-08-07|Connecticut Sun|Phoenix Mercury|away_ml,wnba|2026-08-07|Connecticut Sun|Phoenix Mercury,2026-08-07,fanduel,-250,1.4,1.71715,L,-1,-1.71715,0.680365,,,,0.171715,True
WNBA,Mainlines,Spread,Underdog,wnba|g|2026-08-07|Washington Mystics|Atlanta Dream|home_ats,wnba|2026-08-07|Washington Mystics|Atlanta Dream,2026-08-07,bovada,-105,1.95238,2.32314,W,0.952381,2.21252,0.489166,,,,0.232314,True
WNBA,Mainlines,Moneyline,Underdog,wnba|g|2026-08-07|Washington Mystics|Atlanta Dream|home_ml,wnba|2026-08-07|Washington Mystics|Atlanta Dream,2026-08-07,mybookieag,194,2.94,2.29728,W,1.94,4.45671,0.324112,,,,0.229728,True
WNBA,Mainlines,Spread,Favorite,wnba|g|2026-08-08|Chicago Sky|Indiana Fever|away_ats,wnba|2026-08-08|Chicago Sky|Indiana Fever,2026-08-08,betrivers,-110,1.90909,1.76015,L,-1,-1.76015,0.497865,,,,0.176015,True
WNBA,Mainlines,Spread,Favorite,wnba|g|2026-08-08|Minnesota Lynx|Las Vegas Aces|home_ats,wnba|2026-08-08|Minnesota Lynx|Las Vegas Aces,2026-08-08,betmgm,-102,1.98039,2.87404,W,0.980392,2.81769,0.482636,,,,0.287404,True
WNBA,Mainlines,Moneyline,Favorite,wnba|g|2026-08-08|Minnesota Lynx|Las Vegas Aces|home_ml,wnba|2026-08-08|Minnesota Lynx|Las Vegas Aces,2026-08-08,fanduel,-205,1.4878,2.34395,W,0.487805,1.14339,0.639565,,,,0.234395,True
WNBA,Mainlines,Spread,Underdog,wnba|g|2026-08-09|Los Angeles Sparks|Golden State Valkyries|home_ats,wnba|2026-08-09|Los Angeles Sparks|Golden State Valkyries,2026-08-09,lowvig,-103,1.97087,2.35541,W,0.970874,2.28681,0.488859,,,,0.235541,True
WNBA,Mainlines,Spread,Favorite,wnba|g|2026-08-09|Minnesota Lynx|Dallas Wings|home_ats,wnba|2026-08-09|Minnesota Lynx|Dallas Wings,2026-08-09,betmgm,-105,1.95238,3,W,0.952381,2.85714,0.489166,,,,0.363074,True
WNBA,Mainlines,Moneyline,Favorite,wnba|g|2026-08-09|Minnesota Lynx|Dallas Wings|home_ml,wnba|2026-08-09|Minnesota Lynx|Dallas Wings,2026-08-09,betus,-220,1.45455,2.694,W,0.454545,1.22455,0.65812,,,,0.2694,True
WNBA,Mainlines,Spread,Favorite,wnba|g|2026-08-09|New York Liberty|Las Vegas Aces|home_ats,wnba|2026-08-09|New York Liberty|Las Vegas Aces,2026-08-09,draftkings,-102,1.98039,3,W,0.980392,2.94118,0.482636,,,,0.395844,True
WNBA,Mainlines,Moneyline,Favorite,wnba|g|2026-08-09|New York Liberty|Las Vegas Aces|home_ml,wnba|2026-08-09|New York Liberty|Las Vegas Aces,2026-08-09,betus,-380,1.26316,1.9896,W,0.263158,0.523579,0.76,,,,0.19896,True
WNBA,Mainlines,Spread,Favorite,wnba|g|2026-08-10|Atlanta Dream|Toronto Tempo|home_ats,wnba|2026-08-10|Atlanta Dream|Toronto Tempo,2026-08-10,mybookieag,-110,1.90909,2.54,L,-1,-2.54,0.5,,,,0.254,True
WNBA,Mainlines,Spread,Underdog,wnba|g|2026-08-10|Seattle Storm|Chicago Sky|home_ats,wnba|2026-08-10|Seattle Storm|Chicago Sky,2026-08-10,mybookieag,-110,1.90909,2.3808,W,0.909091,2.16436,0.5,,,,0.23808,True
WNBA,Mainlines,Moneyline,Favorite,wnba|g|2026-08-10|Seattle Storm|Chicago Sky|home_ml,wnba|2026-08-10|Seattle Storm|Chicago Sky,2026-08-10,mybookieag,-103,1.97087,2.24601,W,0.970874,2.18059,0.483839,,,,0.224601,True
WNBA,Mainlines,Spread,Favorite,wnba|g|2026-08-11|Indiana Fever|New York Liberty|home_ats,wnba|2026-08-11|Indiana Fever|New York Liberty,2026-08-11,draftkings,-112,1.89286,2.0379,W,0.892857,1.81956,0.50433,,,,0.20379,True
WNBA,Mainlines,Moneyline,Favorite,wnba|g|2026-08-11|Indiana Fever|New York Liberty|home_ml,wnba|2026-08-11|Indiana Fever|New York Liberty,2026-08-11,draftkings,-162,1.61728,2.0391,W,0.617284,1.25871,0.59337,,,,0.20391,True
WNBA,Mainlines,Spread,Underdog,wnba|g|2026-08-11|Las Vegas Aces|Washington Mystics|away_ats,wnba|2026-08-11|Las Vegas Aces|Washington Mystics,2026-08-11,lowvig,-103,1.97087,2.02981,L,-1,-2.02981,0.488859,,,,0.202981,True
WNBA,Mainlines,Moneyline,Underdog,wnba|g|2026-08-11|Las Vegas Aces|Washington Mystics|away_ml,wnba|2026-08-11|Las Vegas Aces|Washington Mystics,2026-08-11,betmgm,260,3.6,1.85702,L,-1,-1.85702,0.266458,,,,0.185702,True
WNBA,Mainlines,Spread,Underdog,wnba|g|2026-08-12|Dallas Wings|Toronto Tempo|away_ats,wnba|2026-08-12|Dallas Wings|Toronto Tempo,2026-08-12,draftkings,-108,1.92593,2.2505,W,0.925926,2.08379,0.49567,,,,0.22505,True
WNBA,Mainlines,Moneyline,Underdog,wnba|g|2026-08-12|Dallas Wings|Toronto Tempo|away_ml,wnba|2026-08-12|Dallas Wings|Toronto Tempo,2026-08-12,williamhill_us,360,4.6,2.39846,L,-1,-2.39846,0.208034,,,,0.239846,True
WNBA,Mainlines,Spread,Favorite,wnba|g|2026-08-12|Portland Fire|Minnesota Lynx|away_ats,wnba|2026-08-12|Portland Fire|Minnesota Lynx,2026-08-12,betrivers,-112,1.89286,3,L,-1,-3,0.502135,,,,0.344865,True
WNBA,Mainlines,Total,Over,wnba|g|2026-08-13|Connecticut Sun|Atlanta Dream|over,wnba|2026-08-13|Connecticut Sun|Atlanta Dream,2026-08-13,williamhill_us,-110,1.90909,0.876,L,-1,-0.876,0.5,,,,0.0876,True
WNBA,Mainlines,Total,Under,wnba|g|2026-08-13|Las Vegas Aces|Washington Mystics|under,wnba|2026-08-13|Las Vegas Aces|Washington Mystics,2026-08-13,bovada,-110,1.90909,0.5532,W,0.909091,0.502909,0.5,,,,0.05532,True
WNBA,Mainlines,Spread,Favorite,wnba|g|2026-08-14|Seattle Storm|Portland Fire|home_ats,wnba|2026-08-14|Seattle Storm|Portland Fire,2026-08-14,fanduel,-110,1.90909,2.21,L,-1,-2.21,0.5,,,,0.221,True
WNBA,Mainlines,Moneyline,Favorite,wnba|g|2026-08-14|Seattle Storm|Portland Fire|home_ml,wnba|2026-08-14|Seattle Storm|Portland Fire,2026-08-14,fanduel,-162,1.61728,2.31961,L,-1,-2.31961,0.589239,,,,0.231961,True
WNBA,Mainlines,Spread,Favorite,wnba|g|2026-08-15|Las Vegas Aces|Minnesota Lynx|away_ats,wnba|2026-08-15|Las Vegas Aces|Minnesota Lynx,2026-08-15,bovada,-105,1.95238,2.21074,W,0.952381,2.10547,0.489166,,,,0.221074,True
WNBA,Mainlines,Moneyline,Favorite,wnba|g|2026-08-15|Las Vegas Aces|Minnesota Lynx|away_ml,wnba|2026-08-15|Las Vegas Aces|Minnesota Lynx,2026-08-15,betmgm,-120,1.83333,2.25861,W,0.833333,1.88217,0.521739,,,,0.225861,True
WNBA,Mainlines,Total,Under,wnba|g|2026-08-15|Las Vegas Aces|Minnesota Lynx|under,wnba|2026-08-15|Las Vegas Aces|Minnesota Lynx,2026-08-15,williamhill_us,-110,1.90909,0.8616,W,0.909091,0.783273,0.5,,,,0.08616,True
WNBA,Mainlines,Spread,Favorite,wnba|g|2026-08-15|Washington Mystics|Los Angeles Sparks|home_ats,wnba|2026-08-15|Washington Mystics|Los Angeles Sparks,2026-08-15,betrivers,-120,1.83333,2.07197,W,0.833333,1.72664,0.515723,,,,0.207197,True
WNBA,Mainlines,Moneyline,Favorite,wnba|g|2026-08-15|Washington Mystics|Los Angeles Sparks|home_ml,wnba|2026-08-15|Washington Mystics|Los Angeles Sparks,2026-08-15,betrivers,-240,1.41667,1.80953,W,0.416667,0.753971,0.670287,,,,0.180953,True
WNBA,Mainlines,Total,Under,wnba|g|2026-08-15|Washington Mystics|Los Angeles Sparks|under,wnba|2026-08-15|Washington Mystics|Los Angeles Sparks,2026-08-15,bovada,-110,1.90909,0.5028,W,0.909091,0.457091,0.5,,,,0.05028,True
WNBA,Mainlines,Total,Under,wnba|g|2026-08-16|Atlanta Dream|Indiana Fever|under,wnba|2026-08-16|Atlanta Dream|Indiana Fever,2026-08-16,betmgm,-110,1.90909,0.706434,W,0.909091,0.642213,0.491797,,,,0.0706434,True
WNBA,Mainlines,Spread,Favorite,wnba|g|2026-08-16|Phoenix Mercury|Portland Fire|home_ats,wnba|2026-08-16|Phoenix Mercury|Portland Fire,2026-08-16,draftkings,-115,1.86957,2.62006,L,-1,-2.62006,0.510834,,,,0.262006,True
WNBA,Mainlines,Moneyline,Favorite,wnba|g|2026-08-16|Phoenix Mercury|Portland Fire|home_ml,wnba|2026-08-16|Phoenix Mercury|Portland Fire,2026-08-16,fanduel,-200,1.5,2.36454,L,-1,-2.36454,0.634146,,,,0.236454,True
WNBA,Mainlines,Spread,Underdog,wnba|g|2026-08-18|Chicago Sky|New York Liberty|home_ats,wnba|2026-08-18|Chicago Sky|New York Liberty,2026-08-18,draftkings,-110,1.90909,2.2632,W,0.909091,2.05745,0.5,,,,0.22632,True
WNBA,Mainlines,Moneyline,Underdog,wnba|g|2026-08-18|Chicago Sky|New York Liberty|home_ml,wnba|2026-08-18|Chicago Sky|New York Liberty,2026-08-18,draftkings,154,2.54,2.07987,W,1.54,3.20299,0.377533,,,,0.207987,True
WNBA,Mainlines,Moneyline,Underdog,wnba|g|2026-08-18|Toronto Tempo|Indiana Fever|home_ml,wnba|2026-08-18|Toronto Tempo|Indiana Fever,2026-08-18,betmgm,425,5.25,1.95222,L,-1,-1.95222,0.181818,,,,0.195222,True
WNBA,Mainlines,Spread,Favorite,wnba|g|2026-08-19|Golden State Valkyries|Minnesota Lynx|away_ats,wnba|2026-08-19|Golden State Valkyries|Minnesota Lynx,2026-08-19,fanduel,-114,1.87719,2.18296,W,0.877193,1.91488,0.508664,,,,0.218296,True
WNBA,Mainlines,Moneyline,Favorite,wnba|g|2026-08-19|Golden State Valkyries|Minnesota Lynx|away_ml,wnba|2026-08-19|Golden State Valkyries|Minnesota Lynx,2026-08-19,fanduel,-130,1.76923,2.30753,W,0.769231,1.77502,0.537967,0.567643,0.0296759,0.055163,0.230753,True
WNBA,Mainlines,Total,Over,wnba|g|2026-08-19|Golden State Valkyries|Minnesota Lynx|over,wnba|2026-08-19|Golden State Valkyries|Minnesota Lynx,2026-08-19,bovada,-110,1.90909,0.8632,L,-1,-0.8632,0.5,,,,0.08632,True
WNBA,Mainlines,Spread,Favorite,wnba|g|2026-08-19|Washington Mystics|Toronto Tempo|home_ats,wnba|2026-08-19|Washington Mystics|Toronto Tempo,2026-08-19,bovada,-110,1.90909,3,L,-1,-3,0.5,,,,0.37288,True
WNBA,Mainlines,Spread,Favorite,wnba|g|2026-08-20|Los Angeles Sparks|Atlanta Dream|away_ats,wnba|2026-08-20|Los Angeles Sparks|Atlanta Dream,2026-08-20,draftkings,-105,1.95238,2.34794,W,0.952381,2.23614,0.489166,,,,0.234794,True
WNBA,Mainlines,Total,Over,wnba|g|2026-08-20|Los Angeles Sparks|Atlanta Dream|over,wnba|2026-08-20|Los Angeles Sparks|Atlanta Dream,2026-08-20,draftkings,-110,1.90909,0.6984,W,0.909091,0.634909,0.5,,,,0.06984,True
WNBA,Mainlines,Spread,Underdog,wnba|g|2026-08-21|Chicago Sky|Golden State Valkyries|home_ats,wnba|2026-08-21|Chicago Sky|Golden State Valkyries,2026-08-21,fanatics,-110,1.90909,2.0092,W,0.909091,1.82655,0.5,,,,0.20092,True
WNBA,Mainlines,Moneyline,Underdog,wnba|g|2026-08-21|Chicago Sky|Golden State Valkyries|home_ml,wnba|2026-08-21|Chicago Sky|Golden State Valkyries,2026-08-21,betmgm,220,3.2,1.84795,W,2.2,4.06549,0.298805,,,,0.184795,True
WNBA,Mainlines,Total,Over,wnba|g|2026-08-21|Chicago Sky|Golden State Valkyries|over,wnba|2026-08-21|Chicago Sky|Golden State Valkyries,2026-08-21,williamhill_us,-110,1.90909,0.515548,L,-1,-0.515548,0.498925,,,,0.0515548,True
WNBA,Mainlines,Spread,Favorite,wnba|g|2026-08-21|Toronto Tempo|Portland Fire|away_ats,wnba|2026-08-21|Toronto Tempo|Portland Fire,2026-08-21,betrivers,-121,1.82645,3,L,-1,-3,0.517832,,,,0.327408,True
WNBA,Mainlines,Moneyline,Favorite,wnba|g|2026-08-21|Toronto Tempo|Portland Fire|away_ml,wnba|2026-08-21|Toronto Tempo|Portland Fire,2026-08-21,betrivers,-143,1.6993,3,L,-1,-3,0.558543,,,,0.321617,True
WNBA,Mainlines,Moneyline,Favorite,wnba|g|2026-08-22|Los Angeles Sparks|Connecticut Sun|home_ml,wnba|2026-08-22|Los Angeles Sparks|Connecticut Sun,2026-08-22,betrivers,-165,1.60606,1.71437,W,0.606061,1.03901,0.590923,,,,0.171437,True
WNBA,Mainlines,Spread,Underdog,wnba|g|2026-08-22|New York Liberty|Indiana Fever|away_ats,wnba|2026-08-22|New York Liberty|Indiana Fever,2026-08-22,bovada,-110,1.90909,2.2896,L,-1,-2.2896,0.5,,,,0.22896,True
WNBA,Mainlines,Moneyline,Underdog,wnba|g|2026-08-22|New York Liberty|Indiana Fever|away_ml,wnba|2026-08-22|New York Liberty|Indiana Fever,2026-08-22,bovada,135,2.35,2.37755,L,-1,-2.37755,0.408805,,,,0.237755,True
WNBA,Mainlines,Total,Over,wnba|g|2026-08-22|Phoenix Mercury|Atlanta Dream|over,wnba|2026-08-22|Phoenix Mercury|Atlanta Dream,2026-08-22,fanduel,-110,1.90909,0.5592,W,0.909091,0.508364,0.5,,,,0.05592,True
WNBA,Mainlines,Total,Under,wnba|g|2026-08-23|Dallas Wings|Seattle Storm|under,wnba|2026-08-23|Dallas Wings|Seattle Storm,2026-08-23,mybookieag,-110,1.90909,0.7684,W,0.909091,0.698545,0.5,,,,0.07684,True
WNBA,Mainlines,Total,Over,wnba|g|2026-08-23|Portland Fire|Washington Mystics|over,wnba|2026-08-23|Portland Fire|Washington Mystics,2026-08-23,lowvig,-108,1.92593,0.848,W,0.925926,0.785185,0.5,,,,0.0848,True
WNBA,Mainlines,Spread,Favorite,wnba|g|2026-08-23|Toronto Tempo|Las Vegas Aces|away_ats,wnba|2026-08-23|Toronto Tempo|Las Vegas Aces,2026-08-23,betrivers,-113,1.88496,2.49699,L,-1,-2.49699,0.503181,,,,0.249699,True
WNBA,Mainlines,Spread,Favorite,wnba|g|2026-08-24|Los Angeles Sparks|Atlanta Dream|away_ats,wnba|2026-08-24|Los Angeles Sparks|Atlanta Dream,2026-08-24,betmgm,-105,1.95238,1.73914,L,-1,-1.73914,0.489166,,,,0.173914,True
WNBA,Mainlines,Total,Over,wnba|g|2026-08-24|Los Angeles Sparks|Atlanta Dream|over,wnba|2026-08-24|Los Angeles Sparks|Atlanta Dream,2026-08-24,mybookieag,-110,1.90909,0.9604,L,-1,-0.9604,0.5,,,,0.09604,True
WNBA,Mainlines,Spread,Favorite,wnba|g|2026-08-25|Connecticut Sun|Chicago Sky|away_ats,wnba|2026-08-25|Connecticut Sun|Chicago Sky,2026-08-25,mybookieag,-110,1.90909,2.7276,L,-1,-2.7276,0.5,,,,0.27276,True
WNBA,Mainlines,Moneyline,Favorite,wnba|g|2026-08-25|Connecticut Sun|Chicago Sky|away_ml,wnba|2026-08-25|Connecticut Sun|Chicago Sky,2026-08-25,betmgm,-225,1.44444,2.41192,L,-1,-2.41192,0.663648,,,,0.241192,True
WNBA,Mainlines,Total,Over,wnba|g|2026-08-25|Phoenix Mercury|Washington Mystics|over,wnba|2026-08-25|Phoenix Mercury|Washington Mystics,2026-08-25,mybookieag,-110,1.90909,0.6252,W,0.909091,0.568364,0.5,,,,0.06252,True
WNBA,Mainlines,Spread,Underdog,wnba|g|2026-08-26|Connecticut Sun|Golden State Valkyries|home_ats,wnba|2026-08-26|Connecticut Sun|Golden State Valkyries,2026-08-26,mybookieag,-110,1.90909,2.2144,L,-1,-2.2144,0.5,,,,0.22144,True
WNBA,Mainlines,Spread,Favorite,wnba|g|2026-08-26|Seattle Storm|Toronto Tempo|home_ats,wnba|2026-08-26|Seattle Storm|Toronto Tempo,2026-08-26,betrivers,-107,1.93458,3,W,0.934579,2.80374,0.48946,,,,0.39142,True
WNBA,Mainlines,Moneyline,Favorite,wnba|g|2026-08-26|Seattle Storm|Toronto Tempo|home_ml,wnba|2026-08-26|Seattle Storm|Toronto Tempo,2026-08-26,betrivers,-250,1.4,2.82479,W,0.4,1.12992,0.678161,,,,0.282479,True
WNBA,Mainlines,Spread,Favorite,wnba|g|2026-08-27|New York Liberty|Golden State Valkyries|home_ats,wnba|2026-08-27|New York Liberty|Golden State Valkyries,2026-08-27,betrivers,-110,1.90909,1.70501,L,-1,-1.70501,0.496819,,,,0.170501,True
WNBA,Mainlines,Moneyline,Favorite,wnba|g|2026-08-27|New York Liberty|Golden State Valkyries|home_ml,wnba|2026-08-27|New York Liberty|Golden State Valkyries,2026-08-27,fanduel,-142,1.70423,1.85346,L,-1,-1.85346,0.558974,,,,0.185346,True
WNBA,Mainlines,Spread,Favorite,wnba|g|2026-08-27|Phoenix Mercury|Washington Mystics|away_ats,wnba|2026-08-27|Phoenix Mercury|Washington Mystics,2026-08-27,betrivers,-110,1.90909,2.39821,W,0.909091,2.18019,0.496819,,,,0.239821,True
WNBA,Mainlines,Moneyline,Favorite,wnba|g|2026-08-27|Phoenix Mercury|Washington Mystics|away_ml,wnba|2026-08-27|Phoenix Mercury|Washington Mystics,2026-08-27,betrivers,-167,1.5988,2.29123,W,0.598802,1.37199,0.595117,,,,0.229123,True
WNBA,Mainlines,Spread,Favorite,wnba|g|2026-08-28|Atlanta Dream|Portland Fire|home_ats,wnba|2026-08-28|Atlanta Dream|Portland Fire,2026-08-28,bovada,-105,1.95238,1.85114,L,-1,-1.85114,0.489166,,,,0.185114,True
WNBA,Mainlines,Spread,Underdog,wnba|g|2026-08-28|Indiana Fever|Connecticut Sun|away_ats,wnba|2026-08-28|Indiana Fever|Connecticut Sun,2026-08-28,mybookieag,-110,1.90909,1.7752,L,-1,-1.7752,0.5,,,,0.17752,True
WNBA,Mainlines,Spread,Underdog,wnba|g|2026-08-28|Las Vegas Aces|Toronto Tempo|away_ats,wnba|2026-08-28|Las Vegas Aces|Toronto Tempo,2026-08-28,mybookieag,-110,1.90909,1.894,L,-1,-1.894,0.5,,,,0.1894,True
WNBA,Mainlines,Spread,Favorite,wnba|g|2026-08-28|Los Angeles Sparks|Washington Mystics|away_ats,wnba|2026-08-28|Los Angeles Sparks|Washington Mystics,2026-08-28,betrivers,-105,1.95238,2.87283,L,-1,-2.87283,0.484277,,,,0.287283,True
WNBA,Mainlines,Moneyline,Favorite,wnba|g|2026-08-28|Los Angeles Sparks|Washington Mystics|away_ml,wnba|2026-08-28|Los Angeles Sparks|Washington Mystics,2026-08-28,mybookieag,-206,1.48544,2.43437,L,-1,-2.43437,0.640803,,,,0.243437,True
WNBA,Mainlines,Spread,Underdog,wnba|g|2026-08-30|Seattle Storm|Los Angeles Sparks|home_ats,wnba|2026-08-30|Seattle Storm|Los Angeles Sparks,2026-08-30,fanduel,-122,1.81967,1.94155,L,-1,-1.94155,0.523605,,,,0.194155,True
WNBA,Mainlines,Spread,Favorite,wnba|g|2026-09-17|Atlanta Dream|Connecticut Sun|home_ats,wnba|2026-09-17|Atlanta Dream|Connecticut Sun,2026-09-17,betrivers,-113,1.88496,3,W,0.884956,2.65487,0.503181,,,,0.328019,True
WNBA,Mainlines,Spread,Underdog,wnba|g|2026-09-17|Portland Fire|Phoenix Mercury|home_ats,wnba|2026-09-17|Portland Fire|Phoenix Mercury,2026-09-17,fanatics,-105,1.95238,3,L,-1,-3,0.489166,,,,0.446234,True
WNBA,Mainlines,Moneyline,Favorite,wnba|g|2026-09-17|Portland Fire|Phoenix Mercury|home_ml,wnba|2026-09-17|Portland Fire|Phoenix Mercury,2026-09-17,fanatics,-107,1.93458,3,L,-1,-3,0.496684,,,,0.423756,True
WNBA,Mainlines,Spread,Underdog,wnba|g|2026-09-17|Seattle Storm|Las Vegas Aces|home_ats,wnba|2026-09-17|Seattle Storm|Las Vegas Aces,2026-09-17,williamhill_us,-111,1.9009,2.0421,L,-1,-2.0421,0.50327,,,,0.20421,True
WNBA,Mainlines,Moneyline,Underdog,wnba|g|2026-09-17|Seattle Storm|Las Vegas Aces|home_ml,wnba|2026-09-17|Seattle Storm|Las Vegas Aces,2026-09-17,draftkings,400,5,1.74277,L,-1,-1.74277,0.191843,,,,0.174277,True
WNBA,Mainlines,Total,Under,wnba|g|2026-09-17|Seattle Storm|Las Vegas Aces|under,wnba|2026-09-17|Seattle Storm|Las Vegas Aces,2026-09-17,williamhill_us,-107,1.93458,0.606104,L,-1,-0.606104,0.49455,,,,0.0606104,True
WNBA,Mainlines,Spread,Underdog,wnba|g|2026-09-18|Golden State Valkyries|Portland Fire|away_ats,wnba|2026-09-18|Golden State Valkyries|Portland Fire,2026-09-18,bovada,-105,1.95238,1.95394,L,-1,-1.95394,0.489166,,,,0.195394,True
WNBA,Mainlines,Spread,Favorite,wnba|g|2026-09-18|Minnesota Lynx|New York Liberty|home_ats,wnba|2026-09-18|Minnesota Lynx|New York Liberty,2026-09-18,bovada,-105,1.95238,1.85114,L,-1,-1.85114,0.489166,,,,0.185114,True
WNBA,Mainlines,Spread,Favorite,wnba|g|2026-09-18|Toronto Tempo|Indiana Fever|away_ats,wnba|2026-09-18|Toronto Tempo|Indiana Fever,2026-09-18,betmgm,-105,1.95238,2.81234,W,0.952381,2.67842,0.489166,,,,0.281234,True
WNBA,Mainlines,Spread,Favorite,wnba|g|2026-09-19|Atlanta Dream|Chicago Sky|home_ats,wnba|2026-09-19|Atlanta Dream|Chicago Sky,2026-09-19,fanduel,-118,1.84746,1.72105,W,0.847458,1.45852,0.514975,,,,0.172105,True
WNBA,Mainlines,Spread,Favorite,wnba|g|2026-09-19|Dallas Wings|Phoenix Mercury|home_ats,wnba|2026-09-19|Dallas Wings|Phoenix Mercury,2026-09-19,betmgm,-102,1.98039,3,L,-1,-3,0.482636,,,,0.397804,True
WNBA,Mainlines,Moneyline,Favorite,wnba|g|2026-09-19|Dallas Wings|Phoenix Mercury|home_ml,wnba|2026-09-19|Dallas Wings|Phoenix Mercury,2026-09-19,betmgm,-425,1.23529,2.11793,W,0.235294,0.498336,0.772727,,,,0.211793,True
WNBA,Mainlines,Spread,Underdog,wnba|g|2026-09-19|Golden State Valkyries|Seattle Storm|away_ats,wnba|2026-09-19|Golden State Valkyries|Seattle Storm,2026-09-19,williamhill_us,-105,1.95238,3,L,-1,-3,0.489166,,,,0.387834,True
WNBA,Mainlines,Moneyline,Underdog,wnba|g|2026-09-19|Golden State Valkyries|Seattle Storm|away_ml,wnba|2026-09-19|Golden State Valkyries|Seattle Storm,2026-09-19,betmgm,600,7,3,L,-1,-3,0.136986,,,,0.407374,True
WNBA,Mainlines,Spread,Favorite,wnba|g|2026-09-20|Connecticut Sun|Minnesota Lynx|away_ats,wnba|2026-09-20|Connecticut Sun|Minnesota Lynx,2026-09-20,betrivers,-105,1.95238,2.47243,L,-1,-2.47243,0.484277,,,,0.247243,True
WNBA,Mainlines,Spread,Favorite,wnba|g|2026-09-20|Indiana Fever|Washington Mystics|home_ats,wnba|2026-09-20|Indiana Fever|Washington Mystics,2026-09-20,williamhill_us,-105,1.95238,2.42594,L,-1,-2.42594,0.489166,,,,0.242594,True
WNBA,Mainlines,Moneyline,Favorite,wnba|g|2026-09-20|Indiana Fever|Washington Mystics|home_ml,wnba|2026-09-20|Indiana Fever|Washington Mystics,2026-09-20,betrivers,-250,1.4,1.91919,L,-1,-1.91919,0.678161,,,,0.191919,True
WNBA,Mainlines,Spread,Favorite,wnba|g|2026-09-20|Los Angeles Sparks|Portland Fire|home_ats,wnba|2026-09-20|Los Angeles Sparks|Portland Fire,2026-09-20,fanduel,-104,1.96154,1.77375,W,0.961538,1.70553,0.485025,,,,0.177375,True
WNBA,Mainlines,Moneyline,Favorite,wnba|g|2026-09-20|Los Angeles Sparks|Portland Fire|home_ml,wnba|2026-09-20|Los Angeles Sparks|Portland Fire,2026-09-20,fanduel,-112,1.89286,1.9975,W,0.892857,1.78348,0.50433,,,,0.19975,True
WNBA,Mainlines,Spread,Favorite,wnba|g|2026-09-20|Toronto Tempo|New York Liberty|away_ats,wnba|2026-09-20|Toronto Tempo|New York Liberty,2026-09-20,williamhill_us,-103,1.97087,2.25624,W,0.970874,2.19052,0.484816,,,,0.225624,True
WNBA,Mainlines,Spread,Favorite,wnba|g|2026-09-21|Phoenix Mercury|Dallas Wings|away_ats,wnba|2026-09-21|Phoenix Mercury|Dallas Wings,2026-09-21,betrivers,-109,1.91743,3,L,-1,-3,0.494698,,,,0.350822,True
WNBA,Mainlines,Moneyline,Favorite,wnba|g|2026-09-21|Phoenix Mercury|Dallas Wings|away_ml,wnba|2026-09-21|Phoenix Mercury|Dallas Wings,2026-09-21,draftkings,-218,1.45872,2.77885,L,-1,-2.77885,0.657475,,,,0.277885,True
WNBA,Mainlines,Spread,Favorite,wnba|g|2026-09-22|Chicago Sky|Toronto Tempo|home_ats,wnba|2026-09-22|Chicago Sky|Toronto Tempo,2026-09-22,lowvig,-106,1.9434,2.57372,W,0.943396,2.42804,0.495548,,,,0.257372,True
WNBA,Mainlines,Moneyline,Favorite,wnba|g|2026-09-22|Chicago Sky|Toronto Tempo|home_ml,wnba|2026-09-22|Chicago Sky|Toronto Tempo,2026-09-22,betus,-215,1.46512,2.1029,W,0.465116,0.978092,0.65487,,,,0.21029,True
WNBA,Mainlines,Spread,Pick'em,wnba|g|2026-09-22|Indiana Fever|Minnesota Lynx|away_ats,wnba|2026-09-22|Indiana Fever|Minnesota Lynx,2026-09-22,bovada,-105,1.95238,2.11554,L,-1,-2.11554,0.489166,,,,0.211554,True
WNBA,Mainlines,Moneyline,Favorite,wnba|g|2026-09-22|Indiana Fever|Minnesota Lynx|away_ml,wnba|2026-09-22|Indiana Fever|Minnesota Lynx,2026-09-22,fanduel,-110,1.90909,2.0072,L,-1,-2.0072,0.5,,,,0.20072,True
WNBA,Mainlines,Total,Under,wnba|g|2026-09-22|Indiana Fever|Minnesota Lynx|under,wnba|2026-09-22|Indiana Fever|Minnesota Lynx,2026-09-22,betmgm,-110,1.90909,0.5604,W,0.909091,0.509455,0.5,,,,0.05604,True
WNBA,Mainlines,Spread,Underdog,wnba|g|2026-09-22|Portland Fire|Golden State Valkyries|home_ats,wnba|2026-09-22|Portland Fire|Golden State Valkyries,2026-09-22,betus,-110,1.90909,3,W,0.909091,2.72727,0.5,,,,0.43488,True
WNBA,Mainlines,Moneyline,Underdog,wnba|g|2026-09-22|Portland Fire|Golden State Valkyries|home_ml,wnba|2026-09-22|Portland Fire|Golden State Valkyries,2026-09-22,betus,725,8.25,3,W,7.25,21.75,0.116414,,,,0.491226,True
WNBA,Mainlines,Spread,Favorite,wnba|g|2026-09-22|Washington Mystics|Connecticut Sun|home_ats,wnba|2026-09-22|Washington Mystics|Connecticut Sun,2026-09-22,betmgm,-110,1.90909,1.8164,L,-1,-1.8164,0.5,,,,0.18164,True
WNBA,Mainlines,Spread,Favorite,wnba|g|2026-09-23|New York Liberty|Atlanta Dream|away_ats,wnba|2026-09-23|New York Liberty|Atlanta Dream,2026-09-23,mybookieag,-110,1.90909,2.7052,W,0.909091,2.45927,0.5,,,,0.27052,True
WNBA,Mainlines,Moneyline,Favorite,wnba|g|2026-09-23|New York Liberty|Atlanta Dream|away_ml,wnba|2026-09-23|New York Liberty|Atlanta Dream,2026-09-23,mybookieag,-148,1.67568,2.54684,W,0.675676,1.72084,0.568756,,,,0.254684,True
WNBA,Mainlines,Total,Under,wnba|g|2026-09-23|New York Liberty|Atlanta Dream|under,wnba|2026-09-23|New York Liberty|Atlanta Dream,2026-09-23,betmgm,-105,1.95238,0.994342,W,0.952381,0.946993,0.489166,,,,0.0994342,True
WNBA,Mainlines,Total,Under,wnba|g|2026-09-23|Seattle Storm|Dallas Wings|under,wnba|2026-09-23|Seattle Storm|Dallas Wings,2026-09-23,fanatics,-110,1.90909,0.8852,L,-1,-0.8852,0.5,,,,0.08852,True
WNBA,Mainlines,Spread,Favorite,wnba|g|2026-09-24|Connecticut Sun|Toronto Tempo|home_ats,wnba|2026-09-24|Connecticut Sun|Toronto Tempo,2026-09-24,betrivers,-110,1.90909,3,W,0.909091,2.72727,0.496819,,,,0.315901,True
WNBA,Mainlines,Moneyline,Favorite,wnba|g|2026-09-24|Connecticut Sun|Toronto Tempo|home_ml,wnba|2026-09-24|Connecticut Sun|Toronto Tempo,2026-09-24,betrivers,-129,1.77519,3,W,0.775194,2.32558,0.534704,,,,0.312296,True
WNBA,Mainlines,Total,Under,wnba|g|2026-09-24|Connecticut Sun|Toronto Tempo|under,wnba|2026-09-24|Connecticut Sun|Toronto Tempo,2026-09-24,fanduel,-110,1.90909,0.8568,L,-1,-0.8568,0.5,,,,0.08568,True
WNBA,Mainlines,Spread,Favorite,wnba|g|2026-09-24|Washington Mystics|Chicago Sky|home_ats,wnba|2026-09-24|Washington Mystics|Chicago Sky,2026-09-24,betmgm,-115,1.86957,1.79446,L,-1,-1.79446,0.510834,,,,0.179446,True
WNBA,Mainlines,Total,Over,wnba|g|2026-09-24|Washington Mystics|Chicago Sky|over,wnba|2026-09-24|Washington Mystics|Chicago Sky,2026-09-24,fanduel,-114,1.87719,0.51096,W,0.877193,0.44821,0.508664,,,,0.051096,True
WNBA,Mainlines,Total,Under,wnba|g|2026-09-27|Las Vegas Aces|Indiana Fever|under,wnba|2026-09-27|Las Vegas Aces|Indiana Fever,2026-09-27,draftkings,-105,1.95238,0.693942,L,-1,-0.693942,0.489166,,,,0.0693942,False
WNBA,Mainlines,Spread,Favorite,wnba|g|2026-09-27|Minnesota Lynx|New York Liberty|home_ats,wnba|2026-09-27|Minnesota Lynx|New York Liberty,2026-09-27,betonlineag,-105,1.95238,1.91514,L,-1,-1.91514,0.489166,,,,0.191514,False
WNBA,Mainlines,Total,Under,wnba|g|2026-09-29|New York Liberty|Minnesota Lynx|under,wnba|2026-09-29|New York Liberty|Minnesota Lynx,2026-09-29,bovada,-110,1.90909,0.504,W,0.909091,0.458182,0.5,,,,0.0504,False
WNBA,Mainlines,Spread,Favorite,wnba|g|2026-10-04|Atlanta Dream|New York Liberty|home_ats,wnba|2026-10-04|Atlanta Dream|New York Liberty,2026-10-04,williamhill_us,-103,1.97087,2.32881,W,0.970874,2.26098,0.483839,,,,0.232881,False
WNBA,Mainlines,Moneyline,Favorite,wnba|g|2026-10-04|Atlanta Dream|New York Liberty|home_ml,wnba|2026-10-04|Atlanta Dream|New York Liberty,2026-10-04,betrivers,-175,1.57143,2.03966,W,0.571429,1.16552,0.602314,,,,0.203966,False
WNBA,Mainlines,Total,Over,wnba|g|2026-10-04|Golden State Valkyries|Las Vegas Aces|over,wnba|2026-10-04|Golden State Valkyries|Las Vegas Aces,2026-10-04,fanduel,-110,1.90909,0.5164,L,-1,-0.5164,0.5,,,,0.05164,False
WNBA,Rebounds,Rebounds,Under,wnba|reb|2026-06-16|204330|rebounds|under,wnba|2026-06-16|Indiana Fever|Toronto Tempo,2026-06-16,draftkings,-134,1.74627,1.92091,L,-1,-1.92091,0.532629,0.557522,0.0248928,0.0467357,0.192091,True
WNBA,Rebounds,Rebounds,Under,wnba|reb|2026-06-17|1627673|rebounds|under,wnba|2026-06-17|Chicago Sky|New York Liberty,2026-06-17,draftkings,-120,1.83333,2.14058,W,0.833333,1.78382,0.506942,0.506942,0,0,0.214058,True
WNBA,Rebounds,Rebounds,Over,wnba|reb|2026-06-17|1627674|rebounds|over,wnba|2026-06-17|Phoenix Mercury|Las Vegas Aces,2026-06-17,fanduel,134,2.34,1.33965,W,1.34,1.79512,0.399315,0.399315,0,0,0.133965,True
WNBA,Rebounds,Rebounds,Under,wnba|reb|2026-06-17|1627675|rebounds|under,wnba|2026-06-17|Los Angeles Sparks|Minnesota Lynx,2026-06-17,draftkings,-111,1.9009,1.97633,W,0.900901,1.78048,0.488167,0.488167,0,0,0.197633,True
WNBA,Rebounds,Rebounds,Under,wnba|reb|2026-06-17|1628269|rebounds|under,wnba|2026-06-17|Los Angeles Sparks|Minnesota Lynx,2026-06-17,draftkings,101,2.01,1.94445,L,-1,-1.94445,0.461795,0.461795,5.55112e-17,2.22045e-16,0.194445,True
WNBA,Rebounds,Rebounds,Under,wnba|reb|2026-06-17|1628878|rebounds|under,wnba|2026-06-17|Los Angeles Sparks|Minnesota Lynx,2026-06-17,fanduel,-154,1.64935,1.34014,W,0.649351,0.870222,0.567026,0.567026,0,0,0.134014,True
WNBA,Rebounds,Rebounds,Under,wnba|reb|2026-06-17|1628922|rebounds|under,wnba|2026-06-17|Chicago Sky|New York Liberty,2026-06-17,williamhill_us,-141,1.70922,1.48588,W,0.70922,1.05381,0.547732,0.557364,0.00963208,0.0175854,0.148588,True
WNBA,Rebounds,Rebounds,Under,wnba|reb|2026-06-17|1629491|rebounds|under,wnba|2026-06-17|Golden State Valkyries|Dallas Wings,2026-06-17,fanduel,112,2.12,3.0701,W,1.12,3.43852,0.44147,0.445168,0.00369863,0.00837799,0.30701,True
WNBA,Rebounds,Rebounds,Under,wnba|reb|2026-06-17|1630149|rebounds|under,wnba|2026-06-17|Chicago Sky|New York Liberty,2026-06-17,draftkings,-104,1.96154,1.92653,W,0.961538,1.85243,0.474227,0.474227,0,0,0.192653,True
WNBA,Rebounds,Rebounds,Under,wnba|reb|2026-06-17|1630442|rebounds|under,wnba|2026-06-17|Phoenix Mercury|Las Vegas Aces,2026-06-17,draftkings,-130,1.76923,1.74227,W,0.769231,1.34021,0.525773,0.525773,0,0,0.174227,True
WNBA,Rebounds,Rebounds,Over,wnba|reb|2026-06-17|1630446|rebounds|over,wnba|2026-06-17|Connecticut Sun|Washington Mystics,2026-06-17,betrivers,-148,1.67568,1.39906,W,0.675676,0.94531,0.596774,0.596774,0,0,0.139906,True
WNBA,Rebounds,Rebounds,Over,wnba|reb|2026-06-17|1631007|rebounds|over,wnba|2026-06-17|Golden State Valkyries|Dallas Wings,2026-06-17,draftkings,130,2.3,1.70858,W,1.3,2.22115,0.404422,0.404422,0,0,0.170858,True
WNBA,Rebounds,Rebounds,Over,wnba|reb|2026-06-17|1642304|rebounds|over,wnba|2026-06-17|Portland Fire|Seattle Storm,2026-06-17,fanduel,148,2.48,1.08196,W,1.48,1.60129,0.376884,0.376884,0,0,0.108196,True
WNBA,Rebounds,Rebounds,Under,wnba|reb|2026-06-17|1642777|rebounds|under,wnba|2026-06-17|Phoenix Mercury|Las Vegas Aces,2026-06-17,draftkings,102,2.02,1.17758,L,-1,-1.17758,0.460562,0.460562,5.55112e-17,2.22045e-16,0.117758,True
WNBA,Rebounds,Rebounds,Over,wnba|reb|2026-06-17|1642785|rebounds|over,wnba|2026-06-17|Connecticut Sun|Washington Mystics,2026-06-17,draftkings,117,2.17,1.01933,W,1.17,1.19262,0.428787,0.428787,5.55112e-17,2.22045e-16,0.101933,True
WNBA,Rebounds,Rebounds,Under,wnba|reb|2026-06-17|1642800|rebounds|under,wnba|2026-06-17|Connecticut Sun|Washington Mystics,2026-06-17,fanduel,102,2.02,2.98947,L,-1,-2.98947,0.462093,0.480847,0.018754,0.040585,0.298947,True
WNBA,Rebounds,Rebounds,Under,wnba|reb|2026-06-17|1643426|rebounds|under,wnba|2026-06-17|Los Angeles Sparks|Minnesota Lynx,2026-06-17,williamhill_us,-130,1.76923,1.77603,W,0.769231,1.36618,0.526957,0.526957,0,0,0.177603,True
WNBA,Rebounds,Rebounds,Over,wnba|reb|2026-06-17|1643428|rebounds|over,wnba|2026-06-17|Portland Fire|Seattle Storm,2026-06-17,williamhill_us,-139,1.71942,2.01924,L,-1,-2.01924,0.542636,0.542636,0,0,0.201924,True
WNBA,Rebounds,Rebounds,Over,wnba|reb|2026-06-17|1643443|rebounds|over,wnba|2026-06-17|Portland Fire|Seattle Storm,2026-06-17,draftkings,-101,1.9901,1.46069,L,-1,-1.46069,0.467371,0.467371,5.55112e-17,2.22045e-16,0.146069,True
WNBA,Rebounds,Rebounds,Under,wnba|reb|2026-06-17|1643447|rebounds|under,wnba|2026-06-17|Chicago Sky|New York Liberty,2026-06-17,fanduel,104,2.04,2.59765,W,1.04,2.70155,0.458115,0.475915,0.0178,0.0388549,0.259765,True
WNBA,Rebounds,Rebounds,Under,wnba|reb|2026-06-17|203398|rebounds|under,wnba|2026-06-17|Connecticut Sun|Washington Mystics,2026-06-17,draftkings,115,2.15,2.5066,W,1.15,2.88259,0.43226,0.43226,5.55112e-17,2.22045e-16,0.25066,True
WNBA,Rebounds,Rebounds,Under,wnba|reb|2026-06-17|203826|rebounds|under,wnba|2026-06-17|Phoenix Mercury|Las Vegas Aces,2026-06-17,fanduel,-104,1.96154,1.72085,W,0.961538,1.65466,0.475915,0.475915,5.55112e-17,2.22045e-16,0.172085,True
WNBA,Rebounds,Rebounds,Under,wnba|reb|2026-06-17|203827|rebounds|under,wnba|2026-06-17|Los Angeles Sparks|Minnesota Lynx,2026-06-17,draftkings,103,2.03,1.42559,L,-1,-1.42559,0.457841,0.457841,0,0,0.142559,True
WNBA,Rebounds,Rebounds,Over,wnba|reb|2026-06-17|203866|rebounds|over,wnba|2026-06-17|Golden State Valkyries|Dallas Wings,2026-06-17,williamhill_us,-132,1.75758,1.77222,W,0.757576,1.34259,0.532258,0.532258,0,0,0.177222,True
WNBA,Rebounds,Rebounds,Under,wnba|reb|2026-06-17|204322|rebounds|under,wnba|2026-06-17|Chicago Sky|New York Liberty,2026-06-17,williamhill_us,107,2.07,1.47693,W,1.07,1.58032,0.450827,,,,0.147693,True
WNBA,Rebounds,Rebounds,Over,wnba|reb|2026-06-18|1628909|rebounds|over,wnba|2026-06-18|Indiana Fever|Atlanta Dream,2026-06-18,betrivers,-159,1.62893,1.1074,L,-1,-1.1074,0.6139,0.6139,0,0,0.11074,True
WNBA,Rebounds,Rebounds,Under,wnba|reb|2026-06-18|1642291|rebounds|under,wnba|2026-06-18|Indiana Fever|Atlanta Dream,2026-06-18,draftkings,-127,1.7874,1.20589,W,0.787402,0.949516,0.519771,0.530613,0.0108416,0.0208584,0.120589,True
WNBA,Rebounds,Rebounds,Under,wnba|reb|2026-06-19|1627675|rebounds|under,wnba|2026-06-19|Golden State Valkyries|Minnesota Lynx,2026-06-19,draftkings,-128,1.78125,1.81433,L,-1,-1.81433,0.521767,0.510916,-0.0108505,-0.0207957,0.181433,True
WNBA,Rebounds,Rebounds,Under,wnba|reb|2026-06-19|1627700|rebounds|under,wnba|2026-06-19|Connecticut Sun|Toronto Tempo,2026-06-19,williamhill_us,-170,1.58824,1.25528,W,0.588235,0.738401,0.588352,,,,0.125528,True
WNBA,Rebounds,Rebounds,Under,wnba|reb|2026-06-19|1630149|rebounds|under,wnba|2026-06-19|New York Liberty|Washington Mystics,2026-06-19,williamhill_us,-152,1.65789,1.3565,W,0.657895,0.892434,0.56347,0.56347,0,0,0.13565,True
WNBA,Rebounds,Rebounds,Over,wnba|reb|2026-06-19|1631007|rebounds|over,wnba|2026-06-19|Golden State Valkyries|Minnesota Lynx,2026-06-19,betonlineag,110,2.1,1.59973,L,-1,-1.59973,0.447267,0.447267,5.55112e-17,2.22045e-16,0.159973,True
WNBA,Rebounds,Rebounds,Over,wnba|reb|2026-06-19|1642785|rebounds|over,wnba|2026-06-19|New York Liberty|Washington Mystics,2026-06-19,draftkings,-110,1.90909,1.77267,W,0.909091,1.61152,0.487093,0.487093,0,0,0.177267,True
WNBA,Rebounds,Rebounds,Under,wnba|reb|2026-06-19|1642800|rebounds|under,wnba|2026-06-19|Connecticut Sun|Toronto Tempo,2026-06-19,draftkings,105,2.05,3.61571,L,-1,-3.61571,0.453949,,,,0.361571,True
WNBA,Rebounds,Rebounds,Under,wnba|reb|2026-06-19|203398|rebounds|under,wnba|2026-06-19|Connecticut Sun|Toronto Tempo,2026-06-19,fanduel,124,2.24,3.00248,L,-1,-3.00248,0.417032,0.428258,0.0112259,0.0269186,0.300248,True
WNBA,Rebounds,Rebounds,Over,wnba|reb|2026-06-19|203866|rebounds|over,wnba|2026-06-19|Golden State Valkyries|Minnesota Lynx,2026-06-19,fanduel,128,2.28,1.6142,W,1.28,2.06618,0.40954,0.40954,5.55112e-17,2.22045e-16,0.16142,True
WNBA,Rebounds,Rebounds,Under,wnba|reb|2026-06-20|1629491|rebounds|under,wnba|2026-06-20|Dallas Wings|Chicago Sky,2026-06-20,fanduel,100,2,4.50298,W,1,4.50298,0.467742,0.467742,0,0,0.450298,True
WNBA,Rebounds,Rebounds,Under,wnba|reb|2026-06-20|1630442|rebounds|under,wnba|2026-06-20|Phoenix Mercury|Seattle Storm,2026-06-20,fanduel,110,2.1,3.22592,L,-1,-3.22592,0.445168,0.445168,0,0,0.322592,True
WNBA,Rebounds,Rebounds,Under,wnba|reb|2026-06-20|1642777|rebounds|under,wnba|2026-06-20|Phoenix Mercury|Seattle Storm,2026-06-20,fanduel,128,2.28,2.2026,V,0,0,0.40954,0.40954,5.55112e-17,2.22045e-16,0.22026,True
WNBA,Rebounds,Rebounds,Over,wnba|reb|2026-06-20|1643428|rebounds|over,wnba|2026-06-20|Phoenix Mercury|Seattle Storm,2026-06-20,betonlineag,-101,1.9901,2.39929,L,-1,-2.39929,0.472311,0.465266,-0.00704558,-0.0149172,0.239929,True
WNBA,Rebounds,Rebounds,Over,wnba|reb|2026-06-20|1643443|rebounds|over,wnba|2026-06-20|Phoenix Mercury|Seattle Storm,2026-06-20,fanduel,114,2.14,1.7387,W,1.14,1.98212,0.43653,0.43653,5.55112e-17,2.22045e-16,0.17387,True
WNBA,Rebounds,Rebounds,Under,wnba|reb|2026-06-20|1643447|rebounds|under,wnba|2026-06-20|Dallas Wings|Chicago Sky,2026-06-20,draftkings,-109,1.91743,1.23635,L,-1,-1.23635,0.484205,0.484205,0,0,0.123635,True
WNBA,Rebounds,Rebounds,Under,wnba|reb|2026-06-20|203826|rebounds|under,wnba|2026-06-20|Phoenix Mercury|Seattle Storm,2026-06-20,fanduel,108,2.08,2.27354,W,1.08,2.45543,0.448926,0.448926,5.55112e-17,2.22045e-16,0.227354,True
WNBA,Rebounds,Rebounds,Over,wnba|reb|2026-06-21|1629498|rebounds|over,wnba|2026-06-21|Las Vegas Aces|Golden State Valkyries,2026-06-21,draftkings,121,2.21,1.48971,L,-1,-1.48971,0.420869,,,,0.148971,True
WNBA,Rebounds,Rebounds,Under,wnba|reb|2026-06-21|1630149|rebounds|under,wnba|2026-06-21|Los Angeles Sparks|New York Liberty,2026-06-21,draftkings,-157,1.63694,1.8126,L,-1,-1.8126,0.56774,,,,0.18126,True
WNBA,Rebounds,Rebounds,Over,wnba|reb|2026-06-21|1630446|rebounds|over,wnba|2026-06-21|Minnesota Lynx|Washington Mystics,2026-06-21,betonlineag,-101,1.9901,2.20129,W,0.990099,2.17949,0.472311,,,,0.220129,True
WNBA,Rebounds,Rebounds,Over,wnba|reb|2026-06-21|1631019|rebounds|over,wnba|2026-06-21|Las Vegas Aces|Golden State Valkyries,2026-06-21,betonlineag,106,2.06,2.44906,L,-1,-2.44906,0.456454,,,,0.244906,True
WNBA,Rebounds,Rebounds,Under,wnba|reb|2026-06-21|1642792|rebounds|under,wnba|2026-06-21|Minnesota Lynx|Washington Mystics,2026-06-21,draftkings,-109,1.91743,1.81395,W,0.917431,1.66417,0.484205,,,,0.181395,True
WNBA,Rebounds,Rebounds,Over,wnba|reb|2026-06-21|1643427|rebounds|over,wnba|2026-06-21|Minnesota Lynx|Washington Mystics,2026-06-21,fanduel,142,2.42,2.11523,L,-1,-2.11523,0.385917,,,,0.211523,True
WNBA,Rebounds,Rebounds,Over,wnba|reb|2026-06-21|203833|rebounds|over,wnba|2026-06-21|Las Vegas Aces|Golden State Valkyries,2026-06-21,betonlineag,-152,1.65789,1.07683,L,-1,-1.07683,0.565757,,,,0.107683,True
WNBA,Rebounds,Rebounds,Over,wnba|reb|2026-06-22|1627674|rebounds|over,wnba|2026-06-22|Indiana Fever|Phoenix Mercury,2026-06-22,betonlineag,-106,1.9434,1.52879,L,-1,-1.52879,0.483561,0.483561,0,0,0.152879,True
WNBA,Rebounds,Rebounds,Over,wnba|reb|2026-06-22|1628909|rebounds|over,wnba|2026-06-22|Indiana Fever|Phoenix Mercury,2026-06-22,fanduel,-114,1.87719,2.3664,L,-1,-2.3664,0.5,0.5,0,0,0.23664,True
WNBA,Rebounds,Rebounds,Under,wnba|reb|2026-06-22|1629491|rebounds|under,wnba|2026-06-22|Seattle Storm|Dallas Wings,2026-06-22,fanduel,-102,1.98039,3.32758,W,0.980392,3.26233,0.471842,0.467742,-0.00410038,-0.00869015,0.332758,True
WNBA,Rebounds,Rebounds,Over,wnba|reb|2026-06-22|1629497|rebounds|over,wnba|2026-06-22|Atlanta Dream|Toronto Tempo,2026-06-22,draftkings,-171,1.5848,2.09067,W,0.584795,1.22262,0.586733,0.579131,-0.00760149,-0.0129556,0.209067,True
WNBA,Rebounds,Rebounds,Under,wnba|reb|2026-06-22|1629567|rebounds|under,wnba|2026-06-22|Seattle Storm|Dallas Wings,2026-06-22,fanduel,-154,1.64935,1.07534,L,-1,-1.07534,0.567026,0.567026,0,0,0.107534,True
WNBA,Rebounds,Rebounds,Over,wnba|reb|2026-06-22|1629576|rebounds|over,wnba|2026-06-22|Atlanta Dream|Toronto Tempo,2026-06-22,draftkings,110,2.1,1.47282,L,-1,-1.47282,0.442478,0.457841,0.0153626,0.0347196,0.147282,True
WNBA,Rebounds,Rebounds,Under,wnba|reb|2026-06-22|1630386|rebounds|under,wnba|2026-06-22|Seattle Storm|Dallas Wings,2026-06-22,fanduel,128,2.28,1.0326,L,-1,-1.0326,0.40954,0.406408,-0.00313228,-0.00764828,0.10326,True
WNBA,Rebounds,Rebounds,Over,wnba|reb|2026-06-22|1642290|rebounds|over,wnba|2026-06-22|Connecticut Sun|Chicago Sky,2026-06-22,betonlineag,-109,1.91743,1.25858,W,0.917431,1.15466,0.489742,0.496905,0.00716276,0.0146256,0.125858,True
WNBA,Rebounds,Rebounds,Under,wnba|reb|2026-06-22|1642800|rebounds|under,wnba|2026-06-22|Connecticut Sun|Chicago Sky,2026-06-22,draftkings,103,2.03,2.42334,W,1.03,2.49604,0.457106,0.464567,0.00746092,0.0163221,0.242334,True
WNBA,Rebounds,Rebounds,Over,wnba|reb|2026-06-22|1643420|rebounds|over,wnba|2026-06-22|Atlanta Dream|Toronto Tempo,2026-06-22,draftkings,108,2.08,2.33467,L,-1,-2.33467,0.447533,0.440652,-0.00688073,-0.0153748,0.233467,True
WNBA,Rebounds,Rebounds,Over,wnba|reb|2026-06-22|1643428|rebounds|over,wnba|2026-06-22|Seattle Storm|Dallas Wings,2026-06-22,betonlineag,117,2.17,2.31411,W,1.17,2.70751,0.433109,0.430713,-0.00239588,-0.00553182,0.231411,True
WNBA,Rebounds,Rebounds,Over,wnba|reb|2026-06-22|1643443|rebounds|over,wnba|2026-06-22|Seattle Storm|Dallas Wings,2026-06-22,draftkings,-102,1.98039,1.19853,W,0.980392,1.17503,0.469387,0.469387,0,0,0.119853,True
WNBA,Rebounds,Rebounds,Over,wnba|reb|2026-06-22|201886|rebounds|over,wnba|2026-06-22|Indiana Fever|Phoenix Mercury,2026-06-22,fanduel,-138,1.72464,1.21035,L,-1,-1.21035,0.541885,0.545799,0.00391382,0.00722261,0.121035,True
WNBA,Rebounds,Rebounds,Under,wnba|reb|2026-06-22|203826|rebounds|under,wnba|2026-06-22|Indiana Fever|Phoenix Mercury,2026-06-22,draftkings,-105,1.95238,1.38847,W,0.952381,1.32235,0.476233,0.491072,0.0148392,0.0311596,0.138847,True
WNBA,Rebounds,Rebounds,Over,wnba|reb|2026-06-23|1629498|rebounds|over,wnba|2026-06-23|Las Vegas Aces|New York Liberty,2026-06-23,draftkings,114,2.14,1.31646,L,-1,-1.31646,0.434634,,,,0.131646,True
WNBA,Rebounds,Rebounds,Under,wnba|reb|2026-06-23|1630149|rebounds|under,wnba|2026-06-23|Las Vegas Aces|New York Liberty,2026-06-23,fanduel,118,2.18,2.54582,W,1.18,3.00406,0.428258,,,,0.254582,True
WNBA,Rebounds,Rebounds,Over,wnba|reb|2026-06-23|1631019|rebounds|over,wnba|2026-06-23|Las Vegas Aces|New York Liberty,2026-06-23,draftkings,-136,1.73529,2.20767,L,-1,-2.20767,0.535433,,,,0.220767,True
WNBA,Rebounds,Rebounds,Over,wnba|reb|2026-06-23|203833|rebounds|over,wnba|2026-06-23|Las Vegas Aces|New York Liberty,2026-06-23,draftkings,-114,1.87719,1.0683,W,0.877193,0.937107,0.49409,,,,0.10683,True
WNBA,Rebounds,Rebounds,Over,wnba|reb|2026-06-23|204319|rebounds|over,wnba|2026-06-23|Las Vegas Aces|New York Liberty,2026-06-23,betonlineag,132,2.32,1.08179,L,-1,-1.08179,0.405341,,,,0.108179,True
WNBA,Rebounds,Rebounds,Over,wnba|reb|2026-06-24|1627674|rebounds|over,wnba|2026-06-24|Indiana Fever|Phoenix Mercury,2026-06-24,fanduel,128,2.28,2.1962,L,-1,-2.1962,0.40954,0.40954,5.55112e-17,2.22045e-16,0.21962,True
WNBA,Rebounds,Rebounds,Under,wnba|reb|2026-06-24|1628269|rebounds|under,wnba|2026-06-24|Washington Mystics|Minnesota Lynx,2026-06-24,betonlineag,115,2.15,1.09059,W,1.15,1.25418,0.437341,0.437341,5.55112e-17,2.22045e-16,0.109059,True
WNBA,Rebounds,Rebounds,Under,wnba|reb|2026-06-24|1628922|rebounds|under,wnba|2026-06-24|Chicago Sky|Portland Fire,2026-06-24,fanduel,110,2.1,2.37552,L,-1,-2.37552,0.445168,0.445168,0,0,0.237552,True
WNBA,Rebounds,Rebounds,Over,wnba|reb|2026-06-24|1628931|rebounds|over,wnba|2026-06-24|Golden State Valkyries|Atlanta Dream,2026-06-24,betonlineag,104,2.04,1.76137,W,1.04,1.83182,0.460423,0.460423,5.55112e-17,2.22045e-16,0.176137,True
WNBA,Rebounds,Rebounds,Under,wnba|reb|2026-06-24|1631007|rebounds|under,wnba|2026-06-24|Golden State Valkyries|Atlanta Dream,2026-06-24,williamhill_us,-143,1.6993,1.36554,L,-1,-1.36554,0.550366,0.550366,0,0,0.136554,True
WNBA,Rebounds,Rebounds,Over,wnba|reb|2026-06-24|1642767|rebounds|over,wnba|2026-06-24|Golden State Valkyries|Atlanta Dream,2026-06-24,fanduel,132,2.32,1.80381,L,-1,-1.80381,0.402339,0.402339,0,0,0.180381,True
WNBA,Rebounds,Rebounds,Under,wnba|reb|2026-06-24|1642782|rebounds|under,wnba|2026-06-24|Chicago Sky|Portland Fire,2026-06-24,draftkings,106,2.06,1.41923,L,-1,-1.41923,0.451317,0.451317,0,0,0.141923,True
WNBA,Rebounds,Rebounds,Over,wnba|reb|2026-06-24|1642785|rebounds|over,wnba|2026-06-24|Washington Mystics|Minnesota Lynx,2026-06-24,betonlineag,120,2.2,1.27044,L,-1,-1.27044,0.427236,0.427236,5.55112e-17,2.22045e-16,0.127044,True
WNBA,Rebounds,Rebounds,Over,wnba|reb|2026-06-24|1643427|rebounds|over,wnba|2026-06-24|Washington Mystics|Minnesota Lynx,2026-06-24,draftkings,-175,1.57143,1.11052,W,0.571429,0.634582,0.591988,0.591988,0,0,0.111052,True
WNBA,Rebounds,Rebounds,Under,wnba|reb|2026-06-24|1643447|rebounds|under,wnba|2026-06-24|Chicago Sky|Portland Fire,2026-06-24,fanduel,118,2.18,1.36622,L,-1,-1.36622,0.428258,0.432974,0.00471581,0.0110116,0.136622,True
WNBA,Rebounds,Rebounds,Over,wnba|reb|2026-06-24|203825|rebounds|over,wnba|2026-06-24|Washington Mystics|Minnesota Lynx,2026-06-24,betonlineag,-139,1.71942,2.03103,W,0.719424,1.46117,0.546257,0.546257,0,0,0.203103,True
WNBA,Rebounds,Rebounds,Over,wnba|reb|2026-06-24|203866|rebounds|over,wnba|2026-06-24|Golden State Valkyries|Atlanta Dream,2026-06-24,betonlineag,122,2.22,2.87824,L,-1,-2.87824,0.423216,0.423216,5.55112e-17,2.22045e-16,0.287824,True
WNBA,Rebounds,Rebounds,Under,wnba|reb|2026-06-25|1629477|rebounds|under,wnba|2026-06-25|Seattle Storm|New York Liberty,2026-06-25,williamhill_us,-154,1.64935,1.88534,W,0.649351,1.22425,0.567026,,,,0.188534,True
WNBA,Rebounds,Rebounds,Under,wnba|reb|2026-06-25|1629491|rebounds|under,wnba|2026-06-25|Las Vegas Aces|Dallas Wings,2026-06-25,fanduel,-106,1.9434,3.27033,L,-1,-3.27033,0.480847,0.480847,0,0,0.327033,True
WNBA,Rebounds,Rebounds,Over,wnba|reb|2026-06-25|1629567|rebounds|over,wnba|2026-06-25|Seattle Storm|New York Liberty,2026-06-25,draftkings,-122,1.81967,1.64444,L,-1,-1.64444,0.510916,0.510916,0,0,0.164444,True
WNBA,Rebounds,Rebounds,Over,wnba|reb|2026-06-25|1631019|rebounds|over,wnba|2026-06-25|Las Vegas Aces|Dallas Wings,2026-06-25,betonlineag,-147,1.68027,1.20185,W,0.680272,0.817584,0.559015,0.559015,0,0,0.120185,True
WNBA,Rebounds,Rebounds,Over,wnba|reb|2026-06-25|1631055|rebounds|over,wnba|2026-06-25|Toronto Tempo|Los Angeles Sparks,2026-06-25,betonlineag,-118,1.84746,1.35117,L,-1,-1.35117,0.508203,0.508203,0,0,0.135117,True
WNBA,Rebounds,Rebounds,Over,wnba|reb|2026-06-25|1643428|rebounds|over,wnba|2026-06-25|Seattle Storm|New York Liberty,2026-06-25,fanduel,114,2.14,3.0327,W,1.14,3.45728,0.43653,0.43653,5.55112e-17,2.22045e-16,0.30327,True
WNBA,Rebounds,Rebounds,Over,wnba|reb|2026-06-25|1643443|rebounds|over,wnba|2026-06-25|Seattle Storm|New York Liberty,2026-06-25,fanduel,-125,1.8,2.18727,W,0.8,1.74981,0.519153,0.519153,0,0,0.218727,True
WNBA,Rebounds,Rebounds,Over,wnba|reb|2026-06-25|203014|rebounds|over,wnba|2026-06-25|Toronto Tempo|Los Angeles Sparks,2026-06-25,betonlineag,-137,1.72993,1.32054,L,-1,-1.32054,0.543546,,,,0.132054,True
WNBA,Rebounds,Rebounds,Over,wnba|reb|2026-06-25|203833|rebounds|over,wnba|2026-06-25|Las Vegas Aces|Dallas Wings,2026-06-25,draftkings,-137,1.72993,1.09676,L,-1,-1.09676,0.537444,0.537444,0,0,0.109676,True
WNBA,Rebounds,Rebounds,Over,wnba|reb|2026-06-25|204324|rebounds|over,wnba|2026-06-25|Toronto Tempo|Los Angeles Sparks,2026-06-25,fanduel,112,2.12,1.7181,W,1.12,1.92428,0.44147,,,,0.17181,True
WNBA,Rebounds,Rebounds,Under,wnba|reb|2026-06-26|1628277|rebounds|under,wnba|2026-06-26|Golden State Valkyries|Atlanta Dream,2026-06-26,fanduel,100,2,1.72538,W,1,1.72538,0.467742,0.467742,0,0,0.172538,True
WNBA,Rebounds,Rebounds,Under,wnba|reb|2026-06-26|1628508|rebounds|under,wnba|2026-06-26|Golden State Valkyries|Atlanta Dream,2026-06-26,betonlineag,-143,1.6993,1.41147,W,0.699301,0.98704,0.552733,0.576784,0.0240503,0.0435115,0.141147,True
WNBA,Rebounds,Rebounds,Under,wnba|reb|2026-06-26|1628886|rebounds|under,wnba|2026-06-26|Golden State Valkyries|Atlanta Dream,2026-06-26,fanduel,-110,1.90909,1.38281,W,0.909091,1.2571,0.489879,0.5,0.0101215,0.0206612,0.138281,True
WNBA,Rebounds,Rebounds,Under,wnba|reb|2026-06-26|1628922|rebounds|under,wnba|2026-06-26|Chicago Sky|Portland Fire,2026-06-26,williamhill_us,-137,1.72993,1.45555,W,0.729927,1.06245,0.541125,0.536673,-0.00445106,-0.00822558,0.145555,True
WNBA,Rebounds,Rebounds,Under,wnba|reb|2026-06-26|1629484|rebounds|under,wnba|2026-06-26|Chicago Sky|Portland Fire,2026-06-26,draftkings,116,2.16,1.26242,W,1.16,1.4644,0.429918,0.429918,0,0,0.126242,True
WNBA,Rebounds,Rebounds,Over,wnba|reb|2026-06-26|1629524|rebounds|over,wnba|2026-06-26|Chicago Sky|Portland Fire,2026-06-26,betonlineag,107,2.07,1.11377,W,1.07,1.19173,0.453743,0.456454,0.00271101,0.00597477,0.111377,True
WNBA,Rebounds,Rebounds,Over,wnba|reb|2026-06-26|1630446|rebounds|over,wnba|2026-06-26|Connecticut Sun|Washington Mystics,2026-06-26,betonlineag,-135,1.74074,1.30663,L,-1,-1.30663,0.539577,0.539577,0,0,0.130663,True
WNBA,Rebounds,Rebounds,Under,wnba|reb|2026-06-26|1631009|rebounds|under,wnba|2026-06-26|Golden State Valkyries|Atlanta Dream,2026-06-26,fanduel,-120,1.83333,1.22439,L,-1,-1.22439,0.510121,0.510121,0,0,0.122439,True
WNBA,Rebounds,Rebounds,Under,wnba|reb|2026-06-26|1631044|rebounds|under,wnba|2026-06-26|Golden State Valkyries|Atlanta Dream,2026-06-26,williamhill_us,113,2.13,2.84878,W,1.13,3.21912,0.437682,0.466247,0.0285651,0.0652645,0.284878,True
WNBA,Rebounds,Rebounds,Under,wnba|reb|2026-06-26|1631083|rebounds|under,wnba|2026-06-26|Chicago Sky|Portland Fire,2026-06-26,fanduel,-136,1.73529,1.53493,W,0.735294,1.12862,0.537907,0.532258,-0.0056492,-0.0105022,0.153493,True
WNBA,Rebounds,Rebounds,Under,wnba|reb|2026-06-26|1631135|rebounds|under,wnba|2026-06-26|Connecticut Sun|Washington Mystics,2026-06-26,draftkings,-108,1.92593,2.18021,L,-1,-2.18021,0.482219,0.482219,5.55112e-17,2.22045e-16,0.218021,True
WNBA,Rebounds,Rebounds,Under,wnba|reb|2026-06-26|1642291|rebounds|under,wnba|2026-06-26|Golden State Valkyries|Atlanta Dream,2026-06-26,fanduel,-102,1.98039,2.34478,L,-1,-2.34478,0.471842,0.471842,0,0,0.234478,True
WNBA,Rebounds,Rebounds,Under,wnba|reb|2026-06-26|1643447|rebounds|under,wnba|2026-06-26|Chicago Sky|Portland Fire,2026-06-26,williamhill_us,-152,1.65789,1.70362,W,0.657895,1.12081,0.562318,0.562318,0,0,0.170362,True
WNBA,Rebounds,Rebounds,Over,wnba|reb|2026-06-26|203398|rebounds|over,wnba|2026-06-26|Connecticut Sun|Washington Mystics,2026-06-26,draftkings,-161,1.62112,1.08605,L,-1,-1.08605,0.573515,,,,0.108605,True
WNBA,Rebounds,Rebounds,Over,wnba|reb|2026-06-27|1627674|rebounds|over,wnba|2026-06-27|Toronto Tempo|Phoenix Mercury,2026-06-27,draftkings,-111,1.9009,2.18396,W,0.900901,1.96753,0.489084,0.489084,0,0,0.218396,True
WNBA,Rebounds,Rebounds,Over,wnba|reb|2026-06-27|1628881|rebounds|over,wnba|2026-06-27|Indiana Fever|Los Angeles Sparks,2026-06-27,williamhill_us,108,2.08,1.55806,W,1.08,1.68271,0.449634,,,,0.155806,True
WNBA,Rebounds,Rebounds,Under,wnba|reb|2026-06-27|1629482|rebounds|under,wnba|2026-06-27|Indiana Fever|Los Angeles Sparks,2026-06-27,fanduel,-125,1.8,1.85087,W,0.8,1.48069,0.519153,0.519153,0,0,0.185087,True
WNBA,Rebounds,Rebounds,Under,wnba|reb|2026-06-27|1631086|rebounds|under,wnba|2026-06-27|Indiana Fever|Los Angeles Sparks,2026-06-27,betonlineag,104,2.04,2.74577,L,-1,-2.74577,0.460423,0.481493,0.0210697,0.0457616,0.274577,True
WNBA,Rebounds,Rebounds,Over,wnba|reb|2026-06-27|1641648|rebounds|over,wnba|2026-06-27|Indiana Fever|Los Angeles Sparks,2026-06-27,betonlineag,-109,1.91743,1.62698,L,-1,-1.62698,0.489742,,,,0.162698,True
WNBA,Rebounds,Rebounds,Under,wnba|reb|2026-06-27|1642291|rebounds|under,wnba|2026-06-27|Seattle Storm|Atlanta Dream,2026-06-27,williamhill_us,-103,1.97087,1.67357,W,0.970874,1.62482,0.473043,0.473043,0,0,0.167357,True
WNBA,Rebounds,Rebounds,Over,wnba|reb|2026-06-27|1643428|rebounds|over,wnba|2026-06-27|Seattle Storm|Atlanta Dream,2026-06-27,fanduel,-122,1.81967,1.85776,W,0.819672,1.52276,0.514184,0.519153,0.0049694,0.00966464,0.185776,True
WNBA,Rebounds,Rebounds,Over,wnba|reb|2026-06-27|204468|rebounds|over,wnba|2026-06-27|Toronto Tempo|Phoenix Mercury,2026-06-27,williamhill_us,-145,1.68966,1.2518,W,0.689655,0.863309,0.55414,,,,0.12518,True
WNBA,Rebounds,Rebounds,Under,wnba|reb|2026-06-28|1628269|rebounds|under,wnba|2026-06-28|Dallas Wings|Minnesota Lynx,2026-06-28,draftkings,114,2.14,1.34744,L,-1,-1.34744,0.434016,0.434016,0,0,0.134744,True
WNBA,Rebounds,Rebounds,Under,wnba|reb|2026-06-28|1628922|rebounds|under,wnba|2026-06-28|Chicago Sky|Las Vegas Aces,2026-06-28,draftkings,-143,1.6993,1.21271,W,0.699301,0.848052,0.546769,0.546769,0,0,0.121271,True
WNBA,Rebounds,Rebounds,Under,wnba|reb|2026-06-28|1629491|rebounds|under,wnba|2026-06-28|Dallas Wings|Minnesota Lynx,2026-06-28,fanduel,-102,1.98039,3.78598,L,-1,-3.78598,0.471842,0.471842,0,0,0.378598,True
WNBA,Rebounds,Rebounds,Over,wnba|reb|2026-06-28|1629524|rebounds|over,wnba|2026-06-28|Washington Mystics|Portland Fire,2026-06-28,fanduel,102,2.02,1.72547,L,-1,-1.72547,0.462093,0.462093,5.55112e-17,2.22045e-16,0.172547,True
WNBA,Rebounds,Rebounds,Over,wnba|reb|2026-06-28|1642785|rebounds|over,wnba|2026-06-28|Washington Mystics|Portland Fire,2026-06-28,betonlineag,-101,1.9901,1.37249,W,0.990099,1.3589,0.472311,0.472311,0,0,0.137249,True
WNBA,Rebounds,Rebounds,Over,wnba|reb|2026-06-28|1643427|rebounds|over,wnba|2026-06-28|Washington Mystics|Portland Fire,2026-06-28,betonlineag,141,2.41,2.29563,L,-1,-2.29563,0.389957,0.389957,0,0,0.229563,True
WNBA,Rebounds,Rebounds,Under,wnba|reb|2026-06-28|1643447|rebounds|under,wnba|2026-06-28|Chicago Sky|Las Vegas Aces,2026-06-28,fanduel,116,2.16,1.73666,W,1.16,2.01452,0.432974,0.432974,0,0,0.173666,True
WNBA,Rebounds,Rebounds,Over,wnba|reb|2026-06-28|203825|rebounds|over,wnba|2026-06-28|Dallas Wings|Minnesota Lynx,2026-06-28,betonlineag,120,2.2,1.62524,L,-1,-1.62524,0.427236,0.427236,5.55112e-17,2.22045e-16,0.162524,True
WNBA,Rebounds,Rebounds,Over,wnba|reb|2026-07-02|1627674|rebounds|over,wnba|2026-07-02|Phoenix Mercury|Seattle Storm,2026-07-02,williamhill_us,-130,1.76923,2.27283,W,0.769231,1.74833,0.526957,0.526957,0,0,0.227283,True
WNBA,Rebounds,Rebounds,Over,wnba|reb|2026-07-02|1628886|rebounds|over,wnba|2026-07-02|Washington Mystics|Atlanta Dream,2026-07-02,draftkings,122,2.22,1.26385,L,-1,-1.26385,0.419215,0.409579,-0.00963576,-0.0229853,0.126385,True
WNBA,Rebounds,Rebounds,Under,wnba|reb|2026-07-02|1629491|rebounds|under,wnba|2026-07-02|Connecticut Sun|Dallas Wings,2026-07-02,williamhill_us,-134,1.74627,2.17295,W,0.746269,1.62161,0.533865,0.533865,0,0,0.217295,True
WNBA,Rebounds,Rebounds,Over,wnba|reb|2026-07-02|1629568|rebounds|over,wnba|2026-07-02|Connecticut Sun|Dallas Wings,2026-07-02,fanduel,128,2.28,1.7814,L,-1,-1.7814,0.40954,0.413785,0.00424472,0.0103646,0.17814,True
WNBA,Rebounds,Rebounds,Over,wnba|reb|2026-07-02|1631009|rebounds|over,wnba|2026-07-02|Washington Mystics|Atlanta Dream,2026-07-02,fanduel,-120,1.83333,1.28639,L,-1,-1.28639,0.510121,0.510121,0,0,0.128639,True
WNBA,Rebounds,Rebounds,Over,wnba|reb|2026-07-02|1642290|rebounds|over,wnba|2026-07-02|Connecticut Sun|Dallas Wings,2026-07-02,draftkings,113,2.13,2.01629,L,-1,-2.01629,0.436411,0.449418,0.0130065,0.0298033,0.201629,True
WNBA,Rebounds,Rebounds,Under,wnba|reb|2026-07-02|1642291|rebounds|under,wnba|2026-07-02|Washington Mystics|Atlanta Dream,2026-07-02,draftkings,-134,1.74627,1.19211,L,-1,-1.19211,0.532629,0.544113,0.0114839,0.0215607,0.119211,True
WNBA,Rebounds,Rebounds,Over,wnba|reb|2026-07-02|1642785|rebounds|over,wnba|2026-07-02|Washington Mystics|Atlanta Dream,2026-07-02,fanduel,142,2.42,1.47483,V,0,0,0.385917,0.432974,0.0470575,0.121937,0.147483,True
WNBA,Rebounds,Rebounds,Under,wnba|reb|2026-07-02|1642798|rebounds|under,wnba|2026-07-02|Phoenix Mercury|Seattle Storm,2026-07-02,fanduel,-102,1.98039,1.56278,W,0.980392,1.53213,0.471842,0.471842,0,0,0.156278,True
WNBA,Rebounds,Rebounds,Over,wnba|reb|2026-07-02|1643425|rebounds|over,wnba|2026-07-02|Connecticut Sun|Dallas Wings,2026-07-02,draftkings,135,2.35,1.33749,W,1.35,1.80561,0.395971,0.402894,0.00692308,0.0174838,0.133749,True
WNBA,Rebounds,Rebounds,Over,wnba|reb|2026-07-02|1643428|rebounds|over,wnba|2026-07-02|Phoenix Mercury|Seattle Storm,2026-07-02,draftkings,-140,1.71429,2.09481,L,-1,-2.09481,0.542159,0.533419,-0.00874096,-0.0161225,0.209481,True
WNBA,Rebounds,Rebounds,Over,wnba|reb|2026-07-02|1643443|rebounds|over,wnba|2026-07-02|Phoenix Mercury|Seattle Storm,2026-07-02,draftkings,-160,1.625,1.2587,W,0.625,0.786685,0.57293,0.573515,0.00058512,0.00102128,0.12587,True
WNBA,Rebounds,Rebounds,Over,wnba|reb|2026-07-02|203398|rebounds|over,wnba|2026-07-02|Connecticut Sun|Dallas Wings,2026-07-02,fanduel,112,2.12,1.6685,W,1.12,1.86872,0.44147,0.480847,0.0393771,0.0891955,0.16685,True
WNBA,Rebounds,Rebounds,Under,wnba|reb|2026-07-03|1629477|rebounds|under,wnba|2026-07-03|New York Liberty|Minnesota Lynx,2026-07-03,draftkings,-159,1.62893,1.95467,W,0.628931,1.22935,0.571213,,,,0.195467,True
WNBA,Rebounds,Rebounds,Under,wnba|reb|2026-07-03|1631136|rebounds|under,wnba|2026-07-03|New York Liberty|Minnesota Lynx,2026-07-03,betonlineag,102,2.02,1.74294,W,1.02,1.7778,0.465266,,,,0.174294,True
WNBA,Rebounds,Rebounds,Under,wnba|reb|2026-07-03|1643447|rebounds|under,wnba|2026-07-03|Las Vegas Aces|Chicago Sky,2026-07-03,draftkings,-109,1.91743,1.51795,W,0.917431,1.39261,0.484205,,,,0.151795,True
WNBA,Rebounds,Rebounds,Over,wnba|reb|2026-07-03|203825|rebounds|over,wnba|2026-07-03|New York Liberty|Minnesota Lynx,2026-07-03,betonlineag,122,2.22,2.26864,L,-1,-2.26864,0.423216,,,,0.226864,True
WNBA,Rebounds,Rebounds,Over,wnba|reb|2026-07-03|203827|rebounds|over,wnba|2026-07-03|New York Liberty|Minnesota Lynx,2026-07-03,draftkings,-135,1.74074,2.01261,L,-1,-2.01261,0.533419,,,,0.201261,True
WNBA,Rebounds,Rebounds,Under,wnba|reb|2026-07-04|1628508|rebounds|under,wnba|2026-07-04|Atlanta Dream|Golden State Valkyries,2026-07-04,draftkings,-181,1.55249,1.29702,W,0.552486,0.716584,0.599098,,,,0.129702,True
WNBA,Rebounds,Rebounds,Over,wnba|reb|2026-07-04|1629484|rebounds|over,wnba|2026-07-04|Seattle Storm|Portland Fire,2026-07-04,draftkings,-102,1.98039,1.87572,W,0.980392,1.83894,0.468588,,,,0.187572,True
WNBA,Rebounds,Rebounds,Over,wnba|reb|2026-07-04|1629524|rebounds|over,wnba|2026-07-04|Seattle Storm|Portland Fire,2026-07-04,draftkings,104,2.04,1.40279,W,1.04,1.4589,0.455161,,,,0.140279,True
WNBA,Rebounds,Rebounds,Under,wnba|reb|2026-07-04|1631141|rebounds|under,wnba|2026-07-04|Seattle Storm|Portland Fire,2026-07-04,betonlineag,-159,1.62893,1.32456,W,0.628931,0.833059,0.576784,,,,0.132456,True
WNBA,Rebounds,Rebounds,Under,wnba|reb|2026-07-04|1642291|rebounds|under,wnba|2026-07-04|Atlanta Dream|Golden State Valkyries,2026-07-04,williamhill_us,104,2.04,1.29045,L,-1,-1.29045,0.458875,,,,0.129045,True
WNBA,Rebounds,Rebounds,Over,wnba|reb|2026-07-04|1642304|rebounds|over,wnba|2026-07-04|Seattle Storm|Portland Fire,2026-07-04,betonlineag,103,2.03,1.0577,W,1.03,1.08943,0.46323,,,,0.10577,True
WNBA,Rebounds,Rebounds,Over,wnba|reb|2026-07-04|1642782|rebounds|over,wnba|2026-07-04|Seattle Storm|Portland Fire,2026-07-04,draftkings,122,2.22,1.11545,W,1.22,1.36085,0.419215,,,,0.111545,True
WNBA,Rebounds,Rebounds,Under,wnba|reb|2026-07-04|1642798|rebounds|under,wnba|2026-07-04|Seattle Storm|Portland Fire,2026-07-04,williamhill_us,-137,1.72993,2.26536,W,0.729927,1.65355,0.539904,,,,0.226536,True
WNBA,Rebounds,Rebounds,Over,wnba|reb|2026-07-05|1627700|rebounds|over,wnba|2026-07-05|Toronto Tempo|Dallas Wings,2026-07-05,betonlineag,-172,1.5814,1.05863,V,0,0,0.593617,0.593617,0,0,0.105863,True
WNBA,Rebounds,Rebounds,Under,wnba|reb|2026-07-05|1629482|rebounds|under,wnba|2026-07-05|Las Vegas Aces|Indiana Fever,2026-07-05,betonlineag,109,2.09,1.05553,W,1.09,1.15053,0.449887,0.449887,5.55112e-17,2.22045e-16,0.105553,True
WNBA,Rebounds,Rebounds,Under,wnba|reb|2026-07-05|1629491|rebounds|under,wnba|2026-07-05|Toronto Tempo|Dallas Wings,2026-07-05,fanduel,-110,1.90909,2.47201,L,-1,-2.47201,0.489879,0.489879,5.55112e-17,2.22045e-16,0.247201,True
WNBA,Rebounds,Rebounds,Over,wnba|reb|2026-07-05|1629576|rebounds|over,wnba|2026-07-05|Toronto Tempo|Dallas Wings,2026-07-05,williamhill_us,-132,1.75758,1.15462,W,0.757576,0.874712,0.532258,0.532258,0,0,0.115462,True
WNBA,Rebounds,Rebounds,Over,wnba|reb|2026-07-05|1631055|rebounds|over,wnba|2026-07-05|Toronto Tempo|Dallas Wings,2026-07-05,draftkings,-137,1.72993,1.90716,W,0.729927,1.39209,0.537444,0.537444,0,0,0.190716,True
WNBA,Rebounds,Rebounds,Under,wnba|reb|2026-07-05|1643433|rebounds|under,wnba|2026-07-05|Las Vegas Aces|Indiana Fever,2026-07-05,betonlineag,-128,1.78125,3.07551,L,-1,-3.07551,0.527689,0.527689,0,0,0.307551,True
WNBA,Rebounds,Rebounds,Under,wnba|reb|2026-07-05|204323|rebounds|under,wnba|2026-07-05|Las Vegas Aces|Indiana Fever,2026-07-05,fanduel,104,2.04,2.30325,W,1.04,2.39538,0.458115,0.458115,0,0,0.230325,True
WNBA,Rebounds,Rebounds,Under,wnba|reb|2026-07-06|1628878|rebounds|under,wnba|2026-07-06|Los Angeles Sparks|Seattle Storm,2026-07-06,betonlineag,110,2.1,1.37213,L,-1,-1.37213,0.447267,0.447267,5.55112e-17,2.22045e-16,0.137213,True
WNBA,Rebounds,Rebounds,Over,wnba|reb|2026-07-06|1631007|rebounds|over,wnba|2026-07-06|Washington Mystics|Golden State Valkyries,2026-07-06,betrivers,-150,1.66667,1.1896,W,0.666667,0.793067,0.6,0.6,0,0,0.11896,True
WNBA,Rebounds,Rebounds,Under,wnba|reb|2026-07-06|1631135|rebounds|under,wnba|2026-07-06|Minnesota Lynx|Connecticut Sun,2026-07-06,draftkings,110,2.1,1.62181,L,-1,-1.62181,0.443139,0.443139,5.55112e-17,2.22045e-16,0.162181,True
WNBA,Rebounds,Rebounds,Under,wnba|reb|2026-07-06|1642798|rebounds|under,wnba|2026-07-06|Los Angeles Sparks|Seattle Storm,2026-07-06,draftkings,-121,1.82645,2.80072,L,-1,-2.80072,0.508928,0.508928,0,0,0.280072,True
WNBA,Rebounds,Rebounds,Over,wnba|reb|2026-07-06|203398|rebounds|over,wnba|2026-07-06|Minnesota Lynx|Connecticut Sun,2026-07-06,betonlineag,120,2.2,2.64004,W,1.2,3.16804,0.427236,0.427236,5.55112e-17,2.22045e-16,0.264004,True
WNBA,Rebounds,Rebounds,Over,wnba|reb|2026-07-06|203825|rebounds|over,wnba|2026-07-06|Minnesota Lynx|Connecticut Sun,2026-07-06,betonlineag,106,2.06,1.69906,L,-1,-1.69906,0.456454,,,,0.169906,True
WNBA,Rebounds,Rebounds,Over,wnba|reb|2026-07-06|203827|rebounds|over,wnba|2026-07-06|Minnesota Lynx|Connecticut Sun,2026-07-06,fanduel,-148,1.67568,1.9279,L,-1,-1.9279,0.55853,,,,0.19279,True
WNBA,Rebounds,Rebounds,Over,wnba|reb|2026-07-07|1627668|rebounds|over,wnba|2026-07-07|New York Liberty|Dallas Wings,2026-07-07,fanduel,118,2.18,1.54302,W,1.18,1.82076,0.428258,0.428258,0,0,0.154302,True
WNBA,Rebounds,Rebounds,Over,wnba|reb|2026-07-07|1627673|rebounds|over,wnba|2026-07-07|New York Liberty|Dallas Wings,2026-07-07,betonlineag,-116,1.86207,1.3724,W,0.862069,1.18311,0.50516,0.510258,0.00509835,0.0100925,0.13724,True
WNBA,Rebounds,Rebounds,Over,wnba|reb|2026-07-07|1627674|rebounds|over,wnba|2026-07-07|Phoenix Mercury|Chicago Sky,2026-07-07,williamhill_us,-132,1.75758,1.16796,W,0.757576,0.884815,0.529804,0.529804,0,0,0.116796,True
WNBA,Rebounds,Rebounds,Over,wnba|reb|2026-07-07|1629481|rebounds|over,wnba|2026-07-07|New York Liberty|Dallas Wings,2026-07-07,fanduel,-102,1.98039,1.29038,L,-1,-1.29038,0.471842,0.471842,0,0,0.129038,True
WNBA,Rebounds,Rebounds,Under,wnba|reb|2026-07-07|1629491|rebounds|under,wnba|2026-07-07|New York Liberty|Dallas Wings,2026-07-07,fanduel,106,2.06,2.49559,L,-1,-2.49559,0.454201,0.454201,5.55112e-17,2.22045e-16,0.249559,True
WNBA,Rebounds,Rebounds,Over,wnba|reb|2026-07-07|1630142|rebounds|over,wnba|2026-07-07|New York Liberty|Dallas Wings,2026-07-07,betonlineag,-143,1.6993,1.31907,V,0,0,0.552733,,,,0.131907,True
WNBA,Rebounds,Rebounds,Under,wnba|reb|2026-07-07|1631136|rebounds|under,wnba|2026-07-07|New York Liberty|Dallas Wings,2026-07-07,betonlineag,152,2.52,1.18586,W,1.52,1.8025,0.373134,0.373134,0,0,0.118586,True
WNBA,Rebounds,Rebounds,Under,wnba|reb|2026-07-07|201886|rebounds|under,wnba|2026-07-07|Phoenix Mercury|Chicago Sky,2026-07-07,williamhill_us,103,2.03,1.45744,L,-1,-1.45744,0.460096,0.460096,0,0,0.145744,True
WNBA,Rebounds,Rebounds,Over,wnba|reb|2026-07-07|203400|rebounds|over,wnba|2026-07-07|Phoenix Mercury|Chicago Sky,2026-07-07,betonlineag,128,2.28,1.4761,V,0,0,0.41219,0.41219,0,0,0.14761,True
WNBA,Rebounds,Rebounds,Under,wnba|reb|2026-07-08|1628269|rebounds|under,wnba|2026-07-08|Connecticut Sun|Minnesota Lynx,2026-07-08,fanduel,116,2.16,1.09746,W,1.16,1.27305,0.432974,0.432974,0,0,0.109746,True
WNBA,Rebounds,Rebounds,Over,wnba|reb|2026-07-08|1628909|rebounds|over,wnba|2026-07-08|Los Angeles Sparks|Indiana Fever,2026-07-08,betonlineag,171,2.71,1.39569,W,1.71,2.38663,0.347071,,,,0.139569,True
WNBA,Rebounds,Rebounds,Over,wnba|reb|2026-07-08|1631007|rebounds|over,wnba|2026-07-08|Toronto Tempo|Golden State Valkyries,2026-07-08,draftkings,-160,1.625,1.10795,L,-1,-1.10795,0.571805,0.571805,0,0,0.110795,True
WNBA,Rebounds,Rebounds,Over,wnba|reb|2026-07-08|1631055|rebounds|over,wnba|2026-07-08|Toronto Tempo|Golden State Valkyries,2026-07-08,betonlineag,112,2.12,1.74441,L,-1,-1.74441,0.443519,0.443519,5.55112e-17,2.22045e-16,0.174441,True
WNBA,Rebounds,Rebounds,Over,wnba|reb|2026-07-08|203398|rebounds|over,wnba|2026-07-08|Connecticut Sun|Minnesota Lynx,2026-07-08,draftkings,-143,1.6993,1.12751,V,0,0,0.546769,0.546769,0,0,0.112751,True
WNBA,Rebounds,Rebounds,Over,wnba|reb|2026-07-08|203825|rebounds|over,wnba|2026-07-08|Connecticut Sun|Minnesota Lynx,2026-07-08,fanduel,134,2.34,1.48085,W,1.34,1.98433,0.399315,0.399315,0,0,0.148085,True
WNBA,Rebounds,Rebounds,Over,wnba|reb|2026-07-08|203827|rebounds|over,wnba|2026-07-08|Connecticut Sun|Minnesota Lynx,2026-07-08,betonlineag,-106,1.9434,1.57839,W,0.943396,1.48905,0.483561,0.483561,0,0,0.157839,True
WNBA,Rebounds,Rebounds,Over,wnba|reb|2026-07-09|1627674|rebounds|over,wnba|2026-07-09|Phoenix Mercury|Indiana Fever,2026-07-09,fanduel,-104,1.96154,1.74405,W,0.961538,1.67697,0.475915,0.475915,5.55112e-17,2.22045e-16,0.174405,True
WNBA,Rebounds,Rebounds,Under,wnba|reb|2026-07-09|1628881|rebounds|under,wnba|2026-07-09|Phoenix Mercury|Indiana Fever,2026-07-09,fanduel,100,2,1.89058,W,1,1.89058,0.467742,0.471842,0.00410038,0.00876633,0.189058,True
WNBA,Rebounds,Rebounds,Over,wnba|reb|2026-07-09|1629484|rebounds|over,wnba|2026-07-09|Portland Fire|Las Vegas Aces,2026-07-09,betonlineag,-137,1.72993,2.14214,L,-1,-2.14214,0.543546,,,,0.214214,True
WNBA,Rebounds,Rebounds,Under,wnba|reb|2026-07-09|1629498|rebounds|under,wnba|2026-07-09|Portland Fire|Las Vegas Aces,2026-07-09,fanduel,-102,1.98039,1.33878,W,0.980392,1.31253,0.471842,,,,0.133878,True
WNBA,Rebounds,Rebounds,Over,wnba|reb|2026-07-09|1629524|rebounds|over,wnba|2026-07-09|Portland Fire|Las Vegas Aces,2026-07-09,fanduel,-114,1.87719,1.6636,W,0.877193,1.4593,0.5,,,,0.16636,True
WNBA,Rebounds,Rebounds,Under,wnba|reb|2026-07-09|1631019|rebounds|under,wnba|2026-07-09|Portland Fire|Las Vegas Aces,2026-07-09,williamhill_us,100,2,1.59745,W,1,1.59745,0.466135,,,,0.159745,True
WNBA,Rebounds,Rebounds,Under,wnba|reb|2026-07-09|1631086|rebounds|under,wnba|2026-07-09|Phoenix Mercury|Indiana Fever,2026-07-09,draftkings,-117,1.8547,1.70969,W,0.854701,1.46127,0.500991,0.500991,0,0,0.170969,True
WNBA,Rebounds,Rebounds,Over,wnba|reb|2026-07-09|1642304|rebounds|over,wnba|2026-07-09|Portland Fire|Las Vegas Aces,2026-07-09,betonlineag,103,2.03,1.2413,W,1.03,1.27854,0.46323,,,,0.12413,True
WNBA,Rebounds,Rebounds,Over,wnba|reb|2026-07-09|1642782|rebounds|over,wnba|2026-07-09|Portland Fire|Las Vegas Aces,2026-07-09,draftkings,117,2.17,2.15533,W,1.17,2.52174,0.428787,,,,0.215533,True
WNBA,Rebounds,Rebounds,Under,wnba|reb|2026-07-09|1642798|rebounds|under,wnba|2026-07-09|Atlanta Dream|Seattle Storm,2026-07-09,betonlineag,-111,1.9009,1.33,L,-1,-1.33,0.49484,0.49484,0,0,0.133,True
WNBA,Rebounds,Rebounds,Under,wnba|reb|2026-07-09|201886|rebounds|under,wnba|2026-07-09|Phoenix Mercury|Indiana Fever,2026-07-09,draftkings,105,2.05,2.09811,L,-1,-2.09811,0.453949,0.453949,0,0,0.209811,True
WNBA,Rebounds,Rebounds,Under,wnba|reb|2026-07-09|203833|rebounds|under,wnba|2026-07-09|Portland Fire|Las Vegas Aces,2026-07-09,betonlineag,-159,1.62893,1.33776,W,0.628931,0.841361,0.576784,,,,0.133776,True
WNBA,Rebounds,Rebounds,Over,wnba|reb|2026-07-10|1629481|rebounds|over,wnba|2026-07-10|Toronto Tempo|Dallas Wings,2026-07-10,fanduel,102,2.02,2.20027,W,1.02,2.24428,0.462093,0.462093,5.55112e-17,2.22045e-16,0.220027,True
WNBA,Rebounds,Rebounds,Under,wnba|reb|2026-07-10|1629491|rebounds|under,wnba|2026-07-10|Toronto Tempo|Dallas Wings,2026-07-10,draftkings,-123,1.81301,2.26087,L,-1,-2.26087,0.511833,0.535433,0.0236002,0.0461091,0.226087,True
WNBA,Rebounds,Rebounds,Under,wnba|reb|2026-07-10|1631055|rebounds|under,wnba|2026-07-10|Toronto Tempo|Dallas Wings,2026-07-10,williamhill_us,-157,1.63694,1.73502,V,0,0,0.571138,0.571138,0,0,0.173502,True
WNBA,Rebounds,Rebounds,Over,wnba|reb|2026-07-10|1643425|rebounds|over,wnba|2026-07-10|Toronto Tempo|Dallas Wings,2026-07-10,betonlineag,113,2.13,1.02295,L,-1,-1.02295,0.440985,0.440985,5.55112e-17,2.22045e-16,0.102295,True
WNBA,Rebounds,Rebounds,Over,wnba|reb|2026-07-10|203014|rebounds|over,wnba|2026-07-10|Los Angeles Sparks|Chicago Sky,2026-07-10,betonlineag,109,2.09,1.03073,W,1.09,1.1235,0.449887,0.449887,5.55112e-17,2.22045e-16,0.103073,True
WNBA,Rebounds,Rebounds,Over,wnba|reb|2026-07-11|1627668|rebounds|over,wnba|2026-07-11|Minnesota Lynx|New York Liberty,2026-07-11,betonlineag,122,2.22,1.69424,L,-1,-1.69424,0.423216,0.423216,5.55112e-17,2.22045e-16,0.169424,True
WNBA,Rebounds,Rebounds,Over,wnba|reb|2026-07-11|1627673|rebounds|over,wnba|2026-07-11|Minnesota Lynx|New York Liberty,2026-07-11,fanduel,-132,1.75758,1.33302,W,0.757576,1.00986,0.532258,0.537907,0.0056492,0.0106137,0.133302,True
WNBA,Rebounds,Rebounds,Over,wnba|reb|2026-07-11|1627675|rebounds|over,wnba|2026-07-11|Minnesota Lynx|New York Liberty,2026-07-11,draftkings,-140,1.71429,1.16241,W,0.714286,0.830289,0.542159,0.550582,0.00842293,0.0155359,0.116241,True
WNBA,Rebounds,Rebounds,Over,wnba|reb|2026-07-11|1628886|rebounds|over,wnba|2026-07-11|Atlanta Dream|Portland Fire,2026-07-11,fanduel,-114,1.87719,1.8632,W,0.877193,1.63439,0.5,0.5,0,0,0.18632,True
WNBA,Rebounds,Rebounds,Over,wnba|reb|2026-07-11|1629484|rebounds|over,wnba|2026-07-11|Atlanta Dream|Portland Fire,2026-07-11,fanduel,128,2.28,1.511,L,-1,-1.511,0.40954,0.406408,-0.00313228,-0.00764828,0.1511,True
WNBA,Rebounds,Rebounds,Over,wnba|reb|2026-07-11|1631009|rebounds|over,wnba|2026-07-11|Atlanta Dream|Portland Fire,2026-07-11,draftkings,-140,1.71429,1.75961,L,-1,-1.75961,0.542159,0.542159,0,0,0.175961,True
WNBA,Rebounds,Rebounds,Over,wnba|reb|2026-07-11|1631083|rebounds|over,wnba|2026-07-11|Atlanta Dream|Portland Fire,2026-07-11,draftkings,117,2.17,1.37213,W,1.17,1.6054,0.428787,0.43226,0.00347304,0.0080997,0.137213,True
WNBA,Rebounds,Rebounds,Under,wnba|reb|2026-07-11|201886|rebounds|under,wnba|2026-07-11|Las Vegas Aces|Phoenix Mercury,2026-07-11,draftkings,-133,1.75188,1.13987,W,0.75188,0.857045,0.530613,0.530613,0,0,0.113987,True
WNBA,Rebounds,Rebounds,Over,wnba|reb|2026-07-11|203825|rebounds|over,wnba|2026-07-11|Minnesota Lynx|New York Liberty,2026-07-11,betonlineag,113,2.13,1.07615,W,1.13,1.21605,0.440985,0.443519,0.00253438,0.0057471,0.107615,True
WNBA,Rebounds,Rebounds,Over,wnba|reb|2026-07-11|203827|rebounds|over,wnba|2026-07-11|Minnesota Lynx|New York Liberty,2026-07-11,draftkings,-145,1.68966,1.95856,W,0.689655,1.35073,0.549384,0.555013,0.00562943,0.0102468,0.195856,True
WNBA,Rebounds,Rebounds,Over,wnba|reb|2026-07-12|1627668|rebounds|over,wnba|2026-07-12|Toronto Tempo|New York Liberty,2026-07-12,fanduel,112,2.12,1.4177,L,-1,-1.4177,0.44147,,,,0.14177,True
WNBA,Rebounds,Rebounds,Over,wnba|reb|2026-07-12|1627673|rebounds|over,wnba|2026-07-12|Toronto Tempo|New York Liberty,2026-07-12,draftkings,-101,1.9901,1.16869,W,0.990099,1.15712,0.467371,,,,0.116869,True
WNBA,Rebounds,Rebounds,Over,wnba|reb|2026-07-12|1629481|rebounds|over,wnba|2026-07-12|Dallas Wings|Chicago Sky,2026-07-12,draftkings,109,2.09,2.73773,W,1.09,2.98413,0.444987,,,,0.273773,True
WNBA,Rebounds,Rebounds,Under,wnba|reb|2026-07-12|1629482|rebounds|under,wnba|2026-07-12|Las Vegas Aces|Indiana Fever,2026-07-12,fanduel,-130,1.76923,1.79842,W,0.769231,1.3834,0.528158,,,,0.179842,True
WNBA,Rebounds,Rebounds,Under,wnba|reb|2026-07-12|1629491|rebounds|under,wnba|2026-07-12|Dallas Wings|Chicago Sky,2026-07-12,williamhill_us,-124,1.80645,3.44315,W,0.806452,2.77673,0.516005,,,,0.344315,True
WNBA,Rebounds,Rebounds,Over,wnba|reb|2026-07-12|1629567|rebounds|over,wnba|2026-07-12|Washington Mystics|Seattle Storm,2026-07-12,betonlineag,109,2.09,1.14593,W,1.09,1.24906,0.449887,,,,0.114593,True
WNBA,Rebounds,Rebounds,Under,wnba|reb|2026-07-12|1630386|rebounds|under,wnba|2026-07-12|Dallas Wings|Chicago Sky,2026-07-12,fanduel,-154,1.64935,1.12734,W,0.649351,0.73204,0.567026,,,,0.112734,True
WNBA,Rebounds,Rebounds,Under,wnba|reb|2026-07-12|1631136|rebounds|under,wnba|2026-07-12|Toronto Tempo|New York Liberty,2026-07-12,fanduel,-180,1.55556,1.42555,W,0.555556,0.791975,0.600685,,,,0.142555,True
WNBA,Rebounds,Rebounds,Under,wnba|reb|2026-07-12|1642798|rebounds|under,wnba|2026-07-12|Washington Mystics|Seattle Storm,2026-07-12,draftkings,-129,1.77519,1.03913,L,-1,-1.03913,0.523767,,,,0.103913,True
WNBA,Rebounds,Rebounds,Over,wnba|reb|2026-07-12|1643428|rebounds|over,wnba|2026-07-12|Washington Mystics|Seattle Storm,2026-07-12,williamhill_us,-134,1.74627,1.62455,W,0.746269,1.21235,0.535105,,,,0.162455,True
WNBA,Rebounds,Rebounds,Under,wnba|reb|2026-07-12|204333|rebounds|under,wnba|2026-07-12|Dallas Wings|Chicago Sky,2026-07-12,fanduel,-104,1.96154,1.20605,W,0.961538,1.15966,0.475915,,,,0.120605,True
WNBA,Rebounds,Rebounds,Over,wnba|reb|2026-07-13|1627674|rebounds|over,wnba|2026-07-13|Minnesota Lynx|Phoenix Mercury,2026-07-13,draftkings,-128,1.78125,1.54073,L,-1,-1.54073,0.521767,,,,0.154073,True
WNBA,Rebounds,Rebounds,Over,wnba|reb|2026-07-13|1628886|rebounds|over,wnba|2026-07-13|Atlanta Dream|Los Angeles Sparks,2026-07-13,fanduel,134,2.34,1.00965,L,-1,-1.00965,0.399315,,,,0.100965,True
WNBA,Rebounds,Rebounds,Under,wnba|reb|2026-07-13|1631044|rebounds|under,wnba|2026-07-13|Atlanta Dream|Los Angeles Sparks,2026-07-13,draftkings,112,2.12,1.08639,W,1.12,1.21676,0.438841,,,,0.108639,True
WNBA,Rebounds,Rebounds,Over,wnba|reb|2026-07-14|1627700|rebounds|over,wnba|2026-07-14|Toronto Tempo|Washington Mystics,2026-07-14,draftkings,118,2.18,1.51755,W,1.18,1.79071,0.426485,,,,0.151755,True
WNBA,Rebounds,Rebounds,Over,wnba|reb|2026-07-14|1629484|rebounds|over,wnba|2026-07-14|Connecticut Sun|Portland Fire,2026-07-14,draftkings,-162,1.61728,1.55987,W,0.617284,0.962881,0.575213,,,,0.155987,True
WNBA,Rebounds,Rebounds,Over,wnba|reb|2026-07-14|1629497|rebounds|over,wnba|2026-07-14|Toronto Tempo|Washington Mystics,2026-07-14,betonlineag,122,2.22,2.07864,L,-1,-2.07864,0.423216,,,,0.207864,True
WNBA,Rebounds,Rebounds,Over,wnba|reb|2026-07-14|1629524|rebounds|over,wnba|2026-07-14|Connecticut Sun|Portland Fire,2026-07-14,betonlineag,-110,1.90909,1.23203,L,-1,-1.23203,0.491797,,,,0.123203,True
WNBA,Rebounds,Rebounds,Over,wnba|reb|2026-07-14|1629576|rebounds|over,wnba|2026-07-14|Toronto Tempo|Washington Mystics,2026-07-14,draftkings,124,2.24,1.98554,L,-1,-1.98554,0.415406,,,,0.198554,True
WNBA,Rebounds,Rebounds,Under,wnba|reb|2026-07-14|1631135|rebounds|under,wnba|2026-07-14|Connecticut Sun|Portland Fire,2026-07-14,williamhill_us,-115,1.86957,1.0488,W,0.869565,0.912,0.5,,,,0.10488,True
WNBA,Rebounds,Rebounds,Over,wnba|reb|2026-07-14|1642290|rebounds|over,wnba|2026-07-14|Connecticut Sun|Portland Fire,2026-07-14,betonlineag,100,2,1.54172,W,1,1.54172,0.469388,,,,0.154172,True
WNBA,Rebounds,Rebounds,Under,wnba|reb|2026-07-14|1642792|rebounds|under,wnba|2026-07-14|Toronto Tempo|Washington Mystics,2026-07-14,draftkings,-107,1.93458,2.32731,L,-1,-2.32731,0.480229,,,,0.232731,True
WNBA,Rebounds,Rebounds,Over,wnba|reb|2026-07-14|1643420|rebounds|over,wnba|2026-07-14|Toronto Tempo|Washington Mystics,2026-07-14,draftkings,-156,1.64103,1.67991,W,0.641026,1.07687,0.567129,,,,0.167991,True
WNBA,Rebounds,Rebounds,Over,wnba|reb|2026-07-14|204330|rebounds|over,wnba|2026-07-14|Toronto Tempo|Washington Mystics,2026-07-14,draftkings,-141,1.70922,1.51167,L,-1,-1.51167,0.544113,,,,0.151167,True
WNBA,Rebounds,Rebounds,Over,wnba|reb|2026-07-15|1628878|rebounds|over,wnba|2026-07-15|Minnesota Lynx|Los Angeles Sparks,2026-07-15,fanduel,142,2.42,1.29323,L,-1,-1.29323,0.385917,,,,0.129323,True
WNBA,Rebounds,Rebounds,Over,wnba|reb|2026-07-15|1628881|rebounds|over,wnba|2026-07-15|Indiana Fever|Golden State Valkyries,2026-07-15,draftkings,-117,1.8547,1.10209,W,0.854701,0.941956,0.500991,,,,0.110209,True
WNBA,Rebounds,Rebounds,Under,wnba|reb|2026-07-15|1628922|rebounds|under,wnba|2026-07-15|Chicago Sky|Seattle Storm,2026-07-15,draftkings,-144,1.69444,1.08437,W,0.694444,0.753034,0.548683,,,,0.108437,True
WNBA,Rebounds,Rebounds,Over,wnba|reb|2026-07-15|1631007|rebounds|over,wnba|2026-07-15|Indiana Fever|Golden State Valkyries,2026-07-15,fanduel,134,2.34,1.23885,W,1.34,1.66005,0.399315,,,,0.123885,True
WNBA,Rebounds,Rebounds,Over,wnba|reb|2026-07-15|1642767|rebounds|over,wnba|2026-07-15|Indiana Fever|Golden State Valkyries,2026-07-15,williamhill_us,-117,1.8547,2.03266,L,-1,-2.03266,0.503014,,,,0.203266,True
WNBA,Rebounds,Rebounds,Under,wnba|reb|2026-07-15|1642798|rebounds|under,wnba|2026-07-15|Chicago Sky|Seattle Storm,2026-07-15,fanduel,-132,1.75758,1.63822,L,-1,-1.63822,0.532258,,,,0.163822,True
WNBA,Rebounds,Rebounds,Over,wnba|reb|2026-07-15|204324|rebounds|over,wnba|2026-07-15|Minnesota Lynx|Los Angeles Sparks,2026-07-15,draftkings,104,2.04,1.45073,W,1.04,1.50876,0.455887,,,,0.145073,True
WNBA,Rebounds,Rebounds,Under,wnba|reb|2026-07-15|204333|rebounds|under,wnba|2026-07-15|Chicago Sky|Seattle Storm,2026-07-15,draftkings,-171,1.5848,1.71472,W,0.584795,1.00276,0.587808,,,,0.171472,True
WNBA,Rebounds,Rebounds,Over,wnba|reb|2026-07-16|1629524|rebounds|over,wnba|2026-07-16|Washington Mystics|Portland Fire,2026-07-16,betrivers,110,2.1,1.7813,L,-1,-1.7813,0.47619,0.5,0.0238095,0.05,0.17813,True
WNBA,Rebounds,Rebounds,Under,wnba|reb|2026-07-16|1631022|rebounds|under,wnba|2026-07-16|Washington Mystics|Portland Fire,2026-07-16,draftkings,-133,1.75188,1.12867,W,0.75188,0.848624,0.530613,0.530613,0,0,0.112867,True
WNBA,Rebounds,Rebounds,Over,wnba|reb|2026-07-16|1642304|rebounds|over,wnba|2026-07-16|Washington Mystics|Portland Fire,2026-07-16,draftkings,107,2.07,1.42195,L,-1,-1.42195,0.448725,0.457841,0.00911555,0.0203143,0.142195,True
WNBA,Rebounds,Rebounds,Over,wnba|reb|2026-07-16|1642782|rebounds|over,wnba|2026-07-16|Washington Mystics|Portland Fire,2026-07-16,fanduel,130,2.3,1.92832,W,1.3,2.50682,0.406408,0.432974,0.0265666,0.0653694,0.192832,True
WNBA,Rebounds,Rebounds,Under,wnba|reb|2026-07-16|1642792|rebounds|under,wnba|2026-07-16|Washington Mystics|Portland Fire,2026-07-16,williamhill_us,-130,1.76923,2.02843,W,0.769231,1.56033,0.526957,0.526957,0,0,0.202843,True
WNBA,Rebounds,Rebounds,Over,wnba|reb|2026-07-17|1627674|rebounds|over,wnba|2026-07-17|Phoenix Mercury|Connecticut Sun,2026-07-17,williamhill_us,-145,1.68966,1.1276,L,-1,-1.1276,0.55296,,,,0.11276,True
WNBA,Rebounds,Rebounds,Over,wnba|reb|2026-07-17|1628878|rebounds|over,wnba|2026-07-17|Chicago Sky|Los Angeles Sparks,2026-07-17,draftkings,-112,1.89286,1.38368,W,0.892857,1.23543,0.491072,,,,0.138368,True
WNBA,Rebounds,Rebounds,Under,wnba|reb|2026-07-17|1628881|rebounds|under,wnba|2026-07-17|Indiana Fever|Seattle Storm,2026-07-17,draftkings,-138,1.72464,1.07315,W,0.724638,0.777646,0.538205,,,,0.107315,True
WNBA,Rebounds,Rebounds,Under,wnba|reb|2026-07-17|1631086|rebounds|under,wnba|2026-07-17|Indiana Fever|Seattle Storm,2026-07-17,draftkings,-102,1.98039,1.77933,W,0.980392,1.74444,0.469387,,,,0.177933,True
WNBA,Rebounds,Rebounds,Under,wnba|reb|2026-07-17|1631135|rebounds|under,wnba|2026-07-17|Phoenix Mercury|Connecticut Sun,2026-07-17,draftkings,-141,1.70922,1.25687,W,0.70922,0.891396,0.544113,,,,0.125687,True
WNBA,Rebounds,Rebounds,Under,wnba|reb|2026-07-17|1642291|rebounds|under,wnba|2026-07-17|Toronto Tempo|Atlanta Dream,2026-07-17,williamhill_us,-136,1.73529,1.10927,W,0.735294,0.815636,0.536673,,,,0.110927,True
WNBA,Rebounds,Rebounds,Under,wnba|reb|2026-07-17|1642777|rebounds|under,wnba|2026-07-17|Phoenix Mercury|Connecticut Sun,2026-07-17,williamhill_us,-170,1.58824,2.89831,W,0.588235,1.70489,0.581849,,,,0.289831,True
WNBA,Rebounds,Rebounds,Under,wnba|reb|2026-07-17|1642798|rebounds|under,wnba|2026-07-17|Indiana Fever|Seattle Storm,2026-07-17,draftkings,100,2,1.70473,L,-1,-1.70473,0.464567,,,,0.170473,True
WNBA,Rebounds,Rebounds,Under,wnba|reb|2026-07-17|1643449|rebounds|under,wnba|2026-07-17|Phoenix Mercury|Connecticut Sun,2026-07-17,williamhill_us,-170,1.58824,1.66998,L,-1,-1.66998,0.587282,,,,0.166998,True
WNBA,Rebounds,Rebounds,Under,wnba|reb|2026-07-17|201886|rebounds|under,wnba|2026-07-17|Phoenix Mercury|Connecticut Sun,2026-07-17,draftkings,101,2.01,1.52764,L,-1,-1.52764,0.462556,,,,0.152764,True
WNBA,Rebounds,Rebounds,Under,wnba|reb|2026-07-17|202664|rebounds|under,wnba|2026-07-17|Chicago Sky|Los Angeles Sparks,2026-07-17,draftkings,-124,1.80645,1.06188,W,0.806452,0.856354,0.513812,,,,0.106188,True
WNBA,Rebounds,Rebounds,Over,wnba|reb|2026-07-17|203398|rebounds|over,wnba|2026-07-17|Phoenix Mercury|Connecticut Sun,2026-07-17,williamhill_us,-148,1.67568,1.44476,W,0.675676,0.976188,0.557364,,,,0.144476,True
WNBA,Rebounds,Rebounds,Over,wnba|reb|2026-07-17|204324|rebounds|over,wnba|2026-07-17|Chicago Sky|Los Angeles Sparks,2026-07-17,draftkings,109,2.09,1.50362,L,-1,-1.50362,0.444318,,,,0.150362,True
WNBA,Rebounds,Rebounds,Over,wnba|reb|2026-07-18|1627668|rebounds|over,wnba|2026-07-18|Indiana Fever|New York Liberty,2026-07-18,draftkings,103,2.03,2.51839,W,1.03,2.59395,0.457841,,,,0.251839,True
WNBA,Rebounds,Rebounds,Over,wnba|reb|2026-07-18|1627673|rebounds|over,wnba|2026-07-18|Indiana Fever|New York Liberty,2026-07-18,draftkings,-134,1.74627,1.63428,L,-1,-1.63428,0.531412,,,,0.163428,True
WNBA,Rebounds,Rebounds,Over,wnba|reb|2026-07-18|1629477|rebounds|over,wnba|2026-07-18|Indiana Fever|New York Liberty,2026-07-18,draftkings,-117,1.8547,1.83809,L,-1,-1.83809,0.500991,,,,0.183809,True
WNBA,Rebounds,Rebounds,Over,wnba|reb|2026-07-18|1629524|rebounds|over,wnba|2026-07-18|Minnesota Lynx|Portland Fire,2026-07-18,fanduel,134,2.34,2.27165,W,1.34,3.044,0.399315,,,,0.227165,True
WNBA,Rebounds,Rebounds,Over,wnba|reb|2026-07-18|1631007|rebounds|over,wnba|2026-07-18|Golden State Valkyries|Washington Mystics,2026-07-18,fanduel,142,2.42,1.40003,W,1.42,1.98805,0.385917,,,,0.140003,True
WNBA,Rebounds,Rebounds,Over,wnba|reb|2026-07-18|1642304|rebounds|over,wnba|2026-07-18|Minnesota Lynx|Portland Fire,2026-07-18,draftkings,148,2.48,1.77734,W,1.48,2.63047,0.375346,,,,0.177734,True
WNBA,Rebounds,Rebounds,Under,wnba|reb|2026-07-18|1643436|rebounds|under,wnba|2026-07-18|Minnesota Lynx|Portland Fire,2026-07-18,williamhill_us,-143,1.6993,2.81307,W,0.699301,1.96718,0.549173,,,,0.281307,True
WNBA,Rebounds,Rebounds,Over,wnba|reb|2026-07-18|203825|rebounds|over,wnba|2026-07-18|Minnesota Lynx|Portland Fire,2026-07-18,draftkings,126,2.26,1.22128,L,-1,-1.22128,0.411672,,,,0.122128,True
WNBA,Rebounds,Rebounds,Over,wnba|reb|2026-07-19|1627674|rebounds|over,wnba|2026-07-19|Phoenix Mercury|Connecticut Sun,2026-07-19,draftkings,-119,1.84034,1.24603,W,0.840336,1.04708,0.504957,,,,0.124603,True
WNBA,Rebounds,Rebounds,Over,wnba|reb|2026-07-19|1628280|rebounds|over,wnba|2026-07-19|Atlanta Dream|Chicago Sky,2026-07-19,betrivers,120,2.2,3.14695,W,1.2,3.77633,0.454545,,,,0.314695,True
WNBA,Rebounds,Rebounds,Over,wnba|reb|2026-07-19|1628878|rebounds|over,wnba|2026-07-19|Dallas Wings|Los Angeles Sparks,2026-07-19,betonlineag,-132,1.75758,1.40226,L,-1,-1.40226,0.534734,,,,0.140226,True
WNBA,Rebounds,Rebounds,Over,wnba|reb|2026-07-19|1629481|rebounds|over,wnba|2026-07-19|Dallas Wings|Los Angeles Sparks,2026-07-19,draftkings,105,2.05,1.79609,L,-1,-1.79609,0.453231,,,,0.179609,True
WNBA,Rebounds,Rebounds,Under,wnba|reb|2026-07-19|1629491|rebounds|under,wnba|2026-07-19|Dallas Wings|Los Angeles Sparks,2026-07-19,draftkings,103,2.03,3.93759,L,-1,-3.93759,0.457841,,,,0.393759,True
WNBA,Rebounds,Rebounds,Over,wnba|reb|2026-07-19|1630996|rebounds|over,wnba|2026-07-19|Dallas Wings|Los Angeles Sparks,2026-07-19,draftkings,129,2.29,1.12184,L,-1,-1.12184,0.406456,,,,0.112184,True
WNBA,Rebounds,Rebounds,Under,wnba|reb|2026-07-19|1631044|rebounds|under,wnba|2026-07-19|Atlanta Dream|Chicago Sky,2026-07-19,fanduel,-120,1.83333,2.01439,W,0.833333,1.67865,0.510121,,,,0.201439,True
WNBA,Rebounds,Rebounds,Over,wnba|reb|2026-07-19|1641649|rebounds|over,wnba|2026-07-19|Phoenix Mercury|Connecticut Sun,2026-07-19,betonlineag,164,2.64,1.20732,W,1.64,1.98001,0.356228,,,,0.120732,True
WNBA,Rebounds,Rebounds,Under,wnba|reb|2026-07-19|1642291|rebounds|under,wnba|2026-07-19|Atlanta Dream|Chicago Sky,2026-07-19,fanduel,-122,1.81967,2.52776,W,0.819672,2.07194,0.514184,,,,0.252776,True
WNBA,Rebounds,Rebounds,Under,wnba|reb|2026-07-19|1642777|rebounds|under,wnba|2026-07-19|Phoenix Mercury|Connecticut Sun,2026-07-19,draftkings,-149,1.67114,1.85558,L,-1,-1.85558,0.555682,,,,0.185558,True
WNBA,Rebounds,Rebounds,Under,wnba|reb|2026-07-19|1642784|rebounds|under,wnba|2026-07-19|Dallas Wings|Los Angeles Sparks,2026-07-19,williamhill_us,106,2.06,1.25612,W,1.06,1.33149,0.453468,,,,0.125612,True
WNBA,Rebounds,Rebounds,Over,wnba|reb|2026-07-19|1643425|rebounds|over,wnba|2026-07-19|Dallas Wings|Los Angeles Sparks,2026-07-19,betrivers,-139,1.71942,1.4417,W,0.719424,1.03719,0.58159,,,,0.14417,True
WNBA,Rebounds,Rebounds,Under,wnba|reb|2026-07-19|1643447|rebounds|under,wnba|2026-07-19|Atlanta Dream|Chicago Sky,2026-07-19,williamhill_us,-159,1.62893,1.84267,W,0.628931,1.15891,0.574573,,,,0.184267,True
WNBA,Rebounds,Rebounds,Under,wnba|reb|2026-07-19|1643449|rebounds|under,wnba|2026-07-19|Phoenix Mercury|Connecticut Sun,2026-07-19,williamhill_us,-170,1.58824,1.35513,W,0.588235,0.797136,0.586207,,,,0.135513,True
WNBA,Rebounds,Rebounds,Over,wnba|reb|2026-07-19|203398|rebounds|over,wnba|2026-07-19|Phoenix Mercury|Connecticut Sun,2026-07-19,draftkings,-132,1.75758,1.72716,L,-1,-1.72716,0.528604,,,,0.172716,True
WNBA,Rebounds,Rebounds,Over,wnba|reb|2026-07-19|204324|rebounds|over,wnba|2026-07-19|Dallas Wings|Los Angeles Sparks,2026-07-19,draftkings,-151,1.66225,1.49052,L,-1,-1.49052,0.559348,,,,0.149052,True
WNBA,Rebounds,Rebounds,Over,wnba|reb|2026-07-20|1627668|rebounds|over,wnba|2026-07-20|Dallas Wings|New York Liberty,2026-07-20,draftkings,107,2.07,1.99955,W,1.07,2.13952,0.448725,,,,0.199955,True
WNBA,Rebounds,Rebounds,Over,wnba|reb|2026-07-20|1627673|rebounds|over,wnba|2026-07-20|Dallas Wings|New York Liberty,2026-07-20,betonlineag,110,2.1,2.40573,W,1.1,2.64631,0.447267,,,,0.240573,True
WNBA,Rebounds,Rebounds,Over,wnba|reb|2026-07-20|1627700|rebounds|over,wnba|2026-07-20|Toronto Tempo|Las Vegas Aces,2026-07-20,betonlineag,-123,1.81301,1.10245,W,0.813008,0.896299,0.519675,0.519675,0,0,0.110245,True
WNBA,Rebounds,Rebounds,Under,wnba|reb|2026-07-20|1628269|rebounds|under,wnba|2026-07-20|Seattle Storm|Minnesota Lynx,2026-07-20,williamhill_us,-154,1.64935,1.16374,W,0.649351,0.755677,0.567026,,,,0.116374,True
WNBA,Rebounds,Rebounds,Over,wnba|reb|2026-07-20|1629477|rebounds|over,wnba|2026-07-20|Dallas Wings|New York Liberty,2026-07-20,betonlineag,-143,1.6993,1.29067,W,0.699301,0.902564,0.552733,,,,0.129067,True
WNBA,Rebounds,Rebounds,Over,wnba|reb|2026-07-20|1629481|rebounds|over,wnba|2026-07-20|Dallas Wings|New York Liberty,2026-07-20,betrivers,-115,1.86957,1.99036,W,0.869565,1.73075,0.534884,,,,0.199036,True
WNBA,Rebounds,Rebounds,Under,wnba|reb|2026-07-20|1629491|rebounds|under,wnba|2026-07-20|Dallas Wings|New York Liberty,2026-07-20,draftkings,-115,1.86957,2.42214,L,-1,-2.42214,0.497026,,,,0.242214,True
WNBA,Rebounds,Rebounds,Over,wnba|reb|2026-07-20|1629497|rebounds|over,wnba|2026-07-20|Toronto Tempo|Las Vegas Aces,2026-07-20,draftkings,129,2.29,2.20784,L,-1,-2.20784,0.406456,0.440652,0.0341962,0.0841326,0.220784,True
WNBA,Rebounds,Rebounds,Over,wnba|reb|2026-07-20|1629576|rebounds|over,wnba|2026-07-20|Toronto Tempo|Las Vegas Aces,2026-07-20,williamhill_us,106,2.06,1.27732,W,1.06,1.35396,0.453468,0.485294,0.0318263,0.0701843,0.127732,True
WNBA,Rebounds,Rebounds,Over,wnba|reb|2026-07-20|1630446|rebounds|over,wnba|2026-07-20|Golden State Valkyries|Washington Mystics,2026-07-20,betonlineag,146,2.46,1.14201,L,-1,-1.14201,0.382039,0.377532,-0.00450718,-0.0117977,0.114201,True
WNBA,Rebounds,Rebounds,Under,wnba|reb|2026-07-20|1631019|rebounds|under,wnba|2026-07-20|Toronto Tempo|Las Vegas Aces,2026-07-20,fanduel,116,2.16,1.45226,W,1.16,1.68462,0.432974,0.458115,0.025141,0.0580657,0.145226,True
WNBA,Rebounds,Rebounds,Under,wnba|reb|2026-07-20|1641657|rebounds|under,wnba|2026-07-20|Seattle Storm|Minnesota Lynx,2026-07-20,draftkings,-117,1.8547,2.38329,W,0.854701,2.037,0.500991,0.509856,0.00886529,0.0176955,0.238329,True
WNBA,Rebounds,Rebounds,Over,wnba|reb|2026-07-20|1642785|rebounds|over,wnba|2026-07-20|Golden State Valkyries|Washington Mystics,2026-07-20,williamhill_us,128,2.28,1.35998,L,-1,-1.35998,0.405562,0.418151,0.0125889,0.0310405,0.135998,True
WNBA,Rebounds,Rebounds,Over,wnba|reb|2026-07-20|1643420|rebounds|over,wnba|2026-07-20|Toronto Tempo|Las Vegas Aces,2026-07-20,draftkings,-145,1.68966,1.77418,L,-1,-1.77418,0.550582,,,,0.177418,True
WNBA,Rebounds,Rebounds,Over,wnba|reb|2026-07-20|1643425|rebounds|over,wnba|2026-07-20|Dallas Wings|New York Liberty,2026-07-20,betrivers,-165,1.60606,1.85158,L,-1,-1.85158,0.622642,,,,0.185158,True
WNBA,Rebounds,Rebounds,Over,wnba|reb|2026-07-20|1643428|rebounds|over,wnba|2026-07-20|Seattle Storm|Minnesota Lynx,2026-07-20,williamhill_us,102,2.02,1.39718,L,-1,-1.39718,0.460562,0.448225,-0.0123366,-0.0267859,0.139718,True
WNBA,Rebounds,Rebounds,Over,wnba|reb|2026-07-20|1643443|rebounds|over,wnba|2026-07-20|Seattle Storm|Minnesota Lynx,2026-07-20,betonlineag,110,2.1,1.97693,W,1.1,2.17463,0.447267,0.465266,0.0179988,0.0402418,0.197693,True
WNBA,Rebounds,Rebounds,Over,wnba|reb|2026-07-20|203825|rebounds|over,wnba|2026-07-20|Seattle Storm|Minnesota Lynx,2026-07-20,betonlineag,136,2.36,1.01247,L,-1,-1.01247,0.397753,,,,0.101247,True
WNBA,Rebounds,Rebounds,Under,wnba|reb|2026-07-20|204329|rebounds|under,wnba|2026-07-20|Golden State Valkyries|Washington Mystics,2026-07-20,draftkings,107,2.07,1.39155,W,1.07,1.48896,0.448725,0.458584,0.00985861,0.0219703,0.139155,True
WNBA,Rebounds,Rebounds,Over,wnba|reb|2026-07-20|204330|rebounds|over,wnba|2026-07-20|Toronto Tempo|Las Vegas Aces,2026-07-20,draftkings,101,2.01,1.80525,W,1.01,1.8233,0.461795,0.530613,0.0688179,0.149022,0.180525,True
WNBA,Rebounds,Rebounds,Over,wnba|reb|2026-07-22|1627668|rebounds|over,wnba|2026-07-22|New York Liberty|Chicago Sky,2026-07-22,betonlineag,102,2.02,1.58774,W,1.02,1.6195,0.465266,0.465266,5.55112e-17,2.22045e-16,0.158774,True
WNBA,Rebounds,Rebounds,Over,wnba|reb|2026-07-22|1627673|rebounds|over,wnba|2026-07-22|New York Liberty|Chicago Sky,2026-07-22,fanduel,116,2.16,2.13226,W,1.16,2.47342,0.432974,0.428258,-0.00471581,-0.0108917,0.213226,True
WNBA,Rebounds,Rebounds,Over,wnba|reb|2026-07-22|1629481|rebounds|over,wnba|2026-07-22|Portland Fire|Dallas Wings,2026-07-22,betonlineag,-116,1.86207,1.0676,W,0.862069,0.920347,0.50516,,,,0.10676,True
WNBA,Rebounds,Rebounds,Under,wnba|reb|2026-07-22|1629491|rebounds|under,wnba|2026-07-22|Portland Fire|Dallas Wings,2026-07-22,draftkings,-119,1.84034,3.11763,L,-1,-3.11763,0.504957,,,,0.311763,True
WNBA,Rebounds,Rebounds,Over,wnba|reb|2026-07-22|1629524|rebounds|over,wnba|2026-07-22|Portland Fire|Dallas Wings,2026-07-22,draftkings,122,2.22,2.09625,W,1.22,2.55743,0.419215,,,,0.209625,True
WNBA,Rebounds,Rebounds,Over,wnba|reb|2026-07-22|1630446|rebounds|over,wnba|2026-07-22|Washington Mystics|Las Vegas Aces,2026-07-22,betonlineag,-106,1.9434,1.31639,L,-1,-1.31639,0.483561,0.474389,-0.0091713,-0.0189662,0.131639,True
WNBA,Rebounds,Rebounds,Under,wnba|reb|2026-07-22|1631019|rebounds|under,wnba|2026-07-22|Washington Mystics|Las Vegas Aces,2026-07-22,fanduel,100,2,1.39538,W,1,1.39538,0.467742,0.528158,0.0604157,0.129165,0.139538,True
WNBA,Rebounds,Rebounds,Over,wnba|reb|2026-07-22|1631083|rebounds|over,wnba|2026-07-22|Portland Fire|Dallas Wings,2026-07-22,draftkings,-109,1.91743,1.04355,L,-1,-1.04355,0.484205,,,,0.104355,True
WNBA,Rebounds,Rebounds,Under,wnba|reb|2026-07-22|1631086|rebounds|under,wnba|2026-07-22|Indiana Fever|Connecticut Sun,2026-07-22,betonlineag,105,2.05,1.03271,L,-1,-1.03271,0.459209,,,,0.103271,True
WNBA,Rebounds,Rebounds,Over,wnba|reb|2026-07-22|1631135|rebounds|over,wnba|2026-07-22|Indiana Fever|Connecticut Sun,2026-07-22,betonlineag,-114,1.87719,1.1808,L,-1,-1.1808,0.5,0.5,0,0,0.11808,True
WNBA,Rebounds,Rebounds,Under,wnba|reb|2026-07-22|1642286|rebounds|under,wnba|2026-07-22|Indiana Fever|Connecticut Sun,2026-07-22,fanduel,108,2.08,1.01114,W,1.08,1.09204,0.448926,0.448926,5.55112e-17,2.22045e-16,0.101114,True
WNBA,Rebounds,Rebounds,Over,wnba|reb|2026-07-22|1642304|rebounds|over,wnba|2026-07-22|Portland Fire|Dallas Wings,2026-07-22,betonlineag,158,2.58,1.86428,W,1.58,2.94556,0.364652,,,,0.186428,True
WNBA,Rebounds,Rebounds,Over,wnba|reb|2026-07-22|1642785|rebounds|over,wnba|2026-07-22|Washington Mystics|Las Vegas Aces,2026-07-22,draftkings,-172,1.5814,1.53192,W,0.581395,0.890652,0.588328,0.597106,0.00877821,0.0149206,0.153192,True
WNBA,Rebounds,Rebounds,Under,wnba|reb|2026-07-22|1642798|rebounds|under,wnba|2026-07-22|Seattle Storm|Minnesota Lynx,2026-07-22,betonlineag,-112,1.89286,1.00375,W,0.892857,0.896208,0.496905,0.510258,0.0133534,0.0268732,0.100375,True
WNBA,Rebounds,Rebounds,Over,wnba|reb|2026-07-22|1643425|rebounds|over,wnba|2026-07-22|Portland Fire|Dallas Wings,2026-07-22,betonlineag,152,2.52,1.02066,L,-1,-1.02066,0.373134,,,,0.102066,True
WNBA,Rebounds,Rebounds,Under,wnba|reb|2026-07-22|1643493|rebounds|under,wnba|2026-07-22|Los Angeles Sparks|Phoenix Mercury,2026-07-22,betonlineag,-120,1.83333,1.32885,W,0.833333,1.10737,0.512315,0.512315,0,0,0.132885,True
WNBA,Rebounds,Rebounds,Over,wnba|reb|2026-07-22|203398|rebounds|over,wnba|2026-07-22|Indiana Fever|Connecticut Sun,2026-07-22,draftkings,-135,1.74074,2.33381,V,0,0,0.533419,0.532629,-0.000789187,-0.00147949,0.233381,True
WNBA,Rebounds,Rebounds,Over,wnba|reb|2026-07-22|203827|rebounds|over,wnba|2026-07-22|Seattle Storm|Minnesota Lynx,2026-07-22,fanduel,-102,1.98039,1.72758,L,-1,-1.72758,0.471842,0.5,0.0281577,0.059676,0.172758,True
WNBA,Rebounds,Rebounds,Over,wnba|reb|2026-07-22|204324|rebounds|over,wnba|2026-07-22|Los Angeles Sparks|Phoenix Mercury,2026-07-22,draftkings,-150,1.66667,1.16198,W,0.666667,0.774653,0.557522,0.557522,0,0,0.116198,True
WNBA,Rebounds,Rebounds,Over,wnba|reb|2026-07-28|1627668|rebounds|over,wnba|2026-07-28|Los Angeles Sparks|New York Liberty,2026-07-28,betonlineag,-115,1.86957,1.07785,L,-1,-1.07785,0.503095,,,,0.107785,True
WNBA,Rebounds,Rebounds,Over,wnba|reb|2026-07-28|1627673|rebounds|over,wnba|2026-07-28|Los Angeles Sparks|New York Liberty,2026-07-28,fanduel,110,2.1,1.46152,L,-1,-1.46152,0.445168,,,,0.146152,True
WNBA,Rebounds,Rebounds,Over,wnba|reb|2026-07-28|1629483|rebounds|over,wnba|2026-07-28|Minnesota Lynx|Toronto Tempo,2026-07-28,draftkings,-147,1.68027,1.75089,L,-1,-1.75089,0.553151,,,,0.175089,True
WNBA,Rebounds,Rebounds,Over,wnba|reb|2026-07-28|1629484|rebounds|over,wnba|2026-07-28|Las Vegas Aces|Portland Fire,2026-07-28,williamhill_us,-132,1.75758,1.96942,W,0.757576,1.49198,0.532258,,,,0.196942,True
WNBA,Rebounds,Rebounds,Over,wnba|reb|2026-07-28|1629497|rebounds|over,wnba|2026-07-28|Minnesota Lynx|Toronto Tempo,2026-07-28,fanduel,142,2.42,1.27723,W,1.42,1.81367,0.385917,,,,0.127723,True
WNBA,Rebounds,Rebounds,Over,wnba|reb|2026-07-28|1629524|rebounds|over,wnba|2026-07-28|Las Vegas Aces|Portland Fire,2026-07-28,fanduel,104,2.04,2.16445,W,1.04,2.25103,0.458115,,,,0.216445,True
WNBA,Rebounds,Rebounds,Over,wnba|reb|2026-07-28|1631083|rebounds|over,wnba|2026-07-28|Las Vegas Aces|Portland Fire,2026-07-28,draftkings,111,2.11,1.26708,W,1.11,1.40645,0.440652,,,,0.126708,True
WNBA,Rebounds,Rebounds,Under,wnba|reb|2026-07-28|1642286|rebounds|under,wnba|2026-07-28|Seattle Storm|Indiana Fever,2026-07-28,fanduel,108,2.08,1.23474,L,-1,-1.23474,0.448926,,,,0.123474,True
WNBA,Rebounds,Rebounds,Over,wnba|reb|2026-07-28|1642304|rebounds|over,wnba|2026-07-28|Las Vegas Aces|Portland Fire,2026-07-28,betonlineag,113,2.13,1.83495,L,-1,-1.83495,0.440985,,,,0.183495,True
WNBA,Rebounds,Rebounds,Under,wnba|reb|2026-07-28|1642792|rebounds|under,wnba|2026-07-28|Washington Mystics|Connecticut Sun,2026-07-28,fanduel,-122,1.81967,1.43416,L,-1,-1.43416,0.514184,,,,0.143416,True
WNBA,Rebounds,Rebounds,Under,wnba|reb|2026-07-28|1642798|rebounds|under,wnba|2026-07-28|Seattle Storm|Indiana Fever,2026-07-28,fanduel,-106,1.9434,1.65993,V,0,0,0.480847,,,,0.165993,True
WNBA,Rebounds,Rebounds,Under,wnba|reb|2026-07-28|1642800|rebounds|under,wnba|2026-07-28|Washington Mystics|Connecticut Sun,2026-07-28,betonlineag,-125,1.8,1.94263,W,0.8,1.5541,0.522657,,,,0.194263,True
WNBA,Rebounds,Rebounds,Under,wnba|reb|2026-07-28|1643426|rebounds|under,wnba|2026-07-28|Minnesota Lynx|Toronto Tempo,2026-07-28,betonlineag,-101,1.9901,1.34569,L,-1,-1.34569,0.472311,,,,0.134569,True
WNBA,Rebounds,Rebounds,Over,wnba|reb|2026-07-28|203827|rebounds|over,wnba|2026-07-28|Minnesota Lynx|Toronto Tempo,2026-07-28,fanduel,-106,1.9434,1.31433,L,-1,-1.31433,0.480847,,,,0.131433,True
WNBA,Rebounds,Rebounds,Over,wnba|reb|2026-07-29|1627674|rebounds|over,wnba|2026-07-29|Phoenix Mercury|Golden State Valkyries,2026-07-29,fanduel,116,2.16,1.32866,W,1.16,1.54124,0.432974,,,,0.132866,True
WNBA,Rebounds,Rebounds,Under,wnba|reb|2026-07-29|1628280|rebounds|under,wnba|2026-07-29|Dallas Wings|Atlanta Dream,2026-07-29,draftkings,114,2.14,1.43686,L,-1,-1.43686,0.434634,,,,0.143686,True
WNBA,Rebounds,Rebounds,Over,wnba|reb|2026-07-29|1629481|rebounds|over,wnba|2026-07-29|Dallas Wings|Atlanta Dream,2026-07-29,betonlineag,-108,1.92593,2.62915,W,0.925926,2.4344,0.487685,,,,0.262915,True
WNBA,Rebounds,Rebounds,Under,wnba|reb|2026-07-29|1629491|rebounds|under,wnba|2026-07-29|Dallas Wings|Atlanta Dream,2026-07-29,fanduel,-110,1.90909,2.7079,L,-1,-2.7079,0.48801,,,,0.27079,True
WNBA,Rebounds,Rebounds,Under,wnba|reb|2026-07-29|1642291|rebounds|under,wnba|2026-07-29|Dallas Wings|Atlanta Dream,2026-07-29,fanduel,106,2.06,2.25279,L,-1,-2.25279,0.454201,,,,0.225279,True
WNBA,Rebounds,Rebounds,Over,wnba|reb|2026-07-29|1642784|rebounds|over,wnba|2026-07-29|Dallas Wings|Atlanta Dream,2026-07-29,betonlineag,-147,1.68027,1.1315,W,0.680272,0.769731,0.56017,,,,0.11315,True
WNBA,Rebounds,Rebounds,Under,wnba|reb|2026-07-29|203826|rebounds|under,wnba|2026-07-29|Phoenix Mercury|Golden State Valkyries,2026-07-29,williamhill_us,-104,1.96154,1.18374,L,-1,-1.18374,0.475066,,,,0.118374,True
WNBA,Rebounds,Rebounds,Over,wnba|reb|2026-07-30|1627668|rebounds|over,wnba|2026-07-30|Las Vegas Aces|New York Liberty,2026-07-30,fanduel,120,2.2,1.54283,W,1.2,1.8514,0.424837,,,,0.154283,True
WNBA,Rebounds,Rebounds,Over,wnba|reb|2026-07-30|1627700|rebounds|over,wnba|2026-07-30|Toronto Tempo|Minnesota Lynx,2026-07-30,draftkings,-174,1.57471,1.52099,L,-1,-1.52099,0.590421,,,,0.152099,True
WNBA,Rebounds,Rebounds,Over,wnba|reb|2026-07-30|1628932|rebounds|over,wnba|2026-07-30|Las Vegas Aces|New York Liberty,2026-07-30,draftkings,-134,1.74627,1.10291,W,0.746269,0.823065,0.532629,,,,0.110291,True
WNBA,Rebounds,Rebounds,Over,wnba|reb|2026-07-30|1629477|rebounds|over,wnba|2026-07-30|Las Vegas Aces|New York Liberty,2026-07-30,draftkings,-154,1.64935,1.01491,W,0.649351,0.659033,0.563589,,,,0.101491,True
WNBA,Rebounds,Rebounds,Over,wnba|reb|2026-07-30|1629497|rebounds|over,wnba|2026-07-30|Toronto Tempo|Minnesota Lynx,2026-07-30,draftkings,106,2.06,1.67883,L,-1,-1.67883,0.451317,,,,0.167883,True
WNBA,Rebounds,Rebounds,Over,wnba|reb|2026-07-30|1629576|rebounds|over,wnba|2026-07-30|Toronto Tempo|Minnesota Lynx,2026-07-30,betonlineag,-143,1.6993,1.50267,L,-1,-1.50267,0.552733,,,,0.150267,True
WNBA,Rebounds,Rebounds,Over,wnba|reb|2026-07-30|1642289|rebounds|over,wnba|2026-07-30|Chicago Sky|Connecticut Sun,2026-07-30,draftkings,102,2.02,1.4779,L,-1,-1.4779,0.45981,,,,0.14779,True
WNBA,Rebounds,Rebounds,Over,wnba|reb|2026-07-30|1642321|rebounds|over,wnba|2026-07-30|Chicago Sky|Connecticut Sun,2026-07-30,betrivers,-162,1.61728,1.20159,W,0.617284,0.741725,0.618321,,,,0.120159,True
WNBA,Rebounds,Rebounds,Over,wnba|reb|2026-07-30|203825|rebounds|over,wnba|2026-07-30|Toronto Tempo|Minnesota Lynx,2026-07-30,betonlineag,100,2,1.55412,L,-1,-1.55412,0.469388,,,,0.155412,True
WNBA,Rebounds,Rebounds,Over,wnba|reb|2026-07-30|203827|rebounds|over,wnba|2026-07-30|Toronto Tempo|Minnesota Lynx,2026-07-30,betonlineag,112,2.12,1.12521,W,1.12,1.26023,0.443519,,,,0.112521,True
WNBA,Rebounds,Rebounds,Over,wnba|reb|2026-07-30|204333|rebounds|over,wnba|2026-07-30|Chicago Sky|Connecticut Sun,2026-07-30,betonlineag,-101,1.9901,1.01769,L,-1,-1.01769,0.472311,,,,0.101769,True
WNBA,Rebounds,Rebounds,Over,wnba|reb|2026-07-31|1628280|rebounds|over,wnba|2026-07-31|Atlanta Dream|Seattle Storm,2026-07-31,betonlineag,107,2.07,1.61697,L,-1,-1.61697,0.453743,,,,0.161697,True
WNBA,Rebounds,Rebounds,Over,wnba|reb|2026-07-31|1629481|rebounds|over,wnba|2026-07-31|Washington Mystics|Dallas Wings,2026-07-31,betonlineag,-114,1.87719,3,L,-1,-3,0.5,,,,0.33548,True
WNBA,Rebounds,Rebounds,Over,wnba|reb|2026-07-31|1629484|rebounds|over,wnba|2026-07-31|Portland Fire|Indiana Fever,2026-07-31,draftkings,-153,1.65359,1.34081,L,-1,-1.34081,0.561799,,,,0.134081,True
WNBA,Rebounds,Rebounds,Over,wnba|reb|2026-07-31|1629524|rebounds|over,wnba|2026-07-31|Portland Fire|Indiana Fever,2026-07-31,betonlineag,112,2.12,2.70361,L,-1,-2.70361,0.443519,,,,0.270361,True
WNBA,Rebounds,Rebounds,Over,wnba|reb|2026-07-31|1631083|rebounds|over,wnba|2026-07-31|Portland Fire|Indiana Fever,2026-07-31,fanduel,118,2.18,1.83982,L,-1,-1.83982,0.428258,,,,0.183982,True
WNBA,Rebounds,Rebounds,Under,wnba|reb|2026-07-31|1641648|rebounds|under,wnba|2026-07-31|Portland Fire|Indiana Fever,2026-07-31,draftkings,-120,1.83333,2.10218,L,-1,-2.10218,0.506942,,,,0.210218,True
WNBA,Rebounds,Rebounds,Under,wnba|reb|2026-07-31|1642286|rebounds|under,wnba|2026-07-31|Portland Fire|Indiana Fever,2026-07-31,draftkings,123,2.23,1.0225,L,-1,-1.0225,0.41703,,,,0.10225,True
WNBA,Rebounds,Rebounds,Under,wnba|reb|2026-07-31|1642291|rebounds|under,wnba|2026-07-31|Atlanta Dream|Seattle Storm,2026-07-31,betonlineag,110,2.1,2.11653,L,-1,-2.11653,0.447267,,,,0.211653,True
WNBA,Rebounds,Rebounds,Over,wnba|reb|2026-07-31|1642304|rebounds|over,wnba|2026-07-31|Portland Fire|Indiana Fever,2026-07-31,fanduel,140,2.4,2.1015,L,-1,-2.1015,0.38961,,,,0.21015,True
WNBA,Rebounds,Rebounds,Over,wnba|reb|2026-07-31|1642784|rebounds|over,wnba|2026-07-31|Washington Mystics|Dallas Wings,2026-07-31,betrivers,-127,1.7874,2.25529,W,0.787402,1.77582,0.559471,,,,0.225529,True
WNBA,Rebounds,Rebounds,Over,wnba|reb|2026-07-31|1642785|rebounds|over,wnba|2026-07-31|Washington Mystics|Dallas Wings,2026-07-31,draftkings,-109,1.91743,1.05941,W,0.917431,0.971936,0.485099,,,,0.105941,True
WNBA,Rebounds,Rebounds,Under,wnba|reb|2026-08-01|1630442|rebounds|under,wnba|2026-08-01|Phoenix Mercury|New York Liberty,2026-08-01,fanduel,-114,1.87719,1.654,W,0.877193,1.45088,0.5,,,,0.1654,True
WNBA,Rebounds,Rebounds,Under,wnba|reb|2026-08-01|1631019|rebounds|under,wnba|2026-08-01|Chicago Sky|Las Vegas Aces,2026-08-01,draftkings,-131,1.76336,1.17838,L,-1,-1.17838,0.526602,,,,0.117838,True
WNBA,Rebounds,Rebounds,Under,wnba|reb|2026-08-01|202664|rebounds|under,wnba|2026-08-01|Chicago Sky|Las Vegas Aces,2026-08-01,fanduel,-146,1.68493,1.02488,L,-1,-1.02488,0.554832,,,,0.102488,True
WNBA,Rebounds,Rebounds,Under,wnba|reb|2026-08-01|204296|rebounds|under,wnba|2026-08-01|Phoenix Mercury|New York Liberty,2026-08-01,fanduel,100,2,1.11698,W,1,1.11698,0.467742,,,,0.111698,True
WNBA,Rebounds,Rebounds,Under,wnba|reb|2026-08-01|204322|rebounds|under,wnba|2026-08-01|Chicago Sky|Las Vegas Aces,2026-08-01,fanduel,-122,1.81967,1.02176,W,0.819672,0.83751,0.514184,,,,0.102176,True
WNBA,Rebounds,Rebounds,Over,wnba|reb|2026-08-02|1629481|rebounds|over,wnba|2026-08-02|Dallas Wings|Connecticut Sun,2026-08-02,draftkings,-142,1.70423,1.69281,W,0.704225,1.19212,0.544839,,,,0.169281,True
WNBA,Rebounds,Rebounds,Under,wnba|reb|2026-08-02|1629491|rebounds|under,wnba|2026-08-02|Dallas Wings|Connecticut Sun,2026-08-02,fanduel,102,2.02,2.77467,W,1.02,2.83017,0.462093,,,,0.277467,True
WNBA,Rebounds,Rebounds,Over,wnba|reb|2026-08-02|1629524|rebounds|over,wnba|2026-08-02|Portland Fire|Los Angeles Sparks,2026-08-02,draftkings,-108,1.92593,1.96501,W,0.925926,1.81945,0.482219,,,,0.196501,True
WNBA,Rebounds,Rebounds,Over,wnba|reb|2026-08-02|1631007|rebounds|over,wnba|2026-08-02|Golden State Valkyries|Toronto Tempo,2026-08-02,draftkings,111,2.11,1.10668,L,-1,-1.10668,0.440652,,,,0.110668,True
WNBA,Rebounds,Rebounds,Under,wnba|reb|2026-08-02|1631055|rebounds|under,wnba|2026-08-02|Golden State Valkyries|Toronto Tempo,2026-08-02,fanduel,-125,1.8,2.35527,L,-1,-2.35527,0.519153,,,,0.235527,True
WNBA,Rebounds,Rebounds,Over,wnba|reb|2026-08-02|1631083|rebounds|over,wnba|2026-08-02|Portland Fire|Los Angeles Sparks,2026-08-02,draftkings,-103,1.97087,1.34844,L,-1,-1.34844,0.471396,,,,0.134844,True
WNBA,Rebounds,Rebounds,Under,wnba|reb|2026-08-02|1641648|rebounds|under,wnba|2026-08-02|Minnesota Lynx|Indiana Fever,2026-08-02,draftkings,-115,1.86957,1.06774,W,0.869565,0.928468,0.497026,,,,0.106774,True
WNBA,Rebounds,Rebounds,Under,wnba|reb|2026-08-02|1642287|rebounds|under,wnba|2026-08-02|Portland Fire|Los Angeles Sparks,2026-08-02,williamhill_us,-120,1.83333,2.54973,W,0.833333,2.12477,0.507987,,,,0.254973,True
WNBA,Rebounds,Rebounds,Under,wnba|reb|2026-08-02|1643426|rebounds|under,wnba|2026-08-02|Minnesota Lynx|Indiana Fever,2026-08-02,draftkings,-139,1.71942,1.1269,W,0.719424,0.810719,0.54019,,,,0.11269,True
WNBA,Rebounds,Rebounds,Under,wnba|reb|2026-08-02|203014|rebounds|under,wnba|2026-08-02|Portland Fire|Los Angeles Sparks,2026-08-02,fanduel,100,2,1.62538,L,-1,-1.62538,0.467742,,,,0.162538,True
WNBA,Rebounds,Rebounds,Over,wnba|reb|2026-08-02|203827|rebounds|over,wnba|2026-08-02|Minnesota Lynx|Indiana Fever,2026-08-02,betonlineag,122,2.22,1.05504,L,-1,-1.05504,0.423216,,,,0.105504,True
WNBA,Rebounds,Rebounds,Under,wnba|reb|2026-08-02|204365|rebounds|under,wnba|2026-08-02|Portland Fire|Los Angeles Sparks,2026-08-02,fanduel,-154,1.64935,1.09374,W,0.649351,0.710222,0.567026,,,,0.109374,True
WNBA,Rebounds,Rebounds,Over,wnba|reb|2026-08-03|1629498|rebounds|over,wnba|2026-08-03|Atlanta Dream|Las Vegas Aces,2026-08-03,betonlineag,-132,1.75758,1.12906,W,0.757576,0.855345,0.534734,,,,0.112906,True
WNBA,Rebounds,Rebounds,Over,wnba|reb|2026-08-03|1642289|rebounds|over,wnba|2026-08-03|Chicago Sky|Phoenix Mercury,2026-08-03,fanduel,118,2.18,1.12062,W,1.18,1.32233,0.428258,,,,0.112062,True
WNBA,Rebounds,Rebounds,Under,wnba|reb|2026-08-03|1642291|rebounds|under,wnba|2026-08-03|Atlanta Dream|Las Vegas Aces,2026-08-03,fanduel,-102,1.98039,1.49718,L,-1,-1.49718,0.471842,,,,0.149718,True
WNBA,Rebounds,Rebounds,Over,wnba|reb|2026-08-03|1642321|rebounds|over,wnba|2026-08-03|Chicago Sky|Phoenix Mercury,2026-08-03,betonlineag,149,2.49,1.14548,L,-1,-1.14548,0.377532,,,,0.114548,True
WNBA,Rebounds,Rebounds,Under,wnba|reb|2026-08-03|1643428|rebounds|under,wnba|2026-08-03|New York Liberty|Seattle Storm,2026-08-03,fanduel,114,2.14,1.3391,W,1.14,1.52657,0.43653,,,,0.13391,True
WNBA,Rebounds,Rebounds,Over,wnba|reb|2026-08-03|1643443|rebounds|over,wnba|2026-08-03|New York Liberty|Seattle Storm,2026-08-03,betonlineag,-112,1.89286,1.28855,W,0.892857,1.15049,0.496905,,,,0.128855,True
WNBA,Rebounds,Rebounds,Under,wnba|reb|2026-08-03|203826|rebounds|under,wnba|2026-08-03|Chicago Sky|Phoenix Mercury,2026-08-03,fanduel,104,2.04,1.48285,L,-1,-1.48285,0.458115,,,,0.148285,True
WNBA,Rebounds,Rebounds,Over,wnba|reb|2026-08-03|203833|rebounds|over,wnba|2026-08-03|Atlanta Dream|Las Vegas Aces,2026-08-03,draftkings,-120,1.83333,1.07298,W,0.833333,0.894153,0.506942,,,,0.107298,True
WNBA,Rebounds,Rebounds,Under,wnba|reb|2026-08-03|204296|rebounds|under,wnba|2026-08-03|New York Liberty|Seattle Storm,2026-08-03,draftkings,115,2.15,1.7986,L,-1,-1.7986,0.43226,,,,0.17986,True
WNBA,Rebounds,Rebounds,Under,wnba|reb|2026-08-04|1631055|rebounds|under,wnba|2026-08-04|Golden State Valkyries|Toronto Tempo,2026-08-04,draftkings,-115,1.86957,2.22614,L,-1,-2.22614,0.497026,,,,0.222614,True
WNBA,Rebounds,Rebounds,Under,wnba|reb|2026-08-04|1643420|rebounds|under,wnba|2026-08-04|Golden State Valkyries|Toronto Tempo,2026-08-04,williamhill_us,-157,1.63694,1.17782,W,0.636943,0.750205,0.571138,,,,0.117782,True
WNBA,Rebounds,Rebounds,Under,wnba|reb|2026-08-04|203866|rebounds|under,wnba|2026-08-04|Golden State Valkyries|Toronto Tempo,2026-08-04,draftkings,-150,1.66667,1.60718,W,0.666667,1.07145,0.557522,,,,0.160718,True
WNBA,Rebounds,Rebounds,Over,wnba|reb|2026-08-05|1627674|rebounds|over,wnba|2026-08-05|Atlanta Dream|Phoenix Mercury,2026-08-05,draftkings,116,2.16,1.19203,L,-1,-1.19203,0.430517,,,,0.119203,True
WNBA,Rebounds,Rebounds,Under,wnba|reb|2026-08-05|1629491|rebounds|under,wnba|2026-08-05|Washington Mystics|Dallas Wings,2026-08-05,draftkings,-137,1.72993,1.39276,W,0.729927,1.01662,0.536204,,,,0.139276,True
WNBA,Rebounds,Rebounds,Under,wnba|reb|2026-08-05|1629496|rebounds|under,wnba|2026-08-05|New York Liberty|Seattle Storm,2026-08-05,fanduel,110,2.1,1.75192,L,-1,-1.75192,0.445168,,,,0.175192,True
WNBA,Rebounds,Rebounds,Under,wnba|reb|2026-08-05|1629501|rebounds|under,wnba|2026-08-05|Washington Mystics|Dallas Wings,2026-08-05,draftkings,-104,1.96154,3,L,-1,-3,0.473398,,,,0.312082,True
WNBA,Rebounds,Rebounds,Over,wnba|reb|2026-08-05|1631009|rebounds|over,wnba|2026-08-05|Atlanta Dream|Phoenix Mercury,2026-08-05,draftkings,111,2.11,1.16874,W,1.11,1.29731,0.440006,,,,0.116874,True
WNBA,Rebounds,Rebounds,Under,wnba|reb|2026-08-05|1642287|rebounds|under,wnba|2026-08-05|Chicago Sky|Los Angeles Sparks,2026-08-05,draftkings,-122,1.81967,2.39384,L,-1,-2.39384,0.509856,,,,0.239384,True
WNBA,Rebounds,Rebounds,Under,wnba|reb|2026-08-05|1642291|rebounds|under,wnba|2026-08-05|Atlanta Dream|Phoenix Mercury,2026-08-05,betonlineag,-137,1.72993,2.41254,W,0.729927,1.76098,0.543546,,,,0.241254,True
WNBA,Rebounds,Rebounds,Over,wnba|reb|2026-08-05|1642785|rebounds|over,wnba|2026-08-05|Washington Mystics|Dallas Wings,2026-08-05,betonlineag,-114,1.87719,1.0708,L,-1,-1.0708,0.5,,,,0.10708,True
WNBA,Rebounds,Rebounds,Over,wnba|reb|2026-08-05|1643425|rebounds|over,wnba|2026-08-05|Washington Mystics|Dallas Wings,2026-08-05,betrivers,-109,1.91743,2.11749,L,-1,-2.11749,0.521531,,,,0.211749,True
WNBA,Rebounds,Rebounds,Under,wnba|reb|2026-08-05|203014|rebounds|under,wnba|2026-08-05|Chicago Sky|Los Angeles Sparks,2026-08-05,betonlineag,-116,1.86207,2.3724,W,0.862069,2.04517,0.50516,,,,0.23724,True
WNBA,Rebounds,Rebounds,Under,wnba|reb|2026-08-05|204296|rebounds|under,wnba|2026-08-05|New York Liberty|Seattle Storm,2026-08-05,draftkings,115,2.15,1.2878,W,1.15,1.48097,0.43226,,,,0.12878,True
WNBA,Rebounds,Rebounds,Over,wnba|reb|2026-08-06|1629483|rebounds|over,wnba|2026-08-06|Minnesota Lynx|Los Angeles Sparks,2026-08-06,draftkings,-126,1.79365,1.00979,W,0.793651,0.801421,0.517781,,,,0.100979,True
WNBA,Rebounds,Rebounds,Over,wnba|reb|2026-08-06|1629484|rebounds|over,wnba|2026-08-06|Portland Fire|Toronto Tempo,2026-08-06,williamhill_us,103,2.03,1.92064,L,-1,-1.92064,0.460096,,,,0.192064,True
WNBA,Rebounds,Rebounds,Over,wnba|reb|2026-08-06|1629524|rebounds|over,wnba|2026-08-06|Portland Fire|Toronto Tempo,2026-08-06,draftkings,-137,1.72993,2.18636,W,0.729927,1.59589,0.537444,,,,0.218636,True
WNBA,Rebounds,Rebounds,Over,wnba|reb|2026-08-06|1629576|rebounds|over,wnba|2026-08-06|Portland Fire|Toronto Tempo,2026-08-06,draftkings,117,2.17,1.46813,W,1.17,1.71772,0.428787,,,,0.146813,True
WNBA,Rebounds,Rebounds,Under,wnba|reb|2026-08-06|1631055|rebounds|under,wnba|2026-08-06|Portland Fire|Toronto Tempo,2026-08-06,williamhill_us,-154,1.64935,1.25854,W,0.649351,0.817235,0.567026,,,,0.125854,True
WNBA,Rebounds,Rebounds,Over,wnba|reb|2026-08-06|1631083|rebounds|over,wnba|2026-08-06|Portland Fire|Toronto Tempo,2026-08-06,draftkings,105,2.05,1.00169,W,1.05,1.05177,0.453231,,,,0.100169,True
WNBA,Rebounds,Rebounds,Under,wnba|reb|2026-08-06|1641648|rebounds|under,wnba|2026-08-06|Indiana Fever|Las Vegas Aces,2026-08-06,williamhill_us,-143,1.6993,1.25874,L,-1,-1.25874,0.550366,,,,0.125874,True
WNBA,Rebounds,Rebounds,Under,wnba|reb|2026-08-06|203014|rebounds|under,wnba|2026-08-06|Minnesota Lynx|Los Angeles Sparks,2026-08-06,fanduel,-140,1.71429,1.60121,W,0.714286,1.14372,0.545799,,,,0.160121,True
WNBA,Rebounds,Rebounds,Over,wnba|reb|2026-08-06|203827|rebounds|over,wnba|2026-08-06|Minnesota Lynx|Los Angeles Sparks,2026-08-06,fanduel,124,2.24,1.04248,L,-1,-1.04248,0.417032,,,,0.104248,True
WNBA,Rebounds,Rebounds,Over,wnba|reb|2026-08-07|1628276|rebounds|over,wnba|2026-08-07|Connecticut Sun|Phoenix Mercury,2026-08-07,betonlineag,167,2.67,2.04787,L,-1,-2.04787,0.352013,,,,0.204787,True
WNBA,Rebounds,Rebounds,Over,wnba|reb|2026-08-07|1628277|rebounds|over,wnba|2026-08-07|Washington Mystics|Atlanta Dream,2026-08-07,fanduel,-136,1.73529,1.17773,W,0.735294,0.865976,0.537907,,,,0.117773,True
WNBA,Rebounds,Rebounds,Over,wnba|reb|2026-08-07|1629481|rebounds|over,wnba|2026-08-07|Dallas Wings|Golden State Valkyries,2026-08-07,williamhill_us,125,2.25,1.50487,W,1.25,1.88109,0.413793,,,,0.150487,True
WNBA,Rebounds,Rebounds,Under,wnba|reb|2026-08-07|1629491|rebounds|under,wnba|2026-08-07|Dallas Wings|Golden State Valkyries,2026-08-07,draftkings,-135,1.74074,2.01981,W,0.740741,1.49616,0.533419,,,,0.201981,True
WNBA,Rebounds,Rebounds,Over,wnba|reb|2026-08-07|1631007|rebounds|over,wnba|2026-08-07|Dallas Wings|Golden State Valkyries,2026-08-07,draftkings,110,2.1,1.19701,W,1.1,1.31671,0.443139,,,,0.119701,True
WNBA,Rebounds,Rebounds,Over,wnba|reb|2026-08-07|1631009|rebounds|over,wnba|2026-08-07|Washington Mystics|Atlanta Dream,2026-08-07,betonlineag,100,2,1.23132,L,-1,-1.23132,0.469388,,,,0.123132,True
WNBA,Rebounds,Rebounds,Over,wnba|reb|2026-08-07|1631022|rebounds|over,wnba|2026-08-07|Washington Mystics|Atlanta Dream,2026-08-07,fanduel,112,2.12,1.1513,W,1.12,1.28946,0.44147,,,,0.11513,True
WNBA,Rebounds,Rebounds,Under,wnba|reb|2026-08-07|1631135|rebounds|under,wnba|2026-08-07|Connecticut Sun|Phoenix Mercury,2026-08-07,fanduel,-114,1.87719,1.3032,W,0.877193,1.14316,0.5,,,,0.13032,True
WNBA,Rebounds,Rebounds,Over,wnba|reb|2026-08-07|1642303|rebounds|over,wnba|2026-08-07|Connecticut Sun|Phoenix Mercury,2026-08-07,betonlineag,161,2.61,2.58467,W,1.61,4.16132,0.360213,,,,0.258467,True
WNBA,Rebounds,Rebounds,Over,wnba|reb|2026-08-07|1642784|rebounds|over,wnba|2026-08-07|Dallas Wings|Golden State Valkyries,2026-08-07,williamhill_us,-145,1.68966,1.0056,L,-1,-1.0056,0.55296,,,,0.10056,True
WNBA,Rebounds,Rebounds,Over,wnba|reb|2026-08-07|1642785|rebounds|over,wnba|2026-08-07|Washington Mystics|Atlanta Dream,2026-08-07,betonlineag,115,2.15,1.55739,L,-1,-1.55739,0.437341,,,,0.155739,True
WNBA,Rebounds,Rebounds,Over,wnba|reb|2026-08-07|1643425|rebounds|over,wnba|2026-08-07|Dallas Wings|Golden State Valkyries,2026-08-07,betrivers,102,2.02,2.7811,V,0,0,0.49505,,,,0.27811,True
WNBA,Rebounds,Rebounds,Under,wnba|reb|2026-08-07|203826|rebounds|under,wnba|2026-08-07|Connecticut Sun|Phoenix Mercury,2026-08-07,draftkings,-132,1.75758,1.10916,W,0.757576,0.840272,0.528604,,,,0.110916,True
WNBA,Rebounds,Rebounds,Under,wnba|reb|2026-08-07|204329|rebounds|under,wnba|2026-08-07|Dallas Wings|Golden State Valkyries,2026-08-07,draftkings,-108,1.92593,1.08659,L,-1,-1.08659,0.483101,,,,0.108659,True
WNBA,Rebounds,Rebounds,Over,wnba|reb|2026-08-08|1627675|rebounds|over,wnba|2026-08-08|Minnesota Lynx|Las Vegas Aces,2026-08-08,betonlineag,107,2.07,1.02977,W,1.07,1.10185,0.453743,,,,0.102977,True
WNBA,Rebounds,Rebounds,Over,wnba|reb|2026-08-08|1629524|rebounds|over,wnba|2026-08-08|Portland Fire|Seattle Storm,2026-08-08,fanduel,102,2.02,1.41347,W,1.02,1.44174,0.462093,,,,0.141347,True
WNBA,Rebounds,Rebounds,Under,wnba|reb|2026-08-08|1641648|rebounds|under,wnba|2026-08-08|Chicago Sky|Indiana Fever,2026-08-08,fanduel,-136,1.73529,1.18413,L,-1,-1.18413,0.537907,,,,0.118413,True
WNBA,Rebounds,Rebounds,Over,wnba|reb|2026-08-08|1642289|rebounds|over,wnba|2026-08-08|Chicago Sky|Indiana Fever,2026-08-08,fanduel,-112,1.89286,1.12349,W,0.892857,1.00312,0.493931,,,,0.112349,True
WNBA,Rebounds,Rebounds,Under,wnba|reb|2026-08-08|1642798|rebounds|under,wnba|2026-08-08|Portland Fire|Seattle Storm,2026-08-08,draftkings,-146,1.68493,1.67725,W,0.684932,1.1488,0.551275,,,,0.167725,True
WNBA,Rebounds,Rebounds,Over,wnba|reb|2026-08-08|203825|rebounds|over,wnba|2026-08-08|Minnesota Lynx|Las Vegas Aces,2026-08-08,draftkings,120,2.2,1.49138,W,1.2,1.78966,0.423102,,,,0.149138,True
WNBA,Rebounds,Rebounds,Over,wnba|reb|2026-08-08|203827|rebounds|over,wnba|2026-08-08|Minnesota Lynx|Las Vegas Aces,2026-08-08,williamhill_us,-145,1.68966,1.2126,W,0.689655,0.836275,0.55414,,,,0.12126,True
WNBA,Rebounds,Rebounds,Over,wnba|reb|2026-08-09|1629481|rebounds|over,wnba|2026-08-09|Minnesota Lynx|Dallas Wings,2026-08-09,draftkings,128,2.28,1.90644,L,-1,-1.90644,0.408516,,,,0.190644,True
WNBA,Rebounds,Rebounds,Over,wnba|reb|2026-08-09|1631019|rebounds|over,wnba|2026-08-09|New York Liberty|Las Vegas Aces,2026-08-09,fanduel,102,2.02,3,L,-1,-3,0.462093,,,,0.382067,True
WNBA,Rebounds,Rebounds,Under,wnba|reb|2026-08-09|1631022|rebounds|under,wnba|2026-08-09|Washington Mystics|Phoenix Mercury,2026-08-09,betonlineag,-112,1.89286,1.49335,L,-1,-1.49335,0.496905,,,,0.149335,True
WNBA,Rebounds,Rebounds,Over,wnba|reb|2026-08-09|1642785|rebounds|over,wnba|2026-08-09|Washington Mystics|Phoenix Mercury,2026-08-09,fanduel,118,2.18,1.11862,W,1.18,1.31997,0.428258,,,,0.111862,True
WNBA,Rebounds,Rebounds,Under,wnba|reb|2026-08-09|1642792|rebounds|under,wnba|2026-08-09|Washington Mystics|Phoenix Mercury,2026-08-09,williamhill_us,109,2.09,1.0856,L,-1,-1.0856,0.44704,,,,0.10856,True
WNBA,Rebounds,Rebounds,Under,wnba|reb|2026-08-09|1643427|rebounds|under,wnba|2026-08-09|Washington Mystics|Phoenix Mercury,2026-08-09,fanduel,124,2.24,1.17648,L,-1,-1.17648,0.417032,,,,0.117648,True
WNBA,Rebounds,Rebounds,Over,wnba|reb|2026-08-09|203825|rebounds|over,wnba|2026-08-09|Minnesota Lynx|Dallas Wings,2026-08-09,betonlineag,-111,1.9009,1.2248,L,-1,-1.2248,0.49484,,,,0.12248,True
WNBA,Rebounds,Rebounds,Over,wnba|reb|2026-08-09|203827|rebounds|over,wnba|2026-08-09|Minnesota Lynx|Dallas Wings,2026-08-09,williamhill_us,-152,1.65789,1.83384,L,-1,-1.83384,0.564616,,,,0.183384,True
WNBA,Rebounds,Rebounds,Under,wnba|reb|2026-08-09|203866|rebounds|under,wnba|2026-08-09|Los Angeles Sparks|Golden State Valkyries,2026-08-09,draftkings,-131,1.76336,1.51158,L,-1,-1.51158,0.526602,,,,0.151158,True
WNBA,Rebounds,Rebounds,Under,wnba|reb|2026-08-09|204296|rebounds|under,wnba|2026-08-09|New York Liberty|Las Vegas Aces,2026-08-09,fanduel,-128,1.78125,1.21435,L,-1,-1.21435,0.524085,,,,0.121435,True
WNBA,Rebounds,Rebounds,Under,wnba|reb|2026-08-09|204329|rebounds|under,wnba|2026-08-09|Los Angeles Sparks|Golden State Valkyries,2026-08-09,fanduel,-136,1.73529,1.83773,L,-1,-1.83773,0.537907,,,,0.183773,True
WNBA,Rebounds,Rebounds,Over,wnba|reb|2026-08-10|1628277|rebounds|over,wnba|2026-08-10|Atlanta Dream|Toronto Tempo,2026-08-10,draftkings,-140,1.71429,1.20441,W,0.714286,0.860289,0.542159,,,,0.120441,True
WNBA,Rebounds,Rebounds,Over,wnba|reb|2026-08-10|1629576|rebounds|over,wnba|2026-08-10|Atlanta Dream|Toronto Tempo,2026-08-10,draftkings,-167,1.5988,1.12346,L,-1,-1.12346,0.581334,,,,0.112346,True
WNBA,Rebounds,Rebounds,Over,wnba|reb|2026-08-10|1631009|rebounds|over,wnba|2026-08-10|Atlanta Dream|Toronto Tempo,2026-08-10,betonlineag,-101,1.9901,1.02649,W,0.990099,1.01633,0.472311,,,,0.102649,True
WNBA,Rebounds,Rebounds,Under,wnba|reb|2026-08-10|1631055|rebounds|under,wnba|2026-08-10|Atlanta Dream|Toronto Tempo,2026-08-10,draftkings,104,2.04,1.21839,L,-1,-1.21839,0.455161,,,,0.121839,True
WNBA,Rebounds,Rebounds,Under,wnba|reb|2026-08-10|1642291|rebounds|under,wnba|2026-08-10|Atlanta Dream|Toronto Tempo,2026-08-10,betonlineag,110,2.1,2.32773,L,-1,-2.32773,0.447267,,,,0.232773,True
WNBA,Rebounds,Rebounds,Under,wnba|reb|2026-08-10|1642798|rebounds|under,wnba|2026-08-10|Seattle Storm|Chicago Sky,2026-08-10,draftkings,-131,1.76336,1.03638,L,-1,-1.03638,0.526602,,,,0.103638,True
WNBA,Rebounds,Rebounds,Under,wnba|reb|2026-08-10|1643428|rebounds|under,wnba|2026-08-10|Seattle Storm|Chicago Sky,2026-08-10,draftkings,-101,1.9901,1.05539,V,0,0,0.466581,,,,0.105539,True
WNBA,Rebounds,Rebounds,Under,wnba|reb|2026-08-10|204333|rebounds|under,wnba|2026-08-10|Seattle Storm|Chicago Sky,2026-08-10,fanduel,-122,1.81967,1.12776,W,0.819672,0.924395,0.514184,,,,0.112776,True
WNBA,Rebounds,Rebounds,Under,wnba|reb|2026-08-11|1627673|rebounds|under,wnba|2026-08-11|Indiana Fever|New York Liberty,2026-08-11,fanduel,-128,1.78125,1.34675,L,-1,-1.34675,0.524085,,,,0.134675,True
WNBA,Rebounds,Rebounds,Under,wnba|reb|2026-08-11|1630442|rebounds|under,wnba|2026-08-11|Los Angeles Sparks|Phoenix Mercury,2026-08-11,betonlineag,121,2.21,2.14273,W,1.21,2.5927,0.426127,,,,0.214273,True
WNBA,Rebounds,Rebounds,Over,wnba|reb|2026-08-11|1631019|rebounds|over,wnba|2026-08-11|Las Vegas Aces|Washington Mystics,2026-08-11,draftkings,-143,1.6993,1.15471,W,0.699301,0.807492,0.546769,,,,0.115471,True
WNBA,Rebounds,Rebounds,Under,wnba|reb|2026-08-11|1631022|rebounds|under,wnba|2026-08-11|Las Vegas Aces|Washington Mystics,2026-08-11,williamhill_us,100,2,1.21178,W,1,1.21178,0.467742,,,,0.121178,True
WNBA,Rebounds,Rebounds,Under,wnba|reb|2026-08-11|1631086|rebounds|under,wnba|2026-08-11|Indiana Fever|New York Liberty,2026-08-11,fanduel,140,2.4,1.1183,W,1.4,1.56561,0.38961,,,,0.11183,True
WNBA,Rebounds,Rebounds,Under,wnba|reb|2026-08-11|1641648|rebounds|under,wnba|2026-08-11|Indiana Fever|New York Liberty,2026-08-11,fanduel,114,2.14,1.5623,W,1.14,1.78102,0.43653,,,,0.15623,True
WNBA,Rebounds,Rebounds,Under,wnba|reb|2026-08-11|1642287|rebounds|under,wnba|2026-08-11|Los Angeles Sparks|Phoenix Mercury,2026-08-11,williamhill_us,113,2.13,1.80119,W,1.13,2.03535,0.429881,,,,0.180119,True
WNBA,Rebounds,Rebounds,Under,wnba|reb|2026-08-11|1642792|rebounds|under,wnba|2026-08-11|Las Vegas Aces|Washington Mystics,2026-08-11,fanduel,-146,1.68493,1.31128,L,-1,-1.31128,0.554832,,,,0.131128,True
WNBA,Rebounds,Rebounds,Under,wnba|reb|2026-08-11|201886|rebounds|under,wnba|2026-08-11|Los Angeles Sparks|Phoenix Mercury,2026-08-11,draftkings,-149,1.67114,1.36859,W,0.671141,0.918519,0.556861,,,,0.136859,True
WNBA,Rebounds,Rebounds,Over,wnba|reb|2026-08-12|1628931|rebounds|over,wnba|2026-08-12|Golden State Valkyries|Chicago Sky,2026-08-12,draftkings,-113,1.88496,2.01102,W,0.884956,1.77966,0.493058,,,,0.201102,True
WNBA,Rebounds,Rebounds,Over,wnba|reb|2026-08-12|1629481|rebounds|over,wnba|2026-08-12|Dallas Wings|Toronto Tempo,2026-08-12,fanduel,116,2.16,1.46986,L,-1,-1.46986,0.432974,,,,0.146986,True
WNBA,Rebounds,Rebounds,Under,wnba|reb|2026-08-12|1629483|rebounds|under,wnba|2026-08-12|Portland Fire|Minnesota Lynx,2026-08-12,fanduel,-108,1.92593,1.92304,L,-1,-1.92304,0.485816,,,,0.192304,True
WNBA,Rebounds,Rebounds,Over,wnba|reb|2026-08-12|1629497|rebounds|over,wnba|2026-08-12|Dallas Wings|Toronto Tempo,2026-08-12,draftkings,109,2.09,1.19653,L,-1,-1.19653,0.444987,,,,0.119653,True
WNBA,Rebounds,Rebounds,Under,wnba|reb|2026-08-12|1629501|rebounds|under,wnba|2026-08-12|Dallas Wings|Toronto Tempo,2026-08-12,williamhill_us,-115,1.86957,3,L,-1,-3,0.5,,,,0.30312,True
WNBA,Rebounds,Rebounds,Over,wnba|reb|2026-08-12|1629524|rebounds|over,wnba|2026-08-12|Portland Fire|Minnesota Lynx,2026-08-12,draftkings,-126,1.79365,1.18899,W,0.793651,0.943643,0.517781,,,,0.118899,True
WNBA,Rebounds,Rebounds,Over,wnba|reb|2026-08-12|1629576|rebounds|over,wnba|2026-08-12|Dallas Wings|Toronto Tempo,2026-08-12,williamhill_us,110,2.1,2.11392,V,0,0,0.443808,,,,0.211392,True
WNBA,Rebounds,Rebounds,Under,wnba|reb|2026-08-12|1630386|rebounds|under,wnba|2026-08-12|Dallas Wings|Toronto Tempo,2026-08-12,draftkings,116,2.16,2.49679,L,-1,-2.49679,0.431121,,,,0.249679,True
WNBA,Rebounds,Rebounds,Over,wnba|reb|2026-08-12|1631007|rebounds|over,wnba|2026-08-12|Golden State Valkyries|Chicago Sky,2026-08-12,draftkings,-111,1.9009,1.03116,W,0.900901,0.928974,0.489084,,,,0.103116,True
WNBA,Rebounds,Rebounds,Over,wnba|reb|2026-08-12|1631083|rebounds|over,wnba|2026-08-12|Portland Fire|Minnesota Lynx,2026-08-12,draftkings,-132,1.75758,1.93756,W,0.757576,1.46785,0.528604,,,,0.193756,True
WNBA,Rebounds,Rebounds,Over,wnba|reb|2026-08-12|203866|rebounds|over,wnba|2026-08-12|Golden State Valkyries|Chicago Sky,2026-08-12,draftkings,102,2.02,1.1751,L,-1,-1.1751,0.45981,,,,0.11751,True
WNBA,Rebounds,Rebounds,Over,wnba|reb|2026-08-13|1628277|rebounds|over,wnba|2026-08-13|Connecticut Sun|Atlanta Dream,2026-08-13,draftkings,-153,1.65359,1.50443,W,0.653595,0.98329,0.562957,,,,0.150443,True
WNBA,Rebounds,Rebounds,Over,wnba|reb|2026-08-13|1628886|rebounds|over,wnba|2026-08-13|Connecticut Sun|Atlanta Dream,2026-08-13,fanduel,116,2.16,1.14866,L,-1,-1.14866,0.432974,,,,0.114866,True
WNBA,Rebounds,Rebounds,Over,wnba|reb|2026-08-13|1628932|rebounds|over,wnba|2026-08-13|Las Vegas Aces|Washington Mystics,2026-08-13,draftkings,-116,1.86207,1.13151,L,-1,-1.13151,0.499009,,,,0.113151,True
WNBA,Rebounds,Rebounds,Under,wnba|reb|2026-08-13|1629477|rebounds|under,wnba|2026-08-13|New York Liberty|Los Angeles Sparks,2026-08-13,fanduel,-130,1.76923,1.11242,W,0.769231,0.85571,0.528158,,,,0.111242,True
WNBA,Rebounds,Rebounds,Over,wnba|reb|2026-08-13|1629498|rebounds|over,wnba|2026-08-13|Las Vegas Aces|Washington Mystics,2026-08-13,draftkings,-157,1.63694,1.059,L,-1,-1.059,0.56774,,,,0.1059,True
WNBA,Rebounds,Rebounds,Over,wnba|reb|2026-08-13|1630446|rebounds|over,wnba|2026-08-13|Las Vegas Aces|Washington Mystics,2026-08-13,fanduel,-114,1.87719,1.1124,W,0.877193,0.975789,0.5,,,,0.11124,True
WNBA,Rebounds,Rebounds,Under,wnba|reb|2026-08-13|1642287|rebounds|under,wnba|2026-08-13|New York Liberty|Los Angeles Sparks,2026-08-13,fanduel,104,2.04,1.75085,L,-1,-1.75085,0.458115,,,,0.175085,True
WNBA,Rebounds,Rebounds,Under,wnba|reb|2026-08-13|1642291|rebounds|under,wnba|2026-08-13|Connecticut Sun|Atlanta Dream,2026-08-13,fanduel,-110,1.90909,1.7059,L,-1,-1.7059,0.48801,,,,0.17059,True
WNBA,Rebounds,Rebounds,Over,wnba|reb|2026-08-13|1642303|rebounds|over,wnba|2026-08-13|Connecticut Sun|Atlanta Dream,2026-08-13,betonlineag,141,2.41,1.15403,L,-1,-1.15403,0.389957,,,,0.115403,True
WNBA,Rebounds,Rebounds,Over,wnba|reb|2026-08-13|1642785|rebounds|over,wnba|2026-08-13|Las Vegas Aces|Washington Mystics,2026-08-13,betonlineag,113,2.13,1.01775,L,-1,-1.01775,0.440985,,,,0.101775,True
WNBA,Rebounds,Rebounds,Under,wnba|reb|2026-08-13|1642792|rebounds|under,wnba|2026-08-13|Las Vegas Aces|Washington Mystics,2026-08-13,draftkings,-118,1.84746,1.32626,W,0.847458,1.12395,0.502974,,,,0.132626,True
WNBA,Rebounds,Rebounds,Over,wnba|reb|2026-08-14|1629481|rebounds|over,wnba|2026-08-14|Indiana Fever|Dallas Wings,2026-08-14,betonlineag,109,2.09,1.93313,W,1.09,2.10711,0.449887,,,,0.193313,True
WNBA,Rebounds,Rebounds,Over,wnba|reb|2026-08-14|1629484|rebounds|over,wnba|2026-08-14|Seattle Storm|Portland Fire,2026-08-14,draftkings,118,2.18,1.63995,W,1.18,1.93515,0.426485,,,,0.163995,True
WNBA,Rebounds,Rebounds,Under,wnba|reb|2026-08-14|1629501|rebounds|under,wnba|2026-08-14|Indiana Fever|Dallas Wings,2026-08-14,betonlineag,110,2.1,1.96773,W,1.1,2.16451,0.447267,,,,0.196773,True
WNBA,Rebounds,Rebounds,Over,wnba|reb|2026-08-14|1629567|rebounds|over,wnba|2026-08-14|Seattle Storm|Portland Fire,2026-08-14,betonlineag,102,2.02,1.44534,W,1.02,1.47425,0.465266,,,,0.144534,True
WNBA,Rebounds,Rebounds,Under,wnba|reb|2026-08-14|1641648|rebounds|under,wnba|2026-08-14|Indiana Fever|Dallas Wings,2026-08-14,draftkings,104,2.04,1.50959,L,-1,-1.50959,0.455161,,,,0.150959,True
WNBA,Rebounds,Rebounds,Over,wnba|reb|2026-08-14|1642784|rebounds|over,wnba|2026-08-14|Indiana Fever|Dallas Wings,2026-08-14,betonlineag,-135,1.74074,2.28449,W,0.740741,1.69221,0.540791,,,,0.228449,True
WNBA,Rebounds,Rebounds,Over,wnba|reb|2026-08-14|1643443|rebounds|over,wnba|2026-08-14|Seattle Storm|Portland Fire,2026-08-14,betonlineag,-143,1.6993,1.12667,W,0.699301,0.787879,0.552733,,,,0.112667,True
WNBA,Rebounds,Rebounds,Over,wnba|reb|2026-08-15|1628878|rebounds|over,wnba|2026-08-15|Washington Mystics|Los Angeles Sparks,2026-08-15,draftkings,-122,1.81967,1.35764,L,-1,-1.35764,0.510916,,,,0.135764,True
WNBA,Rebounds,Rebounds,Over,wnba|reb|2026-08-15|1628932|rebounds|over,wnba|2026-08-15|Las Vegas Aces|Minnesota Lynx,2026-08-15,draftkings,-133,1.75188,1.08627,L,-1,-1.08627,0.530613,,,,0.108627,True
WNBA,Rebounds,Rebounds,Over,wnba|reb|2026-08-15|1630446|rebounds|over,wnba|2026-08-15|Washington Mystics|Los Angeles Sparks,2026-08-15,betonlineag,-123,1.81301,1.33085,L,-1,-1.33085,0.519675,,,,0.133085,True
WNBA,Rebounds,Rebounds,Under,wnba|reb|2026-08-15|1631135|rebounds|under,wnba|2026-08-15|Connecticut Sun|New York Liberty,2026-08-15,fanduel,-108,1.92593,2.75784,L,-1,-2.75784,0.485816,,,,0.275784,True
WNBA,Rebounds,Rebounds,Over,wnba|reb|2026-08-15|1642785|rebounds|over,wnba|2026-08-15|Washington Mystics|Los Angeles Sparks,2026-08-15,fanduel,116,2.16,1.48226,W,1.16,1.71942,0.432974,,,,0.148226,True
WNBA,Rebounds,Rebounds,Under,wnba|reb|2026-08-15|1643449|rebounds|under,wnba|2026-08-15|Connecticut Sun|New York Liberty,2026-08-15,betonlineag,-200,1.5,1.62374,L,-1,-1.62374,0.626866,,,,0.162374,True
WNBA,Rebounds,Rebounds,Under,wnba|reb|2026-08-15|203398|rebounds|under,wnba|2026-08-15|Connecticut Sun|New York Liberty,2026-08-15,williamhill_us,-148,1.67568,1.98636,V,0,0,0.557364,,,,0.198636,True
WNBA,Rebounds,Rebounds,Under,wnba|reb|2026-08-16|1628922|rebounds|under,wnba|2026-08-16|Seattle Storm|Chicago Sky,2026-08-16,williamhill_us,-113,1.88496,1.07983,W,0.884956,0.955604,0.494977,,,,0.107983,True
WNBA,Rebounds,Rebounds,Over,wnba|reb|2026-08-16|1629484|rebounds|over,wnba|2026-08-16|Phoenix Mercury|Portland Fire,2026-08-16,betonlineag,109,2.09,2.71873,W,1.09,2.96342,0.449887,,,,0.271873,True
WNBA,Rebounds,Rebounds,Under,wnba|reb|2026-08-16|1630096|rebounds|under,wnba|2026-08-16|Seattle Storm|Chicago Sky,2026-08-16,fanduel,104,2.04,2.01805,L,-1,-2.01805,0.458115,,,,0.201805,True
WNBA,Rebounds,Rebounds,Under,wnba|reb|2026-08-16|1630442|rebounds|under,wnba|2026-08-16|Phoenix Mercury|Portland Fire,2026-08-16,draftkings,-151,1.66225,1.09372,W,0.662252,0.72432,0.559348,,,,0.109372,True
WNBA,Rebounds,Rebounds,Over,wnba|reb|2026-08-16|1631083|rebounds|over,wnba|2026-08-16|Phoenix Mercury|Portland Fire,2026-08-16,fanduel,-114,1.87719,2.0272,W,0.877193,1.77825,0.5,,,,0.20272,True
WNBA,Rebounds,Rebounds,Over,wnba|reb|2026-08-16|1631141|rebounds|over,wnba|2026-08-16|Seattle Storm|Chicago Sky,2026-08-16,betonlineag,164,2.64,1.14572,W,1.64,1.87898,0.356228,,,,0.114572,True
WNBA,Rebounds,Rebounds,Under,wnba|reb|2026-08-16|1642291|rebounds|under,wnba|2026-08-16|Atlanta Dream|Indiana Fever,2026-08-16,williamhill_us,-136,1.73529,1.36413,L,-1,-1.36413,0.537907,,,,0.136413,True
WNBA,Rebounds,Rebounds,Under,wnba|reb|2026-08-16|1642815|rebounds|under,wnba|2026-08-16|Atlanta Dream|Indiana Fever,2026-08-16,draftkings,-134,1.74627,2.02131,L,-1,-2.02131,0.532629,,,,0.202131,True
WNBA,Rebounds,Rebounds,Over,wnba|reb|2026-08-16|1643443|rebounds|over,wnba|2026-08-16|Seattle Storm|Chicago Sky,2026-08-16,williamhill_us,-127,1.7874,2.95903,W,0.787402,2.32994,0.522057,,,,0.295903,True
WNBA,Rebounds,Rebounds,Under,wnba|reb|2026-08-16|203826|rebounds|under,wnba|2026-08-16|Phoenix Mercury|Portland Fire,2026-08-16,draftkings,-112,1.89286,1.03288,L,-1,-1.03288,0.491072,,,,0.103288,True
WNBA,Rebounds,Rebounds,Under,wnba|reb|2026-08-16|204333|rebounds|under,wnba|2026-08-16|Seattle Storm|Chicago Sky,2026-08-16,draftkings,-156,1.64103,1.05976,L,-1,-1.05976,0.565984,,,,0.105976,True
WNBA,Rebounds,Rebounds,Over,wnba|reb|2026-08-17|1628931|rebounds|over,wnba|2026-08-17|Golden State Valkyries|Dallas Wings,2026-08-17,betonlineag,-103,1.97087,1.95897,W,0.970874,1.90191,0.477343,,,,0.195897,True
WNBA,Rebounds,Rebounds,Over,wnba|reb|2026-08-17|1629481|rebounds|over,wnba|2026-08-17|Golden State Valkyries|Dallas Wings,2026-08-17,betonlineag,132,2.32,1.69899,W,1.32,2.24267,0.405341,,,,0.169899,True
WNBA,Rebounds,Rebounds,Under,wnba|reb|2026-08-17|1629501|rebounds|under,wnba|2026-08-17|Golden State Valkyries|Dallas Wings,2026-08-17,williamhill_us,111,2.11,2.77573,W,1.11,3.08106,0.438107,,,,0.277573,True
WNBA,Rebounds,Rebounds,Over,wnba|reb|2026-08-17|1631007|rebounds|over,wnba|2026-08-17|Golden State Valkyries|Dallas Wings,2026-08-17,draftkings,104,2.04,1.43479,W,1.04,1.49218,0.455161,,,,0.143479,True
WNBA,Rebounds,Rebounds,Over,wnba|reb|2026-08-17|1642784|rebounds|over,wnba|2026-08-17|Golden State Valkyries|Dallas Wings,2026-08-17,draftkings,-140,1.71429,1.22681,L,-1,-1.22681,0.542159,,,,0.122681,True
WNBA,Rebounds,Rebounds,Under,wnba|reb|2026-08-17|203824|rebounds|under,wnba|2026-08-17|Golden State Valkyries|Dallas Wings,2026-08-17,draftkings,-166,1.60241,1.58255,W,0.60241,0.953341,0.580785,,,,0.158255,True
WNBA,Rebounds,Rebounds,Over,wnba|reb|2026-08-18|1628277|rebounds|over,wnba|2026-08-18|Las Vegas Aces|Atlanta Dream,2026-08-18,fanduel,134,2.34,1.04965,W,1.34,1.40652,0.399315,,,,0.104965,True
WNBA,Rebounds,Rebounds,Over,wnba|reb|2026-08-18|1628932|rebounds|over,wnba|2026-08-18|Las Vegas Aces|Atlanta Dream,2026-08-18,fanduel,-140,1.71429,1.75001,W,0.714286,1.25001,0.545799,,,,0.175001,True
WNBA,Rebounds,Rebounds,Under,wnba|reb|2026-08-18|1631044|rebounds|under,wnba|2026-08-18|Las Vegas Aces|Atlanta Dream,2026-08-18,betonlineag,103,2.03,1.3857,W,1.03,1.42727,0.46323,,,,0.13857,True
WNBA,Rebounds,Rebounds,Over,wnba|reb|2026-08-18|1642289|rebounds|over,wnba|2026-08-18|Chicago Sky|New York Liberty,2026-08-18,fanduel,-138,1.72464,1.45835,W,0.724638,1.05678,0.541885,,,,0.145835,True
WNBA,Rebounds,Rebounds,Under,wnba|reb|2026-08-18|1642291|rebounds|under,wnba|2026-08-18|Las Vegas Aces|Atlanta Dream,2026-08-18,fanduel,-114,1.87719,1.896,W,0.877193,1.66316,0.5,,,,0.1896,True
WNBA,Rebounds,Rebounds,Over,wnba|reb|2026-08-18|1642303|rebounds|over,wnba|2026-08-18|Connecticut Sun|Los Angeles Sparks,2026-08-18,draftkings,112,2.12,1.77119,L,-1,-1.77119,0.438201,,,,0.177119,True
WNBA,Rebounds,Rebounds,Under,wnba|reb|2026-08-18|1642800|rebounds|under,wnba|2026-08-18|Toronto Tempo|Indiana Fever,2026-08-18,draftkings,-106,1.9434,2.07207,L,-1,-2.07207,0.478233,,,,0.207207,True
WNBA,Rebounds,Rebounds,Under,wnba|reb|2026-08-18|1643445|rebounds|under,wnba|2026-08-18|Toronto Tempo|Indiana Fever,2026-08-18,williamhill_us,111,2.11,3,W,1.11,3.33,0.441306,,,,0.303214,True
WNBA,Rebounds,Rebounds,Under,wnba|reb|2026-08-18|203014|rebounds|under,wnba|2026-08-18|Connecticut Sun|Los Angeles Sparks,2026-08-18,draftkings,103,2.03,1.84976,W,1.03,1.90526,0.458584,,,,0.184976,True
WNBA,Rebounds,Rebounds,Under,wnba|reb|2026-08-18|204330|rebounds|under,wnba|2026-08-18|Toronto Tempo|Indiana Fever,2026-08-18,fanduel,-106,1.9434,1.70833,L,-1,-1.70833,0.480847,,,,0.170833,True
WNBA,Rebounds,Rebounds,Under,wnba|reb|2026-08-19|1631022|rebounds|under,wnba|2026-08-19|Washington Mystics|Toronto Tempo,2026-08-19,draftkings,-133,1.75188,1.75147,W,0.75188,1.31689,0.530613,,,,0.175147,True
WNBA,Rebounds,Rebounds,Under,wnba|reb|2026-08-19|1642792|rebounds|under,wnba|2026-08-19|Washington Mystics|Toronto Tempo,2026-08-19,draftkings,-146,1.68493,1.31485,L,-1,-1.31485,0.551275,,,,0.131485,True
WNBA,Rebounds,Rebounds,Over,wnba|reb|2026-08-19|1643426|rebounds|over,wnba|2026-08-19|Golden State Valkyries|Minnesota Lynx,2026-08-19,fanduel,128,2.28,1.0798,W,1.28,1.38215,0.40954,0.430517,0.0209768,0.0512203,0.10798,True
WNBA,Rebounds,Rebounds,Under,wnba|reb|2026-08-19|1643427|rebounds|under,wnba|2026-08-19|Washington Mystics|Toronto Tempo,2026-08-19,draftkings,-148,1.67568,1.04907,W,0.675676,0.708829,0.555013,,,,0.104907,True
WNBA,Rebounds,Rebounds,Over,wnba|reb|2026-08-19|203825|rebounds|over,wnba|2026-08-19|Golden State Valkyries|Minnesota Lynx,2026-08-19,betonlineag,-101,1.9901,1.34289,L,-1,-1.34289,0.472311,0.447267,-0.0250444,-0.0530252,0.134289,True
WNBA,Rebounds,Rebounds,Over,wnba|reb|2026-08-19|203827|rebounds|over,wnba|2026-08-19|Golden State Valkyries|Minnesota Lynx,2026-08-19,draftkings,-126,1.79365,1.94939,L,-1,-1.94939,0.517781,0.512907,-0.00487387,-0.009413,0.194939,True
WNBA,Rebounds,Rebounds,Over,wnba|reb|2026-08-20|1628277|rebounds|over,wnba|2026-08-20|Los Angeles Sparks|Atlanta Dream,2026-08-20,fanduel,122,2.22,1.57014,L,-1,-1.57014,0.421466,,,,0.157014,True
WNBA,Rebounds,Rebounds,Under,wnba|reb|2026-08-20|1628878|rebounds|under,wnba|2026-08-20|Los Angeles Sparks|Atlanta Dream,2026-08-20,draftkings,-101,1.9901,1.18099,W,0.990099,1.16929,0.466581,,,,0.118099,True
WNBA,Rebounds,Rebounds,Over,wnba|reb|2026-08-20|1628886|rebounds|over,wnba|2026-08-20|Los Angeles Sparks|Atlanta Dream,2026-08-20,betonlineag,102,2.02,1.18134,W,1.02,1.20497,0.465266,,,,0.118134,True
WNBA,Rebounds,Rebounds,Over,wnba|reb|2026-08-20|1628909|rebounds|over,wnba|2026-08-20|Dallas Wings|Indiana Fever,2026-08-20,betonlineag,171,2.71,1.27169,L,-1,-1.27169,0.347071,,,,0.127169,True
WNBA,Rebounds,Rebounds,Over,wnba|reb|2026-08-20|1628932|rebounds|over,wnba|2026-08-20|Las Vegas Aces|Connecticut Sun,2026-08-20,betonlineag,109,2.09,1.35593,L,-1,-1.35593,0.449887,,,,0.135593,True
WNBA,Rebounds,Rebounds,Over,wnba|reb|2026-08-20|1629481|rebounds|over,wnba|2026-08-20|Dallas Wings|Indiana Fever,2026-08-20,fanduel,116,2.16,1.23386,L,-1,-1.23386,0.432974,,,,0.123386,True
WNBA,Rebounds,Rebounds,Under,wnba|reb|2026-08-20|1629491|rebounds|under,wnba|2026-08-20|Dallas Wings|Indiana Fever,2026-08-20,williamhill_us,-118,1.84746,2.51457,W,0.847458,2.13099,0.505023,,,,0.251457,True
WNBA,Rebounds,Rebounds,Under,wnba|reb|2026-08-20|1630386|rebounds|under,wnba|2026-08-20|Dallas Wings|Indiana Fever,2026-08-20,draftkings,-118,1.84746,1.32026,L,-1,-1.32026,0.502974,,,,0.132026,True
WNBA,Rebounds,Rebounds,Over,wnba|reb|2026-08-20|1631009|rebounds|over,wnba|2026-08-20|Los Angeles Sparks|Atlanta Dream,2026-08-20,draftkings,-113,1.88496,1.43742,L,-1,-1.43742,0.493058,,,,0.143742,True
WNBA,Rebounds,Rebounds,Under,wnba|reb|2026-08-20|1631135|rebounds|under,wnba|2026-08-20|Las Vegas Aces|Connecticut Sun,2026-08-20,draftkings,106,2.06,2.33523,W,1.06,2.47534,0.451317,,,,0.233523,True
WNBA,Rebounds,Rebounds,Under,wnba|reb|2026-08-20|1641649|rebounds|under,wnba|2026-08-20|Las Vegas Aces|Connecticut Sun,2026-08-20,draftkings,100,2,1.24913,W,1,1.24913,0.464567,,,,0.124913,True
WNBA,Rebounds,Rebounds,Under,wnba|reb|2026-08-20|1642287|rebounds|under,wnba|2026-08-20|Los Angeles Sparks|Atlanta Dream,2026-08-20,draftkings,-120,1.83333,1.46138,L,-1,-1.46138,0.506942,,,,0.146138,True
WNBA,Rebounds,Rebounds,Under,wnba|reb|2026-08-20|1642291|rebounds|under,wnba|2026-08-20|Los Angeles Sparks|Atlanta Dream,2026-08-20,fanduel,100,2,1.47298,W,1,1.47298,0.467742,,,,0.147298,True
WNBA,Rebounds,Rebounds,Under,wnba|reb|2026-08-20|203014|rebounds|under,wnba|2026-08-20|Los Angeles Sparks|Atlanta Dream,2026-08-20,fanduel,-138,1.72464,2.87115,W,0.724638,2.08054,0.541885,,,,0.287115,True
WNBA,Rebounds,Rebounds,Under,wnba|reb|2026-08-20|204324|rebounds|under,wnba|2026-08-20|Los Angeles Sparks|Atlanta Dream,2026-08-20,fanduel,100,2,2.08058,W,1,2.08058,0.467742,,,,0.208058,True
WNBA,Rebounds,Rebounds,Under,wnba|reb|2026-08-20|204365|rebounds|under,wnba|2026-08-20|Los Angeles Sparks|Atlanta Dream,2026-08-20,draftkings,-195,1.51282,1.37466,W,0.512821,0.704951,0.615334,,,,0.137466,True
WNBA,Rebounds,Rebounds,Over,wnba|reb|2026-08-21|1627675|rebounds|over,wnba|2026-08-21|Washington Mystics|Minnesota Lynx,2026-08-21,fanduel,122,2.22,1.26094,W,1.22,1.53835,0.421466,,,,0.126094,True
WNBA,Rebounds,Rebounds,Over,wnba|reb|2026-08-21|1627700|rebounds|over,wnba|2026-08-21|Toronto Tempo|Portland Fire,2026-08-21,betonlineag,106,2.06,1.71426,W,1.06,1.81712,0.456454,,,,0.171426,True
WNBA,Rebounds,Rebounds,Under,wnba|reb|2026-08-21|1631022|rebounds|under,wnba|2026-08-21|Washington Mystics|Minnesota Lynx,2026-08-21,williamhill_us,-127,1.7874,1.53903,W,0.787402,1.21183,0.522057,,,,0.153903,True
WNBA,Rebounds,Rebounds,Over,wnba|reb|2026-08-21|1642289|rebounds|over,wnba|2026-08-21|Chicago Sky|Golden State Valkyries,2026-08-21,fanduel,118,2.18,2.39062,W,1.18,2.82093,0.428258,,,,0.239062,True
WNBA,Rebounds,Rebounds,Under,wnba|reb|2026-08-21|1642304|rebounds|under,wnba|2026-08-21|Toronto Tempo|Portland Fire,2026-08-21,draftkings,-124,1.80645,1.27428,W,0.806452,1.02764,0.513812,,,,0.127428,True
WNBA,Rebounds,Rebounds,Over,wnba|reb|2026-08-21|1642767|rebounds|over,wnba|2026-08-21|Chicago Sky|Golden State Valkyries,2026-08-21,fanduel,110,2.1,1.01632,W,1.1,1.11795,0.445168,,,,0.101632,True
WNBA,Rebounds,Rebounds,Under,wnba|reb|2026-08-21|1642800|rebounds|under,wnba|2026-08-21|Toronto Tempo|Portland Fire,2026-08-21,betonlineag,-156,1.64103,2.39156,W,0.641026,1.53305,0.572764,,,,0.239156,True
WNBA,Rebounds,Rebounds,Over,wnba|reb|2026-08-21|1643426|rebounds|over,wnba|2026-08-21|Washington Mystics|Minnesota Lynx,2026-08-21,fanduel,102,2.02,1.58667,L,-1,-1.58667,0.462093,,,,0.158667,True
WNBA,Rebounds,Rebounds,Over,wnba|reb|2026-08-21|203825|rebounds|over,wnba|2026-08-21|Washington Mystics|Minnesota Lynx,2026-08-21,draftkings,-110,1.90909,1.54372,L,-1,-1.54372,0.486188,,,,0.154372,True
WNBA,Rebounds,Rebounds,Over,wnba|reb|2026-08-21|203827|rebounds|over,wnba|2026-08-21|Washington Mystics|Minnesota Lynx,2026-08-21,fanduel,108,2.08,2.87754,L,-1,-2.87754,0.448926,,,,0.287754,True
WNBA,Rebounds,Rebounds,Under,wnba|reb|2026-08-22|1627668|rebounds|under,wnba|2026-08-22|New York Liberty|Indiana Fever,2026-08-22,draftkings,-142,1.70423,2.44161,W,0.704225,1.71944,0.544839,,,,0.244161,True
WNBA,Rebounds,Rebounds,Under,wnba|reb|2026-08-22|1627673|rebounds|under,wnba|2026-08-22|New York Liberty|Indiana Fever,2026-08-22,fanduel,-136,1.73529,2.84893,L,-1,-2.84893,0.537907,,,,0.284893,True
WNBA,Rebounds,Rebounds,Over,wnba|reb|2026-08-22|1627674|rebounds|over,wnba|2026-08-22|Phoenix Mercury|Atlanta Dream,2026-08-22,fanduel,128,2.28,1.7766,L,-1,-1.7766,0.40954,,,,0.17766,True
WNBA,Rebounds,Rebounds,Over,wnba|reb|2026-08-22|1628909|rebounds|over,wnba|2026-08-22|New York Liberty|Indiana Fever,2026-08-22,betonlineag,158,2.58,2.29068,L,-1,-2.29068,0.364652,,,,0.229068,True
WNBA,Rebounds,Rebounds,Under,wnba|reb|2026-08-22|1629477|rebounds|under,wnba|2026-08-22|New York Liberty|Indiana Fever,2026-08-22,fanduel,-120,1.83333,2.16999,W,0.833333,1.80832,0.510121,,,,0.216999,True
WNBA,Rebounds,Rebounds,Under,wnba|reb|2026-08-22|1631044|rebounds|under,wnba|2026-08-22|Phoenix Mercury|Atlanta Dream,2026-08-22,fanduel,122,2.22,1.54174,W,1.22,1.88093,0.421466,,,,0.154174,True
WNBA,Rebounds,Rebounds,Under,wnba|reb|2026-08-22|1631135|rebounds|under,wnba|2026-08-22|Los Angeles Sparks|Connecticut Sun,2026-08-22,fanduel,-114,1.87719,2.8516,W,0.877193,2.5014,0.5,,,,0.28516,True
WNBA,Rebounds,Rebounds,Under,wnba|reb|2026-08-22|1631136|rebounds|under,wnba|2026-08-22|New York Liberty|Indiana Fever,2026-08-22,betonlineag,-213,1.46948,1.04373,L,-1,-1.04373,0.639787,,,,0.104373,True
WNBA,Rebounds,Rebounds,Under,wnba|reb|2026-08-22|1641649|rebounds|under,wnba|2026-08-22|Los Angeles Sparks|Connecticut Sun,2026-08-22,betonlineag,102,2.02,3,W,1.02,3.06,0.465266,,,,0.329334,True
WNBA,Rebounds,Rebounds,Over,wnba|reb|2026-08-22|1642286|rebounds|over,wnba|2026-08-22|New York Liberty|Indiana Fever,2026-08-22,betonlineag,-167,1.5988,1.15375,W,0.598802,0.690869,0.586745,,,,0.115375,True
WNBA,Rebounds,Rebounds,Under,wnba|reb|2026-08-22|1642291|rebounds|under,wnba|2026-08-22|Phoenix Mercury|Atlanta Dream,2026-08-22,fanduel,104,2.04,2.61205,L,-1,-2.61205,0.458115,,,,0.261205,True
WNBA,Rebounds,Rebounds,Under,wnba|reb|2026-08-22|1643431|rebounds|under,wnba|2026-08-22|Phoenix Mercury|Atlanta Dream,2026-08-22,fanduel,128,2.28,2.9606,L,-1,-2.9606,0.40954,,,,0.29606,True
WNBA,Rebounds,Rebounds,Under,wnba|reb|2026-08-22|1643449|rebounds|under,wnba|2026-08-22|Los Angeles Sparks|Connecticut Sun,2026-08-22,williamhill_us,-139,1.71942,1.9343,L,-1,-1.9343,0.54385,,,,0.19343,True
WNBA,Rebounds,Rebounds,Under,wnba|reb|2026-08-22|204324|rebounds|under,wnba|2026-08-22|Los Angeles Sparks|Connecticut Sun,2026-08-22,fanduel,102,2.02,1.09907,W,1.02,1.12105,0.462093,,,,0.109907,True
WNBA,Rebounds,Rebounds,Over,wnba|reb|2026-08-23|1629481|rebounds|over,wnba|2026-08-23|Dallas Wings|Seattle Storm,2026-08-23,betonlineag,132,2.32,1.19139,L,-1,-1.19139,0.405341,,,,0.119139,True
WNBA,Rebounds,Rebounds,Under,wnba|reb|2026-08-23|1629491|rebounds|under,wnba|2026-08-23|Dallas Wings|Seattle Storm,2026-08-23,williamhill_us,-134,1.74627,2.07615,L,-1,-2.07615,0.535105,,,,0.207615,True
WNBA,Rebounds,Rebounds,Under,wnba|reb|2026-08-23|1629501|rebounds|under,wnba|2026-08-23|Dallas Wings|Seattle Storm,2026-08-23,draftkings,101,2.01,1.20764,W,1.01,1.21971,0.462556,,,,0.120764,True
WNBA,Rebounds,Rebounds,Under,wnba|reb|2026-08-23|1631022|rebounds|under,wnba|2026-08-23|Portland Fire|Washington Mystics,2026-08-23,betonlineag,-133,1.75188,1.5355,W,0.75188,1.15451,0.53677,,,,0.15355,True
WNBA,Rebounds,Rebounds,Over,wnba|reb|2026-08-23|1631141|rebounds|over,wnba|2026-08-23|Dallas Wings|Seattle Storm,2026-08-23,betrivers,-141,1.70922,1.02218,W,0.70922,0.724949,0.585062,,,,0.102218,True
WNBA,Rebounds,Rebounds,Over,wnba|reb|2026-08-23|1642289|rebounds|over,wnba|2026-08-23|Chicago Sky|Indiana Fever,2026-08-23,draftkings,104,2.04,2.09753,L,-1,-2.09753,0.455887,,,,0.209753,True
WNBA,Rebounds,Rebounds,Under,wnba|reb|2026-08-23|1642304|rebounds|under,wnba|2026-08-23|Portland Fire|Washington Mystics,2026-08-23,draftkings,-117,1.8547,1.41969,W,0.854701,1.21341,0.500991,,,,0.141969,True
WNBA,Rebounds,Rebounds,Over,wnba|reb|2026-08-23|204330|rebounds|over,wnba|2026-08-23|Toronto Tempo|Las Vegas Aces,2026-08-23,draftkings,102,2.02,1.2355,W,1.02,1.26021,0.45981,,,,0.12355,True
WNBA,Rebounds,Rebounds,Under,wnba|reb|2026-08-24|1628508|rebounds|under,wnba|2026-08-24|Minnesota Lynx|Golden State Valkyries,2026-08-24,fanduel,-114,1.87719,1.6508,W,0.877193,1.44807,0.5,,,,0.16508,True
WNBA,Rebounds,Rebounds,Over,wnba|reb|2026-08-24|1628878|rebounds|over,wnba|2026-08-24|Los Angeles Sparks|Atlanta Dream,2026-08-24,betonlineag,150,2.5,1.3825,L,-1,-1.3825,0.37659,,,,0.13825,True
WNBA,Rebounds,Rebounds,Under,wnba|reb|2026-08-24|1628931|rebounds|under,wnba|2026-08-24|Minnesota Lynx|Golden State Valkyries,2026-08-24,fanduel,-154,1.64935,1.20774,L,-1,-1.20774,0.567026,,,,0.120774,True
WNBA,Rebounds,Rebounds,Over,wnba|reb|2026-08-24|1630996|rebounds|over,wnba|2026-08-24|Los Angeles Sparks|Atlanta Dream,2026-08-24,betonlineag,160,2.6,1.11622,V,0,0,0.361098,,,,0.111622,True
WNBA,Rebounds,Rebounds,Over,wnba|reb|2026-08-24|1631009|rebounds|over,wnba|2026-08-24|Los Angeles Sparks|Atlanta Dream,2026-08-24,williamhill_us,-113,1.88496,1.11023,W,0.884956,0.982507,0.494977,,,,0.111023,True
WNBA,Rebounds,Rebounds,Under,wnba|reb|2026-08-24|1642287|rebounds|under,wnba|2026-08-24|Los Angeles Sparks|Atlanta Dream,2026-08-24,betonlineag,106,2.06,2.73226,L,-1,-2.73226,0.456454,,,,0.273226,True
WNBA,Rebounds,Rebounds,Under,wnba|reb|2026-08-24|1642291|rebounds|under,wnba|2026-08-24|Los Angeles Sparks|Atlanta Dream,2026-08-24,williamhill_us,101,2.01,1.59753,L,-1,-1.59753,0.463327,,,,0.159753,True
WNBA,Rebounds,Rebounds,Over,wnba|reb|2026-08-24|1643426|rebounds|over,wnba|2026-08-24|Minnesota Lynx|Golden State Valkyries,2026-08-24,fanduel,116,2.16,2.22883,L,-1,-2.22883,0.430517,,,,0.222883,True
WNBA,Rebounds,Rebounds,Under,wnba|reb|2026-08-24|1643431|rebounds|under,wnba|2026-08-24|Los Angeles Sparks|Atlanta Dream,2026-08-24,betonlineag,-149,1.67114,1.96901,W,0.671141,1.32148,0.562659,,,,0.196901,True
WNBA,Rebounds,Rebounds,Over,wnba|reb|2026-08-24|203026|rebounds|over,wnba|2026-08-24|Minnesota Lynx|Golden State Valkyries,2026-08-24,betonlineag,120,2.2,1.22804,W,1.2,1.47364,0.427236,,,,0.122804,True
WNBA,Rebounds,Rebounds,Over,wnba|reb|2026-08-24|203825|rebounds|over,wnba|2026-08-24|Minnesota Lynx|Golden State Valkyries,2026-08-24,fanduel,110,2.1,2.32792,W,1.1,2.56071,0.445168,,,,0.232792,True
WNBA,Rebounds,Rebounds,Over,wnba|reb|2026-08-24|203827|rebounds|over,wnba|2026-08-24|Minnesota Lynx|Golden State Valkyries,2026-08-24,draftkings,104,2.04,3,L,-1,-3,0.455161,,,,0.356639,True
WNBA,Rebounds,Rebounds,Under,wnba|reb|2026-08-24|203866|rebounds|under,wnba|2026-08-24|Minnesota Lynx|Golden State Valkyries,2026-08-24,fanduel,-152,1.65789,1.0637,W,0.657895,0.699802,0.56347,,,,0.10637,True
WNBA,Rebounds,Rebounds,Under,wnba|reb|2026-08-25|1628922|rebounds|under,wnba|2026-08-25|Connecticut Sun|Chicago Sky,2026-08-25,draftkings,-130,1.76923,1.10034,W,0.769231,0.846413,0.524606,,,,0.110034,True
WNBA,Rebounds,Rebounds,Over,wnba|reb|2026-08-25|1629481|rebounds|over,wnba|2026-08-25|Dallas Wings|Portland Fire,2026-08-25,betonlineag,152,2.52,1.02826,L,-1,-1.02826,0.373134,,,,0.102826,True
WNBA,Rebounds,Rebounds,Over,wnba|reb|2026-08-25|1629484|rebounds|over,wnba|2026-08-25|Dallas Wings|Portland Fire,2026-08-25,fanduel,102,2.02,1.50347,L,-1,-1.50347,0.462093,,,,0.150347,True
WNBA,Rebounds,Rebounds,Under,wnba|reb|2026-08-25|1629491|rebounds|under,wnba|2026-08-25|Dallas Wings|Portland Fire,2026-08-25,betonlineag,100,2,3,W,1,3,0.469388,,,,0.300932,True
WNBA,Rebounds,Rebounds,Under,wnba|reb|2026-08-25|1629501|rebounds|under,wnba|2026-08-25|Dallas Wings|Portland Fire,2026-08-25,draftkings,110,2.1,1.76141,W,1.1,1.93755,0.443139,,,,0.176141,True
WNBA,Rebounds,Rebounds,Under,wnba|reb|2026-08-25|1630386|rebounds|under,wnba|2026-08-25|Dallas Wings|Portland Fire,2026-08-25,betonlineag,-123,1.81301,1.29693,L,-1,-1.29693,0.518507,,,,0.129693,True
WNBA,Rebounds,Rebounds,Under,wnba|reb|2026-08-25|1630442|rebounds|under,wnba|2026-08-25|Phoenix Mercury|Washington Mystics,2026-08-25,draftkings,-124,1.80645,3,L,-1,-3,0.514901,,,,0.366619,True
WNBA,Rebounds,Rebounds,Under,wnba|reb|2026-08-25|1630446|rebounds|under,wnba|2026-08-25|Phoenix Mercury|Washington Mystics,2026-08-25,draftkings,110,2.1,1.05101,L,-1,-1.05101,0.443139,,,,0.105101,True
WNBA,Rebounds,Rebounds,Under,wnba|reb|2026-08-25|1631022|rebounds|under,wnba|2026-08-25|Phoenix Mercury|Washington Mystics,2026-08-25,fanduel,110,2.1,1.29632,W,1.1,1.42595,0.445168,,,,0.129632,True
WNBA,Rebounds,Rebounds,Under,wnba|reb|2026-08-25|204333|rebounds|under,wnba|2026-08-25|Connecticut Sun|Chicago Sky,2026-08-25,draftkings,-146,1.68493,1.48565,W,0.684932,1.01757,0.551275,,,,0.148565,True
WNBA,Rebounds,Rebounds,Under,wnba|reb|2026-08-26|1627700|rebounds|under,wnba|2026-08-26|Seattle Storm|Toronto Tempo,2026-08-26,betonlineag,122,2.22,1.80424,V,0,0,0.423216,,,,0.180424,True
WNBA,Rebounds,Rebounds,Under,wnba|reb|2026-08-26|1627701|rebounds|under,wnba|2026-08-26|Seattle Storm|Toronto Tempo,2026-08-26,williamhill_us,121,2.21,1.05153,L,-1,-1.05153,0.422567,,,,0.105153,True
WNBA,Rebounds,Rebounds,Over,wnba|reb|2026-08-26|1629568|rebounds|over,wnba|2026-08-26|Connecticut Sun|Golden State Valkyries,2026-08-26,williamhill_us,-103,1.97087,1.19397,L,-1,-1.19397,0.473043,,,,0.119397,True
WNBA,Rebounds,Rebounds,Under,wnba|reb|2026-08-26|1631007|rebounds|under,wnba|2026-08-26|Connecticut Sun|Golden State Valkyries,2026-08-26,betonlineag,108,2.08,1.05646,W,1.08,1.14097,0.451074,,,,0.105646,True
WNBA,Rebounds,Rebounds,Over,wnba|reb|2026-08-26|1642290|rebounds|over,wnba|2026-08-26|Connecticut Sun|Golden State Valkyries,2026-08-26,fanduel,122,2.22,1.47254,L,-1,-1.47254,0.421466,,,,0.147254,True
WNBA,Rebounds,Rebounds,Under,wnba|reb|2026-08-26|1642798|rebounds|under,wnba|2026-08-26|Seattle Storm|Toronto Tempo,2026-08-26,draftkings,-105,1.95238,1.97367,W,0.952381,1.87969,0.476233,,,,0.197367,True
WNBA,Rebounds,Rebounds,Under,wnba|reb|2026-08-26|1643443|rebounds|under,wnba|2026-08-26|Seattle Storm|Toronto Tempo,2026-08-26,draftkings,107,2.07,1.38515,W,1.07,1.48211,0.448725,,,,0.138515,True
WNBA,Rebounds,Rebounds,Under,wnba|reb|2026-08-26|204330|rebounds|under,wnba|2026-08-26|Seattle Storm|Toronto Tempo,2026-08-26,williamhill_us,-117,1.8547,1.27706,L,-1,-1.27706,0.503014,,,,0.127706,True
WNBA,Rebounds,Rebounds,Under,wnba|reb|2026-08-27|1627668|rebounds|under,wnba|2026-08-27|New York Liberty|Golden State Valkyries,2026-08-27,fanduel,104,2.04,1.11605,W,1.04,1.16069,0.458115,,,,0.111605,True
WNBA,Rebounds,Rebounds,Under,wnba|reb|2026-08-27|1627673|rebounds|under,wnba|2026-08-27|New York Liberty|Golden State Valkyries,2026-08-27,draftkings,-142,1.70423,2.11721,W,0.704225,1.49099,0.544839,,,,0.211721,True
WNBA,Rebounds,Rebounds,Over,wnba|reb|2026-08-27|1627674|rebounds|over,wnba|2026-08-27|Phoenix Mercury|Washington Mystics,2026-08-27,betonlineag,122,2.22,1.39464,W,1.22,1.70146,0.423216,,,,0.139464,True
WNBA,Rebounds,Rebounds,Under,wnba|reb|2026-08-27|1628508|rebounds|under,wnba|2026-08-27|New York Liberty|Golden State Valkyries,2026-08-27,fanduel,-146,1.68493,1.12888,L,-1,-1.12888,0.554832,,,,0.112888,True
WNBA,Rebounds,Rebounds,Over,wnba|reb|2026-08-27|1630142|rebounds|over,wnba|2026-08-27|New York Liberty|Golden State Valkyries,2026-08-27,fanduel,-136,1.73529,1.22733,W,0.735294,0.902447,0.537907,,,,0.122733,True
WNBA,Rebounds,Rebounds,Under,wnba|reb|2026-08-27|1630442|rebounds|under,wnba|2026-08-27|Phoenix Mercury|Washington Mystics,2026-08-27,draftkings,-138,1.72464,3,L,-1,-3,0.538205,,,,0.314995,True
WNBA,Rebounds,Rebounds,Under,wnba|reb|2026-08-27|1631022|rebounds|under,wnba|2026-08-27|Phoenix Mercury|Washington Mystics,2026-08-27,fanduel,102,2.02,1.47907,W,1.02,1.50865,0.462093,,,,0.147907,True
WNBA,Rebounds,Rebounds,Under,wnba|reb|2026-08-27|1643427|rebounds|under,wnba|2026-08-27|Phoenix Mercury|Washington Mystics,2026-08-27,fanduel,-136,1.73529,1.13133,L,-1,-1.13133,0.537907,,,,0.113133,True
WNBA,Rebounds,Rebounds,Under,wnba|reb|2026-08-27|203866|rebounds|under,wnba|2026-08-27|New York Liberty|Golden State Valkyries,2026-08-27,draftkings,-137,1.72993,2.25356,W,0.729927,1.64494,0.537444,,,,0.225356,True
WNBA,Rebounds,Rebounds,Over,wnba|reb|2026-08-27|204329|rebounds|over,wnba|2026-08-27|New York Liberty|Golden State Valkyries,2026-08-27,williamhill_us,-124,1.80645,2.31955,W,0.806452,1.8706,0.516005,,,,0.231955,True
WNBA,Rebounds,Rebounds,Under,wnba|reb|2026-08-28|1627701|rebounds|under,wnba|2026-08-28|Las Vegas Aces|Toronto Tempo,2026-08-28,fanduel,102,2.02,1.85187,L,-1,-1.85187,0.462093,,,,0.185187,True
WNBA,Rebounds,Rebounds,Over,wnba|reb|2026-08-28|1628878|rebounds|over,wnba|2026-08-28|Los Angeles Sparks|Washington Mystics,2026-08-28,fanduel,122,2.22,1.91854,W,1.22,2.34062,0.421466,,,,0.191854,True
WNBA,Rebounds,Rebounds,Over,wnba|reb|2026-08-28|1629484|rebounds|over,wnba|2026-08-28|Atlanta Dream|Portland Fire,2026-08-28,betonlineag,106,2.06,1.32626,W,1.06,1.40584,0.456454,,,,0.132626,True
WNBA,Rebounds,Rebounds,Over,wnba|reb|2026-08-28|1629498|rebounds|over,wnba|2026-08-28|Las Vegas Aces|Toronto Tempo,2026-08-28,betonlineag,-101,1.9901,1.55369,L,-1,-1.55369,0.472311,,,,0.155369,True
WNBA,Rebounds,Rebounds,Over,wnba|reb|2026-08-28|1631009|rebounds|over,wnba|2026-08-28|Atlanta Dream|Portland Fire,2026-08-28,draftkings,101,2.01,1.14884,W,1.01,1.16032,0.462556,,,,0.114884,True
WNBA,Rebounds,Rebounds,Under,wnba|reb|2026-08-28|1642291|rebounds|under,wnba|2026-08-28|Atlanta Dream|Portland Fire,2026-08-28,williamhill_us,-134,1.74627,2.27335,L,-1,-2.27335,0.535105,,,,0.227335,True
WNBA,Rebounds,Rebounds,Over,wnba|reb|2026-08-28|1642815|rebounds|over,wnba|2026-08-28|Indiana Fever|Connecticut Sun,2026-08-28,fanduel,116,2.16,3,W,1.16,3.48,0.432974,,,,0.364386,True
WNBA,Rebounds,Rebounds,Over,wnba|reb|2026-08-28|1643420|rebounds|over,wnba|2026-08-28|Las Vegas Aces|Toronto Tempo,2026-08-28,draftkings,117,2.17,1.26333,W,1.17,1.4781,0.428787,,,,0.126333,True
WNBA,Rebounds,Rebounds,Under,wnba|reb|2026-08-28|1643431|rebounds|under,wnba|2026-08-28|Atlanta Dream|Portland Fire,2026-08-28,fanduel,102,2.02,3,W,1.02,3.06,0.462093,,,,0.347747,True
WNBA,Rebounds,Rebounds,Under,wnba|reb|2026-08-28|1643445|rebounds|under,wnba|2026-08-28|Las Vegas Aces|Toronto Tempo,2026-08-28,betonlineag,-123,1.81301,1.23573,W,0.813008,1.00466,0.518507,,,,0.123573,True
WNBA,Rebounds,Rebounds,Over,wnba|reb|2026-08-28|203014|rebounds|over,wnba|2026-08-28|Los Angeles Sparks|Washington Mystics,2026-08-28,fanduel,-108,1.92593,1.77704,L,-1,-1.77704,0.485816,,,,0.177704,True
WNBA,Rebounds,Rebounds,Over,wnba|reb|2026-08-28|203833|rebounds|over,wnba|2026-08-28|Las Vegas Aces|Toronto Tempo,2026-08-28,draftkings,-124,1.80645,2.04348,W,0.806452,1.64797,0.513812,,,,0.204348,True
WNBA,Rebounds,Rebounds,Over,wnba|reb|2026-08-28|204330|rebounds|over,wnba|2026-08-28|Las Vegas Aces|Toronto Tempo,2026-08-28,draftkings,106,2.06,1.47323,L,-1,-1.47323,0.451317,,,,0.147323,True
WNBA,Rebounds,Rebounds,Under,wnba|reb|2026-08-29|1627668|rebounds|under,wnba|2026-08-29|New York Liberty|Chicago Sky,2026-08-29,draftkings,106,2.06,1.26083,L,-1,-1.26083,0.451317,,,,0.126083,True
WNBA,Rebounds,Rebounds,Under,wnba|reb|2026-08-29|1627673|rebounds|under,wnba|2026-08-29|New York Liberty|Chicago Sky,2026-08-29,fanduel,-132,1.75758,2.10742,W,0.757576,1.59653,0.532258,,,,0.210742,True
WNBA,Rebounds,Rebounds,Over,wnba|reb|2026-08-29|1628922|rebounds|over,wnba|2026-08-29|New York Liberty|Chicago Sky,2026-08-29,fanduel,114,2.14,1.1159,L,-1,-1.1159,0.43653,,,,0.11159,True
WNBA,Rebounds,Rebounds,Over,wnba|reb|2026-08-29|1630142|rebounds|over,wnba|2026-08-29|New York Liberty|Chicago Sky,2026-08-29,draftkings,123,2.23,1.3397,W,1.23,1.64783,0.41703,,,,0.13397,True
WNBA,Rebounds,Rebounds,Under,wnba|reb|2026-08-29|1630442|rebounds|under,wnba|2026-08-29|Phoenix Mercury|Toronto Tempo,2026-08-29,fanduel,108,2.08,2.83994,L,-1,-2.83994,0.448926,,,,0.283994,True
WNBA,Rebounds,Rebounds,Under,wnba|reb|2026-08-29|1631136|rebounds|under,wnba|2026-08-29|New York Liberty|Chicago Sky,2026-08-29,draftkings,-136,1.73529,1.06407,L,-1,-1.06407,0.535433,,,,0.106407,True
WNBA,Rebounds,Rebounds,Over,wnba|reb|2026-08-29|1642289|rebounds|over,wnba|2026-08-29|New York Liberty|Chicago Sky,2026-08-29,draftkings,-124,1.80645,1.69819,L,-1,-1.69819,0.514901,,,,0.169819,True
WNBA,Rebounds,Rebounds,Under,wnba|reb|2026-08-29|1643445|rebounds|under,wnba|2026-08-29|Phoenix Mercury|Toronto Tempo,2026-08-29,draftkings,-134,1.74627,2.21668,W,0.746269,1.65424,0.531412,,,,0.221668,True
WNBA,Rebounds,Rebounds,Over,wnba|reb|2026-08-30|1628277|rebounds|over,wnba|2026-08-30|Atlanta Dream|Minnesota Lynx,2026-08-30,betonlineag,130,2.3,1.50439,W,1.3,1.95571,0.409001,,,,0.150439,True
WNBA,Rebounds,Rebounds,Over,wnba|reb|2026-08-30|1628886|rebounds|over,wnba|2026-08-30|Atlanta Dream|Minnesota Lynx,2026-08-30,draftkings,129,2.29,1.94944,W,1.29,2.51478,0.406456,,,,0.194944,True
WNBA,Rebounds,Rebounds,Under,wnba|reb|2026-08-30|1629491|rebounds|under,wnba|2026-08-30|Dallas Wings|Connecticut Sun,2026-08-30,williamhill_us,-121,1.82645,2.52538,W,0.826446,2.08709,0.511062,,,,0.252538,True
WNBA,Rebounds,Rebounds,Under,wnba|reb|2026-08-30|1629501|rebounds|under,wnba|2026-08-30|Dallas Wings|Connecticut Sun,2026-08-30,draftkings,-102,1.98039,1.84653,W,0.980392,1.81032,0.469387,,,,0.184653,True
WNBA,Rebounds,Rebounds,Over,wnba|reb|2026-08-30|1629524|rebounds|over,wnba|2026-08-30|Portland Fire|Golden State Valkyries,2026-08-30,draftkings,-126,1.79365,1.26379,W,0.793651,1.00301,0.517781,,,,0.126379,True
WNBA,Rebounds,Rebounds,Under,wnba|reb|2026-08-30|1630386|rebounds|under,wnba|2026-08-30|Dallas Wings|Connecticut Sun,2026-08-30,draftkings,-138,1.72464,2.02955,L,-1,-2.02955,0.538205,,,,0.202955,True
WNBA,Rebounds,Rebounds,Over,wnba|reb|2026-08-30|1631009|rebounds|over,wnba|2026-08-30|Atlanta Dream|Minnesota Lynx,2026-08-30,fanduel,116,2.16,2.28066,L,-1,-2.28066,0.432974,,,,0.228066,True
WNBA,Rebounds,Rebounds,Over,wnba|reb|2026-08-30|1631044|rebounds|over,wnba|2026-08-30|Atlanta Dream|Minnesota Lynx,2026-08-30,fanduel,116,2.16,2.68483,L,-1,-2.68483,0.430517,,,,0.268483,True
WNBA,Rebounds,Rebounds,Over,wnba|reb|2026-08-30|1631083|rebounds|over,wnba|2026-08-30|Portland Fire|Golden State Valkyries,2026-08-30,betonlineag,-109,1.91743,1.18218,L,-1,-1.18218,0.489742,,,,0.118218,True
WNBA,Rebounds,Rebounds,Under,wnba|reb|2026-08-30|1642287|rebounds|under,wnba|2026-08-30|Seattle Storm|Los Angeles Sparks,2026-08-30,draftkings,105,2.05,1.70649,L,-1,-1.70649,0.453231,,,,0.170649,True
WNBA,Rebounds,Rebounds,Over,wnba|reb|2026-08-30|1642809|rebounds|over,wnba|2026-08-30|Dallas Wings|Connecticut Sun,2026-08-30,draftkings,-130,1.76923,1.62394,W,0.769231,1.24918,0.524606,,,,0.162394,True
WNBA,Rebounds,Rebounds,Under,wnba|reb|2026-08-30|203026|rebounds|under,wnba|2026-08-30|Portland Fire|Golden State Valkyries,2026-08-30,williamhill_us,-154,1.64935,1.40874,L,-1,-1.40874,0.565886,,,,0.140874,True
WNBA,Rebounds,Rebounds,Over,wnba|reb|2026-08-30|203825|rebounds|over,wnba|2026-08-30|Atlanta Dream|Minnesota Lynx,2026-08-30,betonlineag,118,2.18,1.62207,W,1.18,1.91404,0.430713,,,,0.162207,True
WNBA,Rebounds,Rebounds,Over,wnba|reb|2026-08-30|203827|rebounds|over,wnba|2026-08-30|Atlanta Dream|Minnesota Lynx,2026-08-30,draftkings,108,2.08,2.31031,L,-1,-2.31031,0.446849,,,,0.231031,True
WNBA,Rebounds,Rebounds,Under,wnba|reb|2026-08-30|203866|rebounds|under,wnba|2026-08-30|Portland Fire|Golden State Valkyries,2026-08-30,fanduel,-144,1.69444,2.06446,W,0.694444,1.43365,0.551074,,,,0.206446,True
WNBA,Rebounds,Rebounds,Under,wnba|reb|2026-08-30|204329|rebounds|under,wnba|2026-08-30|Portland Fire|Golden State Valkyries,2026-08-30,fanduel,118,2.18,1.34862,W,1.18,1.59137,0.428258,,,,0.134862,True
WNBA,Rebounds,Rebounds,Over,wnba|reb|2026-09-17|1628277|rebounds|over,wnba|2026-09-17|Atlanta Dream|Connecticut Sun,2026-09-17,fanduel,130,2.3,1.95552,W,1.3,2.54218,0.406408,,,,0.195552,True
WNBA,Rebounds,Rebounds,Over,wnba|reb|2026-09-17|1629481|rebounds|over,wnba|2026-09-17|Dallas Wings|Los Angeles Sparks,2026-09-17,draftkings,-103,1.97087,1.22244,W,0.970874,1.18684,0.471396,,,,0.122244,True
WNBA,Rebounds,Rebounds,Under,wnba|reb|2026-09-17|1629491|rebounds|under,wnba|2026-09-17|Dallas Wings|Los Angeles Sparks,2026-09-17,fanduel,106,2.06,3,L,-1,-3,0.454201,,,,0.414439,True
WNBA,Rebounds,Rebounds,Under,wnba|reb|2026-09-17|1630386|rebounds|under,wnba|2026-09-17|Dallas Wings|Los Angeles Sparks,2026-09-17,williamhill_us,-110,1.90909,3,W,0.909091,2.72727,0.488938,,,,0.383102,True
WNBA,Rebounds,Rebounds,Over,wnba|reb|2026-09-17|1631009|rebounds|over,wnba|2026-09-17|Atlanta Dream|Connecticut Sun,2026-09-17,betonlineag,-103,1.97087,1.31057,W,0.970874,1.2724,0.477343,,,,0.131057,True
WNBA,Rebounds,Rebounds,Over,wnba|reb|2026-09-17|1631044|rebounds|over,wnba|2026-09-17|Atlanta Dream|Connecticut Sun,2026-09-17,draftkings,112,2.12,1.22279,W,1.12,1.36952,0.438201,,,,0.122279,True
WNBA,Rebounds,Rebounds,Under,wnba|reb|2026-09-17|1642291|rebounds|under,wnba|2026-09-17|Atlanta Dream|Connecticut Sun,2026-09-17,betonlineag,100,2,2.00532,W,1,2.00532,0.469388,,,,0.200532,True
WNBA,Rebounds,Rebounds,Under,wnba|reb|2026-09-17|1642784|rebounds|under,wnba|2026-09-17|Dallas Wings|Los Angeles Sparks,2026-09-17,betonlineag,-175,1.57143,1.20473,L,-1,-1.20473,0.598247,,,,0.120473,True
WNBA,Rebounds,Rebounds,Over,wnba|reb|2026-09-17|1642792|rebounds|over,wnba|2026-09-17|Chicago Sky|Washington Mystics,2026-09-17,betonlineag,-123,1.81301,1.23853,W,0.813008,1.00693,0.518507,,,,0.123853,True
WNBA,Rebounds,Rebounds,Over,wnba|reb|2026-09-17|1642798|rebounds|over,wnba|2026-09-17|Seattle Storm|Las Vegas Aces,2026-09-17,draftkings,103,2.03,1.02879,L,-1,-1.02879,0.457841,,,,0.102879,True
WNBA,Rebounds,Rebounds,Over,wnba|reb|2026-09-18|1627668|rebounds|over,wnba|2026-09-18|Minnesota Lynx|New York Liberty,2026-09-18,williamhill_us,-138,1.72464,1.24582,W,0.724638,0.902765,0.543098,,,,0.124582,True
WNBA,Rebounds,Rebounds,Under,wnba|reb|2026-09-18|1627673|rebounds|under,wnba|2026-09-18|Minnesota Lynx|New York Liberty,2026-09-18,betonlineag,-139,1.71942,2.09223,L,-1,-2.09223,0.546257,,,,0.209223,True
WNBA,Rebounds,Rebounds,Over,wnba|reb|2026-09-18|1628909|rebounds|over,wnba|2026-09-18|Toronto Tempo|Indiana Fever,2026-09-18,draftkings,-126,1.79365,2.56379,W,0.793651,2.03475,0.517781,,,,0.256379,True
WNBA,Rebounds,Rebounds,Over,wnba|reb|2026-09-18|1629477|rebounds|over,wnba|2026-09-18|Minnesota Lynx|New York Liberty,2026-09-18,fanduel,132,2.32,1.41421,L,-1,-1.41421,0.402339,,,,0.141421,True
WNBA,Rebounds,Rebounds,Over,wnba|reb|2026-09-18|1629483|rebounds|over,wnba|2026-09-18|Minnesota Lynx|New York Liberty,2026-09-18,fanduel,104,2.04,1.57445,L,-1,-1.57445,0.458115,,,,0.157445,True
WNBA,Rebounds,Rebounds,Under,wnba|reb|2026-09-18|1630097|rebounds|under,wnba|2026-09-18|Golden State Valkyries|Portland Fire,2026-09-18,draftkings,110,2.1,2.48842,L,-1,-2.48842,0.442478,,,,0.248842,True
WNBA,Rebounds,Rebounds,Over,wnba|reb|2026-09-18|1630142|rebounds|over,wnba|2026-09-18|Minnesota Lynx|New York Liberty,2026-09-18,draftkings,106,2.06,1.97123,W,1.06,2.0895,0.451317,,,,0.197123,True
WNBA,Rebounds,Rebounds,Over,wnba|reb|2026-09-18|1631083|rebounds|over,wnba|2026-09-18|Golden State Valkyries|Portland Fire,2026-09-18,draftkings,114,2.14,2.64806,W,1.14,3.01878,0.434634,,,,0.264806,True
WNBA,Rebounds,Rebounds,Under,wnba|reb|2026-09-18|1631086|rebounds|under,wnba|2026-09-18|Toronto Tempo|Indiana Fever,2026-09-18,draftkings,-156,1.64103,1.09871,W,0.641026,0.704302,0.567129,,,,0.109871,True
WNBA,Rebounds,Rebounds,Under,wnba|reb|2026-09-18|1642815|rebounds|under,wnba|2026-09-18|Toronto Tempo|Indiana Fever,2026-09-18,williamhill_us,-130,1.76923,2.26562,W,0.769231,1.74279,0.528158,,,,0.226562,True
WNBA,Rebounds,Rebounds,Over,wnba|reb|2026-09-18|1643420|rebounds|over,wnba|2026-09-18|Toronto Tempo|Indiana Fever,2026-09-18,williamhill_us,-113,1.88496,1.54542,L,-1,-1.54542,0.493058,,,,0.154542,True
WNBA,Rebounds,Rebounds,Over,wnba|reb|2026-09-18|203827|rebounds|over,wnba|2026-09-18|Minnesota Lynx|New York Liberty,2026-09-18,williamhill_us,-129,1.77519,1.44906,L,-1,-1.44906,0.524934,,,,0.144906,True
WNBA,Rebounds,Rebounds,Over,wnba|reb|2026-09-18|204330|rebounds|over,wnba|2026-09-18|Toronto Tempo|Indiana Fever,2026-09-18,draftkings,-149,1.67114,1.54998,W,0.671141,1.04025,0.555682,,,,0.154998,True
WNBA,Rebounds,Rebounds,Over,wnba|reb|2026-09-19|1629481|rebounds|over,wnba|2026-09-19|Dallas Wings|Phoenix Mercury,2026-09-19,fanduel,-136,1.73529,1.54693,L,-1,-1.54693,0.537907,,,,0.154693,True
WNBA,Rebounds,Rebounds,Under,wnba|reb|2026-09-19|1629491|rebounds|under,wnba|2026-09-19|Dallas Wings|Phoenix Mercury,2026-09-19,williamhill_us,109,2.09,2.6592,W,1.09,2.89853,0.44704,,,,0.26592,True
WNBA,Rebounds,Rebounds,Over,wnba|reb|2026-09-19|1629567|rebounds|over,wnba|2026-09-19|Golden State Valkyries|Seattle Storm,2026-09-19,betonlineag,109,2.09,1.70633,L,-1,-1.70633,0.449887,,,,0.170633,True
WNBA,Rebounds,Rebounds,Under,wnba|reb|2026-09-19|1630386|rebounds|under,wnba|2026-09-19|Dallas Wings|Phoenix Mercury,2026-09-19,draftkings,-122,1.81967,2.72084,W,0.819672,2.2302,0.510916,,,,0.272084,True
WNBA,Rebounds,Rebounds,Under,wnba|reb|2026-09-19|1641652|rebounds|under,wnba|2026-09-19|Dallas Wings|Phoenix Mercury,2026-09-19,williamhill_us,-114,1.87719,1.41054,W,0.877193,1.23731,0.496986,,,,0.141054,True
WNBA,Rebounds,Rebounds,Over,wnba|reb|2026-09-19|1642289|rebounds|over,wnba|2026-09-19|Atlanta Dream|Chicago Sky,2026-09-19,betonlineag,109,2.09,3,L,-1,-3,0.449887,,,,0.351193,True
WNBA,Rebounds,Rebounds,Under,wnba|reb|2026-09-19|1642291|rebounds|under,wnba|2026-09-19|Atlanta Dream|Chicago Sky,2026-09-19,draftkings,-108,1.92593,2.37261,W,0.925926,2.19686,0.482219,,,,0.237261,True
WNBA,Rebounds,Rebounds,Over,wnba|reb|2026-09-19|1642798|rebounds|over,wnba|2026-09-19|Golden State Valkyries|Seattle Storm,2026-09-19,fanduel,-118,1.84746,1.87611,L,-1,-1.87611,0.506069,,,,0.187611,True
WNBA,Rebounds,Rebounds,Over,wnba|reb|2026-09-19|1643428|rebounds|over,wnba|2026-09-19|Golden State Valkyries|Seattle Storm,2026-09-19,betonlineag,109,2.09,1.22353,W,1.09,1.33365,0.449887,,,,0.122353,True
WNBA,Rebounds,Rebounds,Over,wnba|reb|2026-09-19|1643443|rebounds|over,wnba|2026-09-19|Golden State Valkyries|Seattle Storm,2026-09-19,betonlineag,100,2,2.11692,W,1,2.11692,0.469388,,,,0.211692,True
WNBA,Rebounds,Rebounds,Over,wnba|reb|2026-09-20|1628909|rebounds|over,wnba|2026-09-20|Indiana Fever|Washington Mystics,2026-09-20,betonlineag,139,2.39,1.84724,L,-1,-1.84724,0.393316,,,,0.184724,True
WNBA,Rebounds,Rebounds,Over,wnba|reb|2026-09-20|1629484|rebounds|over,wnba|2026-09-20|Los Angeles Sparks|Portland Fire,2026-09-20,fanduel,-128,1.78125,1.0841,W,0.78125,0.846952,0.52647,,,,0.10841,True
WNBA,Rebounds,Rebounds,Under,wnba|reb|2026-09-20|1629498|rebounds|under,wnba|2026-09-20|Las Vegas Aces|Seattle Storm,2026-09-20,draftkings,-117,1.8547,1.05129,W,0.854701,0.898537,0.500991,,,,0.105129,True
WNBA,Rebounds,Rebounds,Over,wnba|reb|2026-09-20|1630996|rebounds|over,wnba|2026-09-20|Los Angeles Sparks|Portland Fire,2026-09-20,fanduel,114,2.14,2.3891,L,-1,-2.3891,0.43653,,,,0.23891,True
WNBA,Rebounds,Rebounds,Over,wnba|reb|2026-09-20|1631022|rebounds|over,wnba|2026-09-20|Indiana Fever|Washington Mystics,2026-09-20,fanduel,114,2.14,1.0035,W,1.14,1.14399,0.43653,,,,0.10035,True
WNBA,Rebounds,Rebounds,Under,wnba|reb|2026-09-20|1642815|rebounds|under,wnba|2026-09-20|Indiana Fever|Washington Mystics,2026-09-20,fanduel,-132,1.75758,2.05222,L,-1,-2.05222,0.532258,,,,0.205222,True
WNBA,Rebounds,Rebounds,Over,wnba|reb|2026-09-20|203014|rebounds|over,wnba|2026-09-20|Los Angeles Sparks|Portland Fire,2026-09-20,betonlineag,-147,1.68027,1.41825,W,0.680272,0.964795,0.559015,,,,0.141825,True
WNBA,Rebounds,Rebounds,Under,wnba|reb|2026-09-21|1627673|rebounds|under,wnba|2026-09-21|New York Liberty|Atlanta Dream,2026-09-21,williamhill_us,-120,1.83333,1.27933,L,-1,-1.27933,0.507987,,,,0.127933,True
WNBA,Rebounds,Rebounds,Over,wnba|reb|2026-09-21|1628277|rebounds|over,wnba|2026-09-21|New York Liberty|Atlanta Dream,2026-09-21,draftkings,130,2.3,1.59098,L,-1,-1.59098,0.404422,,,,0.159098,True
WNBA,Rebounds,Rebounds,Under,wnba|reb|2026-09-21|1628886|rebounds|under,wnba|2026-09-21|New York Liberty|Atlanta Dream,2026-09-21,williamhill_us,-148,1.67568,1.30928,W,0.675676,0.88465,0.556192,,,,0.130928,True
WNBA,Rebounds,Rebounds,Over,wnba|reb|2026-09-21|1629481|rebounds|over,wnba|2026-09-21|Phoenix Mercury|Dallas Wings,2026-09-21,betonlineag,130,2.3,2.17399,L,-1,-2.17399,0.409001,,,,0.217399,True
WNBA,Rebounds,Rebounds,Under,wnba|reb|2026-09-21|1629491|rebounds|under,wnba|2026-09-21|Phoenix Mercury|Dallas Wings,2026-09-21,fanduel,-102,1.98039,1.67598,L,-1,-1.67598,0.471842,,,,0.167598,True
WNBA,Rebounds,Rebounds,Over,wnba|reb|2026-09-21|1630142|rebounds|over,wnba|2026-09-21|New York Liberty|Atlanta Dream,2026-09-21,betonlineag,146,2.46,2.19081,L,-1,-2.19081,0.382039,,,,0.219081,True
WNBA,Rebounds,Rebounds,Under,wnba|reb|2026-09-21|1642291|rebounds|under,wnba|2026-09-21|New York Liberty|Atlanta Dream,2026-09-21,betonlineag,109,2.09,1.11713,W,1.09,1.21767,0.449887,,,,0.111713,True
WNBA,Rebounds,Rebounds,Over,wnba|reb|2026-09-21|1642784|rebounds|over,wnba|2026-09-21|Phoenix Mercury|Dallas Wings,2026-09-21,betonlineag,-101,1.9901,1.12169,W,0.990099,1.11058,0.472311,,,,0.112169,True
WNBA,Rebounds,Rebounds,Over,wnba|reb|2026-09-21|201886|rebounds|over,wnba|2026-09-21|New York Liberty|Atlanta Dream,2026-09-21,williamhill_us,-129,1.77519,1.32426,W,0.775194,1.02656,0.524934,,,,0.132426,True
WNBA,Rebounds,Rebounds,Over,wnba|reb|2026-09-22|1629484|rebounds|over,wnba|2026-09-22|Portland Fire|Golden State Valkyries,2026-09-22,fanduel,124,2.24,2.15328,W,1.24,2.67006,0.417032,,,,0.215328,True
WNBA,Rebounds,Rebounds,Under,wnba|reb|2026-09-22|1630446|rebounds|under,wnba|2026-09-22|Washington Mystics|Connecticut Sun,2026-09-22,draftkings,-133,1.75188,1.35107,W,0.75188,1.01584,0.529413,,,,0.135107,True
WNBA,Rebounds,Rebounds,Over,wnba|reb|2026-09-22|1631007|rebounds|over,wnba|2026-09-22|Portland Fire|Golden State Valkyries,2026-09-22,williamhill_us,-130,1.76923,1.05243,W,0.769231,0.809563,0.526957,,,,0.105243,True
WNBA,Rebounds,Rebounds,Under,wnba|reb|2026-09-22|1641648|rebounds|under,wnba|2026-09-22|Indiana Fever|Minnesota Lynx,2026-09-22,draftkings,-135,1.74074,1.60021,W,0.740741,1.18534,0.533419,,,,0.160021,True
WNBA,Rebounds,Rebounds,Over,wnba|reb|2026-09-22|1642289|rebounds|over,wnba|2026-09-22|Chicago Sky|Toronto Tempo,2026-09-22,betonlineag,-119,1.84034,2.10942,L,-1,-2.10942,0.510258,,,,0.210942,True
WNBA,Rebounds,Rebounds,Under,wnba|reb|2026-09-22|1642815|rebounds|under,wnba|2026-09-22|Indiana Fever|Minnesota Lynx,2026-09-22,draftkings,-122,1.81967,1.78924,L,-1,-1.78924,0.510916,,,,0.178924,True
WNBA,Rebounds,Rebounds,Over,wnba|reb|2026-09-22|1643426|rebounds|over,wnba|2026-09-22|Indiana Fever|Minnesota Lynx,2026-09-22,betonlineag,-135,1.74074,1.34729,V,0,0,0.540791,,,,0.134729,True
WNBA,Rebounds,Rebounds,Over,wnba|reb|2026-09-22|203833|rebounds|over,wnba|2026-09-22|Las Vegas Aces|Los Angeles Sparks,2026-09-22,betonlineag,-172,1.5814,1.48625,W,0.581395,0.864097,0.595695,,,,0.148625,True
WNBA,Rebounds,Rebounds,Over,wnba|reb|2026-09-22|203866|rebounds|over,wnba|2026-09-22|Portland Fire|Golden State Valkyries,2026-09-22,williamhill_us,-150,1.66667,1.27181,W,0.666667,0.847872,0.559859,,,,0.127181,True
WNBA,Rebounds,Rebounds,Over,wnba|reb|2026-09-23|1627673|rebounds|over,wnba|2026-09-23|New York Liberty|Atlanta Dream,2026-09-23,fanduel,-122,1.81967,1.87336,W,0.819672,1.53554,0.514184,,,,0.187336,True
WNBA,Rebounds,Rebounds,Over,wnba|reb|2026-09-23|1628277|rebounds|over,wnba|2026-09-23|New York Liberty|Atlanta Dream,2026-09-23,draftkings,120,2.2,1.30458,W,1.2,1.5655,0.423102,,,,0.130458,True
WNBA,Rebounds,Rebounds,Over,wnba|reb|2026-09-23|1629477|rebounds|over,wnba|2026-09-23|New York Liberty|Atlanta Dream,2026-09-23,betonlineag,100,2,1.76532,W,1,1.76532,0.469388,,,,0.176532,True
WNBA,Rebounds,Rebounds,Under,wnba|reb|2026-09-23|1629491|rebounds|under,wnba|2026-09-23|Seattle Storm|Dallas Wings,2026-09-23,williamhill_us,-118,1.84746,1.11257,L,-1,-1.11257,0.505023,,,,0.111257,True
WNBA,Rebounds,Rebounds,Over,wnba|reb|2026-09-23|1630142|rebounds|over,wnba|2026-09-23|New York Liberty|Atlanta Dream,2026-09-23,betonlineag,128,2.28,2.9025,L,-1,-2.9025,0.41219,,,,0.29025,True
WNBA,Rebounds,Rebounds,Over,wnba|reb|2026-09-23|1631136|rebounds|over,wnba|2026-09-23|New York Liberty|Atlanta Dream,2026-09-23,betonlineag,164,2.64,2.47612,L,-1,-2.47612,0.356228,,,,0.247612,True
WNBA,Rebounds,Rebounds,Under,wnba|reb|2026-09-23|1642291|rebounds|under,wnba|2026-09-23|New York Liberty|Atlanta Dream,2026-09-23,betonlineag,-101,1.9901,1.09689,W,0.990099,1.08603,0.472311,,,,0.109689,True
WNBA,Rebounds,Rebounds,Over,wnba|reb|2026-09-23|1643428|rebounds|over,wnba|2026-09-23|Seattle Storm|Dallas Wings,2026-09-23,draftkings,-163,1.6135,1.26654,W,0.613497,0.777019,0.575786,,,,0.126654,True
WNBA,Rebounds,Rebounds,Under,wnba|reb|2026-09-24|1629498|rebounds|under,wnba|2026-09-24|Phoenix Mercury|Las Vegas Aces,2026-09-24,betonlineag,-108,1.92593,1.16355,L,-1,-1.16355,0.487685,,,,0.116355,True
WNBA,Rebounds,Rebounds,Over,wnba|reb|2026-09-24|1642289|rebounds|over,wnba|2026-09-24|Washington Mystics|Chicago Sky,2026-09-24,betonlineag,-152,1.65789,1.28243,W,0.657895,0.843705,0.565757,,,,0.128243,True
WNBA,Rebounds,Rebounds,Over,wnba|reb|2026-09-24|1642785|rebounds|over,wnba|2026-09-24|Washington Mystics|Chicago Sky,2026-09-24,betonlineag,112,2.12,1.51801,W,1.12,1.70017,0.443519,,,,0.151801,True
WNBA,Rebounds,Rebounds,Under,wnba|reb|2026-09-24|203826|rebounds|under,wnba|2026-09-24|Phoenix Mercury|Las Vegas Aces,2026-09-24,betonlineag,-115,1.86957,1.75665,W,0.869565,1.52752,0.503095,,,,0.175665,True
WNBA,Rebounds,Rebounds,Under,wnba|reb|2026-09-27|1627675|rebounds|under,wnba|2026-09-27|Minnesota Lynx|New York Liberty,2026-09-27,draftkings,-137,1.72993,2.45676,W,0.729927,1.79326,0.537444,,,,0.245676,False
WNBA,Rebounds,Rebounds,Over,wnba|reb|2026-09-27|1628277|rebounds|over,wnba|2026-09-27|Atlanta Dream|Washington Mystics,2026-09-27,betonlineag,106,2.06,1.86786,L,-1,-1.86786,0.456454,,,,0.186786,False
WNBA,Rebounds,Rebounds,Under,wnba|reb|2026-09-27|1628508|rebounds|under,wnba|2026-09-27|Golden State Valkyries|Dallas Wings,2026-09-27,fanduel,-144,1.69444,1.46886,W,0.694444,1.02004,0.551074,,,,0.146886,False
WNBA,Rebounds,Rebounds,Over,wnba|reb|2026-09-27|1628909|rebounds|over,wnba|2026-09-27|Las Vegas Aces|Indiana Fever,2026-09-27,fanduel,-188,1.53191,1.2725,L,-1,-1.2725,0.61039,,,,0.12725,False
WNBA,Rebounds,Rebounds,Under,wnba|reb|2026-09-27|1628931|rebounds|under,wnba|2026-09-27|Golden State Valkyries|Dallas Wings,2026-09-27,draftkings,-119,1.84034,1.19443,W,0.840336,1.00372,0.504957,,,,0.119443,False
WNBA,Rebounds,Rebounds,Under,wnba|reb|2026-09-27|1629483|rebounds|under,wnba|2026-09-27|Minnesota Lynx|New York Liberty,2026-09-27,draftkings,106,2.06,2.40003,W,1.06,2.54403,0.451317,,,,0.240003,False
WNBA,Rebounds,Rebounds,Under,wnba|reb|2026-09-27|1629488|rebounds|under,wnba|2026-09-27|Las Vegas Aces|Indiana Fever,2026-09-27,betonlineag,100,2,3,W,1,3,0.469388,,,,0.318652,False
WNBA,Rebounds,Rebounds,Under,wnba|reb|2026-09-27|1629491|rebounds|under,wnba|2026-09-27|Golden State Valkyries|Dallas Wings,2026-09-27,fanduel,108,2.08,2.51594,W,1.08,2.71722,0.448926,,,,0.251594,False
WNBA,Rebounds,Rebounds,Under,wnba|reb|2026-09-27|1630386|rebounds|under,wnba|2026-09-27|Golden State Valkyries|Dallas Wings,2026-09-27,betonlineag,121,2.21,2.59273,W,1.21,3.1372,0.426127,,,,0.259273,False
WNBA,Rebounds,Rebounds,Under,wnba|reb|2026-09-27|1630446|rebounds|under,wnba|2026-09-27|Atlanta Dream|Washington Mystics,2026-09-27,betonlineag,-125,1.8,2.06543,L,-1,-2.06543,0.522657,,,,0.206543,False
WNBA,Rebounds,Rebounds,Over,wnba|reb|2026-09-27|1631009|rebounds|over,wnba|2026-09-27|Atlanta Dream|Washington Mystics,2026-09-27,williamhill_us,-125,1.8,1.11942,L,-1,-1.11942,0.518018,,,,0.111942,False
WNBA,Rebounds,Rebounds,Under,wnba|reb|2026-09-27|1631086|rebounds|under,wnba|2026-09-27|Las Vegas Aces|Indiana Fever,2026-09-27,draftkings,-142,1.70423,3,W,0.704225,2.11268,0.544839,,,,0.339881,False
WNBA,Rebounds,Rebounds,Under,wnba|reb|2026-09-27|1641648|rebounds|under,wnba|2026-09-27|Las Vegas Aces|Indiana Fever,2026-09-27,draftkings,103,2.03,2.05656,W,1.03,2.11826,0.458584,,,,0.205656,False
WNBA,Rebounds,Rebounds,Under,wnba|reb|2026-09-27|1641652|rebounds|under,wnba|2026-09-27|Golden State Valkyries|Dallas Wings,2026-09-27,betonlineag,-133,1.75188,2.6931,W,0.75188,2.02489,0.53677,,,,0.26931,False
WNBA,Rebounds,Rebounds,Under,wnba|reb|2026-09-27|1642291|rebounds|under,wnba|2026-09-27|Atlanta Dream|Washington Mystics,2026-09-27,draftkings,-121,1.82645,2.52878,W,0.826446,2.0899,0.507882,,,,0.252878,False
WNBA,Rebounds,Rebounds,Over,wnba|reb|2026-09-27|1642785|rebounds|over,wnba|2026-09-27|Atlanta Dream|Washington Mystics,2026-09-27,betonlineag,113,2.13,2.05975,W,1.13,2.32752,0.440985,,,,0.205975,False
WNBA,Rebounds,Rebounds,Over,wnba|reb|2026-09-27|1642792|rebounds|over,wnba|2026-09-27|Atlanta Dream|Washington Mystics,2026-09-27,betonlineag,-143,1.6993,1.08907,W,0.699301,0.761585,0.552733,,,,0.108907,False
WNBA,Rebounds,Rebounds,Under,wnba|reb|2026-09-27|1642815|rebounds|under,wnba|2026-09-27|Las Vegas Aces|Indiana Fever,2026-09-27,betonlineag,118,2.18,3,L,-1,-3,0.430713,,,,0.408407,False
WNBA,Rebounds,Rebounds,Over,wnba|reb|2026-09-27|1643427|rebounds|over,wnba|2026-09-27|Atlanta Dream|Washington Mystics,2026-09-27,betonlineag,-185,1.54054,1.43237,W,0.540541,0.774254,0.610043,,,,0.143237,False
WNBA,Rebounds,Rebounds,Under,wnba|reb|2026-09-27|201886|rebounds|under,wnba|2026-09-27|Atlanta Dream|Washington Mystics,2026-09-27,betonlineag,-125,1.8,1.32303,W,0.8,1.05842,0.522657,,,,0.132303,False
WNBA,Rebounds,Rebounds,Under,wnba|reb|2026-09-27|203825|rebounds|under,wnba|2026-09-27|Minnesota Lynx|New York Liberty,2026-09-27,betonlineag,130,2.3,1.66359,W,1.3,2.16267,0.409001,,,,0.166359,False
WNBA,Rebounds,Rebounds,Under,wnba|reb|2026-09-27|203827|rebounds|under,wnba|2026-09-27|Minnesota Lynx|New York Liberty,2026-09-27,betonlineag,-106,1.9434,1.98519,W,0.943396,1.87282,0.483561,,,,0.198519,False
WNBA,Rebounds,Rebounds,Over,wnba|reb|2026-09-27|203833|rebounds|over,wnba|2026-09-27|Las Vegas Aces|Indiana Fever,2026-09-27,draftkings,124,2.24,1.45794,W,1.24,1.80785,0.415406,,,,0.145794,False
WNBA,Rebounds,Rebounds,Under,wnba|reb|2026-09-27|203855|rebounds|under,wnba|2026-09-27|Las Vegas Aces|Indiana Fever,2026-09-27,betonlineag,-120,1.83333,2.23685,W,0.833333,1.86404,0.512315,,,,0.223685,False
WNBA,Rebounds,Rebounds,Under,wnba|reb|2026-09-27|203866|rebounds|under,wnba|2026-09-27|Golden State Valkyries|Dallas Wings,2026-09-27,draftkings,-106,1.9434,1.62127,L,-1,-1.62127,0.478233,,,,0.162127,False
WNBA,Rebounds,Rebounds,Under,wnba|reb|2026-09-27|204319|rebounds|under,wnba|2026-09-27|Las Vegas Aces|Indiana Fever,2026-09-27,betonlineag,-112,1.89286,1.61375,W,0.892857,1.44085,0.496905,,,,0.161375,False
WNBA,Rebounds,Rebounds,Under,wnba|reb|2026-09-27|204329|rebounds|under,wnba|2026-09-27|Golden State Valkyries|Dallas Wings,2026-09-27,betonlineag,119,2.19,1.66329,L,-1,-1.66329,0.429591,,,,0.166329,False
WNBA,Rebounds,Rebounds,Over,wnba|reb|2026-09-29|1627668|rebounds|over,wnba|2026-09-29|New York Liberty|Minnesota Lynx,2026-09-29,draftkings,-133,1.75188,1.36547,L,-1,-1.36547,0.530613,,,,0.136547,False
WNBA,Rebounds,Rebounds,Over,wnba|reb|2026-09-29|1628909|rebounds|over,wnba|2026-09-29|Indiana Fever|Las Vegas Aces,2026-09-29,draftkings,-143,1.6993,2.03071,L,-1,-2.03071,0.546769,,,,0.203071,False
WNBA,Rebounds,Rebounds,Under,wnba|reb|2026-09-29|1628932|rebounds|under,wnba|2026-09-29|Indiana Fever|Las Vegas Aces,2026-09-29,fanduel,-102,1.98039,1.41398,W,0.980392,1.38625,0.471842,,,,0.141398,False
WNBA,Rebounds,Rebounds,Under,wnba|reb|2026-09-29|1629483|rebounds|under,wnba|2026-09-29|New York Liberty|Minnesota Lynx,2026-09-29,draftkings,-132,1.75758,1.61916,W,0.757576,1.22664,0.528604,,,,0.161916,False
WNBA,Rebounds,Rebounds,Over,wnba|reb|2026-09-29|1630142|rebounds|over,wnba|2026-09-29|New York Liberty|Minnesota Lynx,2026-09-29,williamhill_us,-141,1.70922,1.70668,L,-1,-1.70668,0.546532,,,,0.170668,False
WNBA,Rebounds,Rebounds,Under,wnba|reb|2026-09-29|1631086|rebounds|under,wnba|2026-09-29|Indiana Fever|Las Vegas Aces,2026-09-29,draftkings,112,2.12,1.84279,L,-1,-1.84279,0.438841,,,,0.184279,False
WNBA,Rebounds,Rebounds,Under,wnba|reb|2026-09-29|1641648|rebounds|under,wnba|2026-09-29|Indiana Fever|Las Vegas Aces,2026-09-29,draftkings,-101,1.9901,1.13109,W,0.990099,1.11989,0.467371,,,,0.113109,False
WNBA,Rebounds,Rebounds,Under,wnba|reb|2026-09-29|1642815|rebounds|under,wnba|2026-09-29|Indiana Fever|Las Vegas Aces,2026-09-29,draftkings,-116,1.86207,1.33191,W,0.862069,1.1482,0.499009,,,,0.133191,False
WNBA,Rebounds,Rebounds,Under,wnba|reb|2026-09-29|203855|rebounds|under,wnba|2026-09-29|Indiana Fever|Las Vegas Aces,2026-09-29,fanduel,-144,1.69444,1.68686,L,-1,-1.68686,0.551074,,,,0.168686,False
WNBA,Rebounds,Rebounds,Over,wnba|reb|2026-09-30|1628277|rebounds|over,wnba|2026-09-30|Washington Mystics|Atlanta Dream,2026-09-30,fanduel,118,2.18,1.50902,L,-1,-1.50902,0.428258,,,,0.150902,False
WNBA,Rebounds,Rebounds,Under,wnba|reb|2026-09-30|1628508|rebounds|under,wnba|2026-09-30|Dallas Wings|Golden State Valkyries,2026-09-30,draftkings,140,2.4,3,W,1.4,4.2,0.387464,,,,0.300456,False
WNBA,Rebounds,Rebounds,Under,wnba|reb|2026-09-30|1628931|rebounds|under,wnba|2026-09-30|Dallas Wings|Golden State Valkyries,2026-09-30,fanduel,100,2,3,L,-1,-3,0.467742,,,,0.324218,False
WNBA,Rebounds,Rebounds,Under,wnba|reb|2026-09-30|1629481|rebounds|under,wnba|2026-09-30|Dallas Wings|Golden State Valkyries,2026-09-30,fanduel,118,2.18,1.12502,L,-1,-1.12502,0.428258,,,,0.112502,False
WNBA,Rebounds,Rebounds,Under,wnba|reb|2026-09-30|1629491|rebounds|under,wnba|2026-09-30|Dallas Wings|Golden State Valkyries,2026-09-30,fanduel,-125,1.8,3,W,0.8,2.4,0.519153,,,,0.377727,False
WNBA,Rebounds,Rebounds,Under,wnba|reb|2026-09-30|1630386|rebounds|under,wnba|2026-09-30|Dallas Wings|Golden State Valkyries,2026-09-30,williamhill_us,-152,1.65789,1.7517,W,0.657895,1.15243,0.56347,,,,0.17517,False
WNBA,Rebounds,Rebounds,Under,wnba|reb|2026-09-30|1641652|rebounds|under,wnba|2026-09-30|Dallas Wings|Golden State Valkyries,2026-09-30,williamhill_us,-139,1.71942,1.8199,W,0.719424,1.30928,0.54385,,,,0.18199,False
WNBA,Rebounds,Rebounds,Under,wnba|reb|2026-09-30|1642291|rebounds|under,wnba|2026-09-30|Washington Mystics|Atlanta Dream,2026-09-30,draftkings,-105,1.95238,2.85446,W,0.952381,2.71854,0.475394,,,,0.285446,False
WNBA,Rebounds,Rebounds,Under,wnba|reb|2026-09-30|1642767|rebounds|under,wnba|2026-09-30|Dallas Wings|Golden State Valkyries,2026-09-30,draftkings,114,2.14,2.91544,L,-1,-2.91544,0.434016,,,,0.291544,False
WNBA,Rebounds,Rebounds,Under,wnba|reb|2026-09-30|1642784|rebounds|under,wnba|2026-09-30|Dallas Wings|Golden State Valkyries,2026-09-30,draftkings,-169,1.59172,1.54486,W,0.591716,0.914116,0.584594,,,,0.154486,False
WNBA,Rebounds,Rebounds,Over,wnba|reb|2026-09-30|1642785|rebounds|over,wnba|2026-09-30|Washington Mystics|Atlanta Dream,2026-09-30,draftkings,-101,1.9901,1.83259,W,0.990099,1.81444,0.466581,,,,0.183259,False
WNBA,Rebounds,Rebounds,Over,wnba|reb|2026-09-30|1643427|rebounds|over,wnba|2026-09-30|Washington Mystics|Atlanta Dream,2026-09-30,betonlineag,-135,1.74074,2.35369,W,0.740741,1.74347,0.540791,,,,0.235369,False
WNBA,Rebounds,Rebounds,Under,wnba|reb|2026-09-30|203866|rebounds|under,wnba|2026-09-30|Dallas Wings|Golden State Valkyries,2026-09-30,draftkings,116,2.16,3,L,-1,-3,0.431121,,,,0.361039,False
WNBA,Rebounds,Rebounds,Over,wnba|reb|2026-10-01|1628909|rebounds|over,wnba|2026-10-01|Las Vegas Aces|Indiana Fever,2026-10-01,draftkings,-148,1.67568,1.75132,W,0.675676,1.18332,0.553828,,,,0.175132,False
WNBA,Rebounds,Rebounds,Under,wnba|reb|2026-10-01|1641648|rebounds|under,wnba|2026-10-01|Las Vegas Aces|Indiana Fever,2026-10-01,williamhill_us,-136,1.73529,1.67613,L,-1,-1.67613,0.537907,,,,0.167613,False
WNBA,Rebounds,Rebounds,Under,wnba|reb|2026-10-01|1643433|rebounds|under,wnba|2026-10-01|Las Vegas Aces|Indiana Fever,2026-10-01,fanduel,-158,1.63291,1.27058,L,-1,-1.27058,0.571742,,,,0.127058,False
WNBA,Rebounds,Rebounds,Over,wnba|reb|2026-10-01|203833|rebounds|over,wnba|2026-10-01|Las Vegas Aces|Indiana Fever,2026-10-01,fanduel,134,2.34,1.53525,W,1.34,2.05723,0.399315,,,,0.153525,False
WNBA,Rebounds,Rebounds,Under,wnba|reb|2026-10-01|203855|rebounds|under,wnba|2026-10-01|Las Vegas Aces|Indiana Fever,2026-10-01,draftkings,-115,1.86957,1.03019,V,0,0,0.496061,,,,0.103019,False
WNBA,Rebounds,Rebounds,Under,wnba|reb|2026-10-02|203866|rebounds|under,wnba|2026-10-02|Golden State Valkyries|Dallas Wings,2026-10-02,williamhill_us,-157,1.63694,1.22109,W,0.636943,0.777763,0.570011,,,,0.122109,False
WNBA,Rebounds,Rebounds,Under,wnba|reb|2026-10-02|204329|rebounds|under,wnba|2026-10-02|Golden State Valkyries|Dallas Wings,2026-10-02,draftkings,-151,1.66225,1.57532,L,-1,-1.57532,0.559348,,,,0.157532,False
WNBA,Rebounds,Rebounds,Over,wnba|reb|2026-10-04|1628277|rebounds|over,wnba|2026-10-04|Atlanta Dream|New York Liberty,2026-10-04,fanduel,100,2,1.17738,L,-1,-1.17738,0.467742,,,,0.117738,False
WNBA,Rebounds,Rebounds,Under,wnba|reb|2026-10-04|1628508|rebounds|under,wnba|2026-10-04|Golden State Valkyries|Las Vegas Aces,2026-10-04,draftkings,121,2.21,1.03851,L,-1,-1.03851,0.420869,,,,0.103851,False
WNBA,Rebounds,Rebounds,Under,wnba|reb|2026-10-04|1628931|rebounds|under,wnba|2026-10-04|Golden State Valkyries|Las Vegas Aces,2026-10-04,draftkings,117,2.17,1.00013,L,-1,-1.00013,0.428787,,,,0.100013,False
WNBA,Rebounds,Rebounds,Over,wnba|reb|2026-10-04|1629498|rebounds|over,wnba|2026-10-04|Golden State Valkyries|Las Vegas Aces,2026-10-04,fanduel,122,2.22,1.40294,L,-1,-1.40294,0.421466,,,,0.140294,False
WNBA,Rebounds,Rebounds,Over,wnba|reb|2026-10-04|1630097|rebounds|over,wnba|2026-10-04|Golden State Valkyries|Las Vegas Aces,2026-10-04,williamhill_us,-154,1.64935,1.22714,L,-1,-1.22714,0.565886,,,,0.122714,False
WNBA,Rebounds,Rebounds,Over,wnba|reb|2026-10-04|1630142|rebounds|over,wnba|2026-10-04|Atlanta Dream|New York Liberty,2026-10-04,fanduel,100,2,1.27338,W,1,1.27338,0.467742,,,,0.127338,False
WNBA,Rebounds,Rebounds,Over,wnba|reb|2026-10-04|1631007|rebounds|over,wnba|2026-10-04|Golden State Valkyries|Las Vegas Aces,2026-10-04,fanduel,-104,1.96154,1.19285,L,-1,-1.19285,0.475915,,,,0.119285,False
WNBA,Rebounds,Rebounds,Over,wnba|reb|2026-10-04|1631044|rebounds|over,wnba|2026-10-04|Atlanta Dream|New York Liberty,2026-10-04,williamhill_us,-134,1.74627,1.26015,W,0.746269,0.940407,0.535105,,,,0.126015,False
WNBA,Rebounds,Rebounds,Over,wnba|reb|2026-10-04|1631136|rebounds|over,wnba|2026-10-04|Atlanta Dream|New York Liberty,2026-10-04,fanduel,142,2.42,1.52123,W,1.42,2.16015,0.385917,,,,0.152123,False
WNBA,Rebounds,Rebounds,Under,wnba|reb|2026-10-04|1642291|rebounds|under,wnba|2026-10-04|Atlanta Dream|New York Liberty,2026-10-04,draftkings,-107,1.93458,2.3866,W,0.934579,2.23047,0.4811,,,,0.23866,False
WNBA,Rebounds,Rebounds,Under,wnba|reb|2026-10-04|1642767|rebounds|under,wnba|2026-10-04|Golden State Valkyries|Las Vegas Aces,2026-10-04,williamhill_us,-120,1.83333,1.34733,W,0.833333,1.12277,0.507987,,,,0.134733,False
WNBA,Rebounds,Rebounds,Over,wnba|reb|2026-10-04|203833|rebounds|over,wnba|2026-10-04|Golden State Valkyries|Las Vegas Aces,2026-10-04,fanduel,142,2.42,2.56123,W,1.42,3.63695,0.385917,,,,0.256123,False
WNBA,Rebounds,Rebounds,Under,wnba|reb|2026-10-04|203866|rebounds|under,wnba|2026-10-04|Golden State Valkyries|Las Vegas Aces,2026-10-04,williamhill_us,-125,1.8,2.22662,L,-1,-2.22662,0.518018,,,,0.222662,False
WNBA,Rebounds,Rebounds,Over,wnba|reb|2026-10-04|204319|rebounds|over,wnba|2026-10-04|Golden State Valkyries|Las Vegas Aces,2026-10-04,fanduel,122,2.22,2.46374,L,-1,-2.46374,0.421466,,,,0.246374,False
WNBA,Rebounds,Rebounds,Over,wnba|reb|2026-10-04|204323|rebounds|over,wnba|2026-10-04|Golden State Valkyries|Las Vegas Aces,2026-10-04,betonlineag,102,2.02,1.19054,L,-1,-1.19054,0.465266,,,,0.119054,False
